month,provider_code,provider_name,total_waiting,within_18_weeks,pct_within_18_weeks,median_wait_weeks,p92_wait_weeks,over_52_weeks,over_65_weeks,over_78_weeks,england_pct_within_18_weeks,difference_vs_england,rank_within_18_weeks
2024-04-01,RCF,AIREDALE NHS FOUNDATION TRUST,301,281,93.35548172757476,7.65789473684211,15.6533333333333,0,0,0,65.15442490751133,28.201056820063428,16.0
2024-04-01,RBS,ALDER HEY CHILDREN'S NHS FOUNDATION TRUST,0,0,,,,0,0,0,65.15442490751133,,
2024-04-01,RTK,ASHFORD AND ST PETER'S HOSPITALS NHS FOUNDATION TRUST,193,176,91.19170984455958,5.5,18.39,0,0,0,65.15442490751133,26.037284937048256,17.0
2024-04-01,RF4,"BARKING, HAVERING AND REDBRIDGE UNIVERSITY HOSPITALS NHS TRUST",1263,918,72.68408551068883,10.9117647058824,29.9973333333333,11,3,0,65.15442490751133,7.529660603177504,62.0
2024-04-01,RFF,BARNSLEY HOSPITAL NHS FOUNDATION TRUST,196,175,89.28571428571429,5.23076923076923,20.58,0,0,0,65.15442490751133,24.131289378202965,20.0
2024-04-01,R1H,BARTS HEALTH NHS TRUST,1043,895,85.81016299137104,6.77717391304348,25.39,7,2,0,65.15442490751133,20.655738083859717,33.0
2024-04-01,RC9,BEDFORDSHIRE HOSPITALS NHS FOUNDATION TRUST,1093,939,85.9103385178408,9.04464285714286,25.0509090909091,5,2,0,65.15442490751133,20.755913610329472,32.0
2024-04-01,RWX,BERKSHIRE HEALTHCARE NHS FOUNDATION TRUST,0,0,,,,0,0,0,65.15442490751133,,
2024-04-01,RYW,BIRMINGHAM COMMUNITY HEALTHCARE NHS FOUNDATION TRUST,0,0,,,,0,0,0,65.15442490751133,,
2024-04-01,RQ3,BIRMINGHAM WOMEN'S AND CHILDREN'S NHS FOUNDATION TRUST,0,0,,,,0,0,0,65.15442490751133,,
2024-04-01,RXL,BLACKPOOL TEACHING HOSPITALS NHS FOUNDATION TRUST,808,476,58.91089108910891,14.3461538461538,35.8177777777778,1,0,0,65.15442490751133,-6.243533818402419,88.0
2024-04-01,RMC,BOLTON NHS FOUNDATION TRUST,1112,436,39.20863309352518,24.7058823529412,57.46,155,0,0,65.15442490751133,-25.945791813986148,115.0
2024-04-01,TAD,BRADFORD DISTRICT CARE NHS FOUNDATION TRUST,0,0,,,,0,0,0,65.15442490751133,,
2024-04-01,RAE,BRADFORD TEACHING HOSPITALS NHS FOUNDATION TRUST,378,329,87.03703703703704,4.58823529411765,20.595,0,0,0,65.15442490751133,21.88261212952571,27.0
2024-04-01,RXQ,BUCKINGHAMSHIRE HEALTHCARE NHS TRUST,985,548,55.63451776649746,14.875,41.7333333333333,2,0,0,65.15442490751133,-9.519907141013867,97.0
2024-04-01,RWY,CALDERDALE AND HUDDERSFIELD NHS FOUNDATION TRUST,925,715,77.29729729729729,9.75925925925926,26.6923076923077,0,0,0,65.15442490751133,12.142872389785964,55.0
2024-04-01,RGT,CAMBRIDGE UNIVERSITY HOSPITALS NHS FOUNDATION TRUST,1758,1366,77.7019340159272,9.11111111111111,27.6505263157895,6,0,0,65.15442490751133,12.547509108415866,51.0
2024-04-01,RT1,CAMBRIDGESHIRE AND PETERBOROUGH NHS FOUNDATION TRUST,0,0,,,,0,0,0,65.15442490751133,,
2024-04-01,RV3,CENTRAL AND NORTH WEST LONDON NHS FOUNDATION TRUST,0,0,,,,0,0,0,65.15442490751133,,
2024-04-01,RQM,CHELSEA AND WESTMINSTER HOSPITAL NHS FOUNDATION TRUST,1437,723,50.31315240083507,17.3571428571429,48.5317647058824,59,0,0,65.15442490751133,-14.841272506676255,105.0
2024-04-01,RFS,CHESTERFIELD ROYAL HOSPITAL NHS FOUNDATION TRUST,838,447,53.341288782816235,16.4166666666667,36.9933333333333,5,2,0,65.15442490751133,-11.813136124695092,100.0
2024-04-01,RJ8,CORNWALL PARTNERSHIP NHS FOUNDATION TRUST,0,0,,,,0,0,0,65.15442490751133,,
2024-04-01,RJR,COUNTESS OF CHESTER HOSPITAL NHS FOUNDATION TRUST,590,307,52.03389830508475,15.8333333333333,48.36,21,0,0,65.15442490751133,-13.12052660242658,102.0
2024-04-01,RXP,COUNTY DURHAM AND DARLINGTON NHS FOUNDATION TRUST,903,381,42.19269102990033,21.3863636363636,43.68,16,0,0,65.15442490751133,-22.961733877610996,114.0
2024-04-01,RJ6,CROYDON HEALTH SERVICES NHS TRUST,823,686,83.35358444714458,8.65555555555556,22.1436363636364,0,0,0,65.15442490751133,18.199159539633257,39.0
2024-04-01,RX4,"CUMBRIA, NORTHUMBERLAND, TYNE AND WEAR NHS FOUNDATION TRUST",0,0,,,,0,0,0,65.15442490751133,,
2024-04-01,RN7,DARTFORD AND GRAVESHAM NHS TRUST,0,0,,,,0,0,0,65.15442490751133,,
2024-04-01,RP5,DONCASTER AND BASSETLAW TEACHING HOSPITALS NHS FOUNDATION TRUST,983,680,69.17599186164801,10.8636363636364,28.9573333333333,2,0,0,65.15442490751133,4.021566954136688,74.0
2024-04-01,RBD,DORSET COUNTY HOSPITAL NHS FOUNDATION TRUST,148,146,98.64864864864865,4.7,12.08,0,0,0,65.15442490751133,33.49422374113732,2.0
2024-04-01,RWH,EAST AND NORTH HERTFORDSHIRE NHS TRUST,1244,701,56.35048231511254,14.8947368421053,36.2485714285714,8,1,0,65.15442490751133,-8.80394259239879,95.0
2024-04-01,RJN,EAST CHESHIRE NHS TRUST,0,0,,,,0,0,0,65.15442490751133,,
2024-04-01,RVV,EAST KENT HOSPITALS UNIVERSITY NHS FOUNDATION TRUST,2872,1310,45.61281337047354,20.3125,39.9661538461539,3,0,0,65.15442490751133,-19.541611537037788,109.0
2024-04-01,RXR,EAST LANCASHIRE HOSPITALS NHS TRUST,1445,652,45.121107266435985,20.7954545454545,43.8105263157895,19,0,0,65.15442490751133,-20.033317641075342,111.0
2024-04-01,RDE,EAST SUFFOLK AND NORTH ESSEX NHS FOUNDATION TRUST,951,892,93.79600420609884,5.78289473684211,16.1946666666667,0,0,0,65.15442490751133,28.641579298587516,13.0
2024-04-01,RXC,EAST SUSSEX HEALTHCARE NHS TRUST,476,340,71.42857142857143,11.0909090909091,28.9866666666667,3,0,0,65.15442490751133,6.2741465210601035,68.0
2024-04-01,RVR,EPSOM AND ST HELIER UNIVERSITY HOSPITALS NHS TRUST,584,424,72.6027397260274,9.71428571428571,33.76,11,0,0,65.15442490751133,7.448314818516067,63.0
2024-04-01,R1L,ESSEX PARTNERSHIP UNIVERSITY NHS FOUNDATION TRUST,0,0,,,,0,0,0,65.15442490751133,,
2024-04-01,RDU,FRIMLEY HEALTH NHS FOUNDATION TRUST,906,718,79.24944812362031,8.82978723404255,27.704,2,0,0,65.15442490751133,14.095023216108984,46.0
2024-04-01,RR7,GATESHEAD HEALTH NHS FOUNDATION TRUST,363,314,86.50137741046832,7.59523809523809,22.592,1,0,0,65.15442490751133,21.346952502956995,29.0
2024-04-01,RLT,GEORGE ELIOT HOSPITAL NHS TRUST,106,70,66.0377358490566,15.0,29.88,0,0,0,65.15442490751133,0.8833109415452753,76.0
2024-04-01,RTE,GLOUCESTERSHIRE HOSPITALS NHS FOUNDATION TRUST,1105,687,62.171945701357465,12.3653846153846,37.2363636363636,9,2,0,65.15442490751133,-2.9824792061538616,83.0
2024-04-01,RP4,GREAT ORMOND STREET HOSPITAL FOR CHILDREN NHS FOUNDATION TRUST,0,0,,,,0,0,0,65.15442490751133,,
2024-04-01,RN3,GREAT WESTERN HOSPITALS NHS FOUNDATION TRUST,287,273,95.1219512195122,3.51470588235294,14.208,1,0,0,65.15442490751133,29.96752631200087,10.0
2024-04-01,RJ1,GUY'S AND ST THOMAS' NHS FOUNDATION TRUST,854,619,72.48243559718969,9.875,28.335,1,0,0,65.15442490751133,7.328010689678365,64.0
2024-04-01,RN5,HAMPSHIRE HOSPITALS NHS FOUNDATION TRUST,1785,954,53.445378151260506,15.775,38.6454545454545,6,1,0,65.15442490751133,-11.709046756250821,99.0
2024-04-01,RCD,HARROGATE AND DISTRICT NHS FOUNDATION TRUST,403,359,89.0818858560794,6.57407407407407,20.352,0,0,0,65.15442490751133,23.92746094856807,22.0
2024-04-01,R1A,HEREFORDSHIRE AND WORCESTERSHIRE HEALTH AND CARE NHS TRUST,0,0,,,,0,0,0,65.15442490751133,,
2024-04-01,RQX,HOMERTON HEALTHCARE NHS FOUNDATION TRUST,163,154,94.47852760736197,3.97222222222222,14.3266666666667,0,0,0,65.15442490751133,29.32410269985064,12.0
2024-04-01,RWA,HULL UNIVERSITY TEACHING HOSPITALS NHS TRUST,2250,849,37.733333333333334,24.6285714285714,49.2758620689655,87,0,0,65.15442490751133,-27.421091574177993,117.0
2024-04-01,RYJ,IMPERIAL COLLEGE HEALTHCARE NHS TRUST,1226,868,70.79934747145188,11.4259259259259,33.3946666666667,4,0,0,65.15442490751133,5.644922563940554,72.0
2024-04-01,R1F,ISLE OF WIGHT NHS TRUST,157,150,95.54140127388536,7.125,13.8133333333333,0,0,0,65.15442490751133,30.38697636637403,7.0
2024-04-01,RGP,JAMES PAGET UNIVERSITY HOSPITALS NHS FOUNDATION TRUST,468,334,71.36752136752136,11.3333333333333,27.52,0,0,0,65.15442490751133,6.213096460010036,69.0
2024-04-01,RYY,KENT COMMUNITY HEALTH NHS FOUNDATION TRUST,0,0,,,,0,0,0,65.15442490751133,,
2024-04-01,RNQ,KETTERING GENERAL HOSPITAL NHS FOUNDATION TRUST,675,595,88.14814814814815,7.26041666666667,22.0909090909091,0,0,0,65.15442490751133,22.993723240636825,25.0
2024-04-01,RJZ,KING'S COLLEGE HOSPITAL NHS FOUNDATION TRUST,1455,1109,76.21993127147766,8.375,32.575,6,0,0,65.15442490751133,11.065506363966335,59.0
2024-04-01,RAX,KINGSTON HOSPITAL NHS FOUNDATION TRUST,506,393,77.66798418972331,12.78,22.4109090909091,0,0,0,65.15442490751133,12.513559282211986,52.0
2024-04-01,RW5,LANCASHIRE & SOUTH CUMBRIA NHS FOUNDATION TRUST,335,320,95.52238805970148,4.734375,15.5857142857143,0,0,0,65.15442490751133,30.367963152190157,8.0
2024-04-01,RXN,LANCASHIRE TEACHING HOSPITALS NHS FOUNDATION TRUST,0,0,,,,0,0,0,65.15442490751133,,
2024-04-01,RY6,LEEDS COMMUNITY HEALTHCARE NHS TRUST,0,0,,,,0,0,0,65.15442490751133,,
2024-04-01,RR8,LEEDS TEACHING HOSPITALS NHS TRUST,2107,1791,85.00237304224015,7.86082474226804,20.4375510204082,0,0,0,65.15442490751133,19.847948134728824,35.0
2024-04-01,RJ2,LEWISHAM AND GREENWICH NHS TRUST,1042,824,79.07869481765835,8.56521739130435,29.3771428571429,8,1,0,65.15442490751133,13.924269910147018,48.0
2024-04-01,RP7,LINCOLNSHIRE PARTNERSHIP NHS FOUNDATION TRUST,0,0,,,,0,0,0,65.15442490751133,,
2024-04-01,RBQ,LIVERPOOL HEART AND CHEST HOSPITAL NHS FOUNDATION TRUST,0,0,,,,0,0,0,65.15442490751133,,
2024-04-01,REM,LIVERPOOL UNIVERSITY HOSPITALS NHS FOUNDATION TRUST,613,542,88.41761827079935,6.69512195121951,20.1721739130435,0,0,0,65.15442490751133,23.263193363288025,23.0
2024-04-01,REP,LIVERPOOL WOMEN'S NHS FOUNDATION TRUST,0,0,,,,0,0,0,65.15442490751133,,
2024-04-01,R1K,LONDON NORTH WEST UNIVERSITY HEALTHCARE NHS TRUST,835,646,77.36526946107784,7.52439024390244,25.68,0,0,0,65.15442490751133,12.210844553566517,54.0
2024-04-01,RWF,MAIDSTONE AND TUNBRIDGE WELLS NHS TRUST,841,664,78.95362663495838,9.25675675675676,24.6742857142857,0,0,0,65.15442490751133,13.799201727447056,49.0
2024-04-01,R0A,MANCHESTER UNIVERSITY NHS FOUNDATION TRUST,1699,1429,84.10829899941142,8.08854166666667,23.9488888888889,3,0,0,65.15442490751133,18.95387409190009,36.0
2024-04-01,RPA,MEDWAY NHS FOUNDATION TRUST,3270,1262,38.59327217125382,23.8636363636364,43.6439024390244,24,0,0,65.15442490751133,-26.561152736257505,116.0
2024-04-01,RBN,MERSEY AND WEST LANCASHIRE TEACHING HOSPITALS NHS TRUST,934,670,71.73447537473233,9.18181818181818,32.44,9,2,0,65.15442490751133,6.580050467221,66.0
2024-04-01,RW4,MERSEY CARE NHS FOUNDATION TRUST,0,0,,,,0,0,0,65.15442490751133,,
2024-04-01,RAJ,MID AND SOUTH ESSEX NHS FOUNDATION TRUST,2559,1531,59.82805783509183,14.425,39.5268965517241,19,3,0,65.15442490751133,-5.326367072419494,87.0
2024-04-01,RBT,MID CHESHIRE HOSPITALS NHS FOUNDATION TRUST,1397,388,27.773801002147458,33.2894736842105,58.8896,238,42,0,65.15442490751133,-37.38062390536387,121.0
2024-04-01,RXF,MID YORKSHIRE TEACHING NHS TRUST,963,563,58.46313603322949,14.4375,34.7733333333333,1,0,0,65.15442490751133,-6.691288874281838,89.0
2024-04-01,RRE,MIDLANDS PARTNERSHIP NHS FOUNDATION TRUST,4578,4367,95.39100043687199,2.55723905723906,13.0424615384615,0,0,0,65.15442490751133,30.236575529360664,9.0
2024-04-01,RD8,MILTON KEYNES UNIVERSITY HOSPITAL NHS FOUNDATION TRUST,854,276,32.31850117096019,23.5428571428571,45.71,15,2,0,65.15442490751133,-32.83592373655114,120.0
2024-04-01,RP6,MOORFIELDS EYE HOSPITAL NHS FOUNDATION TRUST,0,0,,,,0,0,0,65.15442490751133,,
2024-04-01,RM1,NORFOLK AND NORWICH UNIVERSITY HOSPITALS NHS FOUNDATION TRUST,1110,932,83.96396396396396,7.32258064516129,25.7333333333333,0,0,0,65.15442490751133,18.809539056452635,37.0
2024-04-01,RVJ,NORTH BRISTOL NHS TRUST,544,493,90.625,5.72222222222222,19.2114285714286,0,0,0,65.15442490751133,25.470575092488673,18.0
2024-04-01,RNN,NORTH CUMBRIA INTEGRATED CARE NHS FOUNDATION TRUST,883,394,44.620611551528874,19.8142857142857,40.67,16,1,0,65.15442490751133,-20.533813355982453,112.0
2024-04-01,RAP,NORTH MIDDLESEX UNIVERSITY HOSPITAL NHS TRUST,410,349,85.1219512195122,8.1304347826087,22.8,0,0,0,65.15442490751133,19.96752631200087,34.0
2024-04-01,RVW,NORTH TEES AND HARTLEPOOL NHS FOUNDATION TRUST,531,310,58.3804143126177,14.2619047619048,30.44,2,1,0,65.15442490751133,-6.774010594893625,90.0
2024-04-01,RGN,NORTH WEST ANGLIA NHS FOUNDATION TRUST,1748,789,45.13729977116705,20.6176470588235,48.5388235294118,86,1,0,65.15442490751133,-20.017125136344276,110.0
2024-04-01,RNS,NORTHAMPTON GENERAL HOSPITAL NHS TRUST,507,436,85.99605522682445,8.7962962962963,23.244,0,0,0,65.15442490751133,20.841630319313126,30.0
2024-04-01,RM3,NORTHERN CARE ALLIANCE NHS FOUNDATION TRUST,2623,1249,47.617232176896685,19.2924528301887,44.6223529411765,58,1,0,65.15442490751133,-17.537192730614642,108.0
2024-04-01,RJL,NORTHERN LINCOLNSHIRE AND GOOLE NHS FOUNDATION TRUST,894,561,62.751677852349,12.9615384615385,30.8986666666667,2,1,0,65.15442490751133,-2.4027470551623296,82.0
2024-04-01,RTF,NORTHUMBRIA HEALTHCARE NHS FOUNDATION TRUST,979,724,73.95301327885598,10.7325581395349,27.64,0,0,0,65.15442490751133,8.79858837134465,61.0
2024-04-01,RX1,NOTTINGHAM UNIVERSITY HOSPITALS NHS TRUST,491,444,90.4276985743381,5.60344827586207,19.96,0,0,0,65.15442490751133,25.273273666826768,19.0
2024-04-01,RTH,OXFORD UNIVERSITY HOSPITALS NHS FOUNDATION TRUST,2128,1393,65.46052631578947,12.7882352941176,34.52,30,2,0,65.15442490751133,0.30610140827813836,77.0
2024-04-01,RPG,OXLEAS NHS FOUNDATION TRUST,0,0,,,,0,0,0,65.15442490751133,,
2024-04-01,RHU,PORTSMOUTH HOSPITALS UNIVERSITY NATIONAL HEALTH SERVICE TRUST,490,470,95.91836734693877,4.96551724137931,13.6444444444444,1,0,0,65.15442490751133,30.76394243942744,5.0
2024-04-01,RPC,QUEEN VICTORIA HOSPITAL NHS FOUNDATION TRUST,39,29,74.35897435897436,12.1666666666667,28.72,0,0,0,65.15442490751133,9.204549451463038,60.0
2024-04-01,RHW,ROYAL BERKSHIRE NHS FOUNDATION TRUST,147,123,83.6734693877551,9.47222222222222,22.24,0,0,0,65.15442490751133,18.519044480243778,38.0
2024-04-01,REF,ROYAL CORNWALL HOSPITALS NHS TRUST,489,458,93.66053169734151,6.09722222222222,15.94,0,0,0,65.15442490751133,28.506106789830184,15.0
2024-04-01,RH8,ROYAL DEVON UNIVERSITY HEALTHCARE NHS FOUNDATION TRUST,750,609,81.2,8.75555555555556,25.4,2,0,0,65.15442490751133,16.045575092488676,43.0
2024-04-01,RAL,ROYAL FREE LONDON NHS FOUNDATION TRUST,2345,1416,60.38379530916844,13.516393442623,39.5783783783784,10,1,0,65.15442490751133,-4.770629598342886,85.0
2024-04-01,RAN,ROYAL NATIONAL ORTHOPAEDIC HOSPITAL NHS TRUST,135,106,78.51851851851852,9.375,24.6,0,0,0,65.15442490751133,13.364093611007192,50.0
2024-04-01,RGM,ROYAL PAPWORTH HOSPITAL NHS FOUNDATION TRUST,0,0,,,,0,0,0,65.15442490751133,,
2024-04-01,RA2,ROYAL SURREY COUNTY HOSPITAL NHS FOUNDATION TRUST,277,196,70.7581227436823,5.77272727272727,28.2044444444444,2,1,1,65.15442490751133,5.60369783617098,73.0
2024-04-01,RD1,ROYAL UNITED HOSPITALS BATH NHS FOUNDATION TRUST,1268,1004,79.17981072555204,9.57407407407407,23.3452631578947,0,0,0,65.15442490751133,14.025385818040718,47.0
2024-04-01,RNZ,SALISBURY NHS FOUNDATION TRUST,370,284,76.75675675675676,10.8888888888889,31.4666666666667,0,0,0,65.15442490751133,11.60233184924543,58.0
2024-04-01,RXK,SANDWELL AND WEST BIRMINGHAM HOSPITALS NHS TRUST,794,492,61.96473551637279,11.6666666666667,46.8061538461538,30,5,0,65.15442490751133,-3.1896893911385362,84.0
2024-04-01,RCU,SHEFFIELD CHILDREN'S NHS FOUNDATION TRUST,0,0,,,,0,0,0,65.15442490751133,,
2024-04-01,RHQ,SHEFFIELD TEACHING HOSPITALS NHS FOUNDATION TRUST,1023,889,86.90127077223852,7.15957446808511,21.1661538461539,3,3,2,65.15442490751133,21.74684586472719,28.0
2024-04-01,RK5,SHERWOOD FOREST HOSPITALS NHS FOUNDATION TRUST,381,306,80.31496062992126,8.15625,25.63,0,0,0,65.15442490751133,15.160535722409932,44.0
2024-04-01,R1D,SHROPSHIRE COMMUNITY HEALTH NHS TRUST,16,15,93.75,,,0,0,0,65.15442490751133,28.595575092488673,14.0
2024-04-01,R1C,SOLENT NHS TRUST,0,0,,,,0,0,0,65.15442490751133,,
2024-04-01,RH5,SOMERSET NHS FOUNDATION TRUST,921,589,63.952225841476654,12.25,38.464,10,3,0,65.15442490751133,-1.202199066034673,79.0
2024-04-01,RTR,SOUTH TEES HOSPITALS NHS FOUNDATION TRUST,1288,827,64.20807453416148,12.3478260869565,36.495,9,0,0,65.15442490751133,-0.9463503733498442,78.0
2024-04-01,R0B,SOUTH TYNESIDE AND SUNDERLAND NHS FOUNDATION TRUST,1033,844,81.70377541142304,8.97321428571429,22.98,0,0,0,65.15442490751133,16.54935050391171,42.0
2024-04-01,RJC,SOUTH WARWICKSHIRE UNIVERSITY NHS FOUNDATION TRUST,862,612,70.99767981438515,11.09375,33.78,0,0,0,65.15442490751133,5.843254906873824,70.0
2024-04-01,RXG,SOUTH WEST YORKSHIRE PARTNERSHIP NHS FOUNDATION TRUST,0,0,,,,0,0,0,65.15442490751133,,
2024-04-01,RW1,SOUTHERN HEALTH NHS FOUNDATION TRUST,100,99,99.0,7.08333333333333,14.4,0,0,0,65.15442490751133,33.84557509248867,1.0
2024-04-01,RJ7,ST GEORGE'S UNIVERSITY HOSPITALS NHS FOUNDATION TRUST,856,701,81.89252336448598,7.0,27.352,2,0,0,65.15442490751133,16.738098456974654,40.0
2024-04-01,RWJ,STOCKPORT NHS FOUNDATION TRUST,825,526,63.75757575757576,11.828125,33.7272727272727,3,0,0,65.15442490751133,-1.3968491499355693,80.0
2024-04-01,RTP,SURREY AND SUSSEX HEALTHCARE NHS TRUST,495,354,71.51515151515152,10.025,32.44,0,0,0,65.15442490751133,6.3607266076401885,67.0
2024-04-01,RDR,SUSSEX COMMUNITY NHS FOUNDATION TRUST,140,137,97.85714285714285,6.83333333333333,13.9333333333333,0,0,0,65.15442490751133,32.70271794963152,3.0
2024-04-01,RMP,TAMESIDE AND GLOSSOP INTEGRATED CARE NHS FOUNDATION TRUST,295,263,89.15254237288136,5.08333333333333,24.4,0,0,0,65.15442490751133,23.99811746537003,21.0
2024-04-01,RBV,THE CHRISTIE NHS FOUNDATION TRUST,0,0,,,,0,0,0,65.15442490751133,,
2024-04-01,REN,THE CLATTERBRIDGE CANCER CENTRE NHS FOUNDATION TRUST,0,0,,,,0,0,0,65.15442490751133,,
2024-04-01,RNA,THE DUDLEY GROUP NHS FOUNDATION TRUST,1092,687,62.91208791208791,12.75,37.8033333333333,10,0,0,65.15442490751133,-2.2423369954234147,81.0
2024-04-01,RAS,THE HILLINGDON HOSPITALS NHS FOUNDATION TRUST,756,145,19.17989417989418,31.21875,46.0742857142857,21,0,0,65.15442490751133,-45.97453072761715,122.0
2024-04-01,RTD,THE NEWCASTLE UPON TYNE HOSPITALS NHS FOUNDATION TRUST,1056,592,56.060606060606055,14.3529411764706,49.768,77,2,0,65.15442490751133,-9.093818846905272,96.0
2024-04-01,RQW,THE PRINCESS ALEXANDRA HOSPITAL NHS TRUST,522,184,35.24904214559387,25.5,58.7490909090909,88,15,3,65.15442490751133,-29.90538276191746,118.0
2024-04-01,RCX,"THE QUEEN ELIZABETH HOSPITAL, KING'S LYNN, NHS FOUNDATION TRUST",825,470,56.96969696969697,14.6730769230769,33.0909090909091,0,0,0,65.15442490751133,-8.184727937814358,94.0
2024-04-01,RL1,THE ROBERT JONES AND AGNES HUNT ORTHOPAEDIC HOSPITAL NHS FOUNDATION TRUST,1567,756,48.245054243777915,19.297619047619,50.782,110,0,0,65.15442490751133,-16.909370663733412,107.0
2024-04-01,RFR,THE ROTHERHAM NHS FOUNDATION TRUST,526,452,85.93155893536122,6.25925925925926,20.3015384615385,0,0,0,65.15442490751133,20.777134027849897,31.0
2024-04-01,RPY,THE ROYAL MARSDEN NHS FOUNDATION TRUST,0,0,,,,0,0,0,65.15442490751133,,
2024-04-01,RRJ,THE ROYAL ORTHOPAEDIC HOSPITAL NHS FOUNDATION TRUST,0,0,,,,0,0,0,65.15442490751133,,
2024-04-01,RL4,THE ROYAL WOLVERHAMPTON NHS TRUST,3544,1860,52.48306997742663,16.0641025641026,37.2832432432432,7,0,0,65.15442490751133,-12.671354930084696,101.0
2024-04-01,RXW,THE SHREWSBURY AND TELFORD HOSPITAL NHS TRUST,0,0,,,,0,0,0,65.15442490751133,,
2024-04-01,RET,THE WALTON CENTRE NHS FOUNDATION TRUST,0,0,,,,0,0,0,65.15442490751133,,
2024-04-01,RA9,TORBAY AND SOUTH DEVON NHS FOUNDATION TRUST,523,496,94.83747609942638,5.625,15.645,0,0,0,65.15442490751133,29.683051191915055,11.0
2024-04-01,RWD,UNITED LINCOLNSHIRE HOSPITALS NHS TRUST,1974,682,34.549138804457954,28.3030303030303,55.0044444444445,238,2,0,65.15442490751133,-30.605286103053373,119.0
2024-04-01,RRV,UNIVERSITY COLLEGE LONDON HOSPITALS NHS FOUNDATION TRUST,1472,842,57.20108695652174,14.2459016393443,43.9457142857143,50,3,0,65.15442490751133,-7.953337950989585,92.0
2024-04-01,RHM,UNIVERSITY HOSPITAL SOUTHAMPTON NHS FOUNDATION TRUST,583,513,87.99313893653516,7.75806451612903,21.472,0,0,0,65.15442490751133,22.838714029023834,26.0
2024-04-01,RRK,UNIVERSITY HOSPITALS BIRMINGHAM NHS FOUNDATION TRUST,953,764,80.16789087093389,8.01388888888889,26.1266666666667,2,1,0,65.15442490751133,15.013465963422561,45.0
2024-04-01,RA7,UNIVERSITY HOSPITALS BRISTOL AND WESTON NHS FOUNDATION TRUST,914,630,68.9277899343545,10.9782608695652,36.176,2,0,0,65.15442490751133,3.773365026843166,75.0
2024-04-01,RKB,UNIVERSITY HOSPITALS COVENTRY AND WARWICKSHIRE NHS TRUST,432,417,96.52777777777779,3.95555555555556,13.4933333333333,0,0,0,65.15442490751133,31.37335287026646,4.0
2024-04-01,R0D,UNIVERSITY HOSPITALS DORSET NHS FOUNDATION TRUST,971,748,77.03398558187435,9.36486486486486,24.5303703703704,0,0,0,65.15442490751133,11.87956067436302,57.0
2024-04-01,RTG,UNIVERSITY HOSPITALS OF DERBY AND BURTON NHS FOUNDATION TRUST,2861,1448,50.611674239776306,17.4354838709677,40.8248888888889,55,8,0,65.15442490751133,-14.542750667735021,103.0
2024-04-01,RWE,UNIVERSITY HOSPITALS OF LEICESTER NHS TRUST,2908,2063,70.94222833562586,10.609756097561,31.4069565217391,1,0,0,65.15442490751133,5.787803428114529,71.0
2024-04-01,RTX,UNIVERSITY HOSPITALS OF MORECAMBE BAY NHS FOUNDATION TRUST,699,669,95.70815450643777,5.46923076923077,15.0830769230769,0,0,0,65.15442490751133,30.553729598926438,6.0
2024-04-01,RJE,UNIVERSITY HOSPITALS OF NORTH MIDLANDS NHS TRUST,0,0,,,,0,0,0,65.15442490751133,,
2024-04-01,RK9,UNIVERSITY HOSPITALS PLYMOUTH NHS TRUST,397,286,72.04030226700252,7.29545454545455,46.62,19,0,0,65.15442490751133,6.8858773594911895,65.0
2024-04-01,RYR,UNIVERSITY HOSPITALS SUSSEX NHS FOUNDATION TRUST,2080,911,43.79807692307692,21.9655172413793,48.9764705882353,111,8,0,65.15442490751133,-21.356347984434407,113.0
2024-04-01,RBK,WALSALL HEALTHCARE NHS TRUST,1160,568,48.96551724137931,18.6,37.76,9,0,0,65.15442490751133,-16.188907666132017,106.0
2024-04-01,RWW,WARRINGTON AND HALTON TEACHING HOSPITALS NHS FOUNDATION TRUST,579,474,81.86528497409327,8.42592592592593,21.9753846153846,0,0,0,65.15442490751133,16.710860066581944,41.0
2024-04-01,RWG,WEST HERTFORDSHIRE TEACHING HOSPITALS NHS TRUST,842,453,53.80047505938242,15.8823529411765,57.964,95,3,0,65.15442490751133,-11.353949848128906,98.0
2024-04-01,RKL,WEST LONDON NHS TRUST,0,0,,,,0,0,0,65.15442490751133,,
2024-04-01,RGR,WEST SUFFOLK NHS FOUNDATION TRUST,335,296,88.35820895522389,3.85526315789474,22.44,1,0,0,65.15442490751133,23.20378404771256,24.0
2024-04-01,RKE,WHITTINGTON HEALTH NHS TRUST,409,207,50.61124694376527,16.9736842105263,37.6114285714286,5,0,0,65.15442490751133,-14.543177963746054,104.0
2024-04-01,RBL,WIRRAL UNIVERSITY TEACHING HOSPITAL NHS FOUNDATION TRUST,814,472,57.98525798525799,14.1666666666667,39.08,1,0,0,65.15442490751133,-7.169166922253339,91.0
2024-04-01,RWP,WORCESTERSHIRE ACUTE HOSPITALS NHS TRUST,1057,604,57.14285714285714,14.54,34.6028571428571,0,0,0,65.15442490751133,-8.011567764654188,93.0
2024-04-01,RRF,"WRIGHTINGTON, WIGAN AND LEIGH NHS FOUNDATION TRUST",1167,901,77.20651242502143,9.84883720930233,27.455,3,0,0,65.15442490751133,12.052087517510103,56.0
2024-04-01,RLQ,WYE VALLEY NHS TRUST,440,265,60.22727272727273,14.5384615384615,33.4222222222222,0,0,0,65.15442490751133,-4.9271521802386005,86.0
2024-04-01,RCB,YORK AND SCARBOROUGH TEACHING HOSPITALS NHS FOUNDATION TRUST,555,431,77.65765765765765,9.609375,29.325,5,0,0,65.15442490751133,12.503232750146324,53.0
2024-05-01,RCF,AIREDALE NHS FOUNDATION TRUST,323,293,90.71207430340557,6.55882352941176,18.3466666666667,0,0,0,66.44748813127553,24.264586172130038,21.0
2024-05-01,RBS,ALDER HEY CHILDREN'S NHS FOUNDATION TRUST,0,0,,,,0,0,0,66.44748813127553,,
2024-05-01,RTK,ASHFORD AND ST PETER'S HOSPITALS NHS FOUNDATION TRUST,226,204,90.2654867256637,3.85714285714286,19.48,0,0,0,66.44748813127553,23.817998594388172,22.0
2024-05-01,RF4,"BARKING, HAVERING AND REDBRIDGE UNIVERSITY HOSPITALS NHS TRUST",1169,850,72.71171941830625,11.375,31.685,17,5,0,66.44748813127553,6.264231287030711,69.0
2024-05-01,RFF,BARNSLEY HOSPITAL NHS FOUNDATION TRUST,175,167,95.42857142857143,4.20454545454545,13.6666666666667,0,0,0,66.44748813127553,28.981083297295896,12.0
2024-05-01,R1H,BARTS HEALTH NHS TRUST,967,809,83.66080661840745,7.45967741935484,27.16,6,0,0,66.44748813127553,17.213318487131914,43.0
2024-05-01,RC9,BEDFORDSHIRE HOSPITALS NHS FOUNDATION TRUST,1078,894,82.93135435992579,9.5593220338983,26.5542857142857,6,3,0,66.44748813127553,16.483866228650257,45.0
2024-05-01,RWX,BERKSHIRE HEALTHCARE NHS FOUNDATION TRUST,0,0,,,,0,0,0,66.44748813127553,,
2024-05-01,RYW,BIRMINGHAM COMMUNITY HEALTHCARE NHS FOUNDATION TRUST,0,0,,,,0,0,0,66.44748813127553,,
2024-05-01,RQ3,BIRMINGHAM WOMEN'S AND CHILDREN'S NHS FOUNDATION TRUST,0,0,,,,0,0,0,66.44748813127553,,
2024-05-01,RXL,BLACKPOOL TEACHING HOSPITALS NHS FOUNDATION TRUST,833,489,58.70348139255702,14.9347826086957,33.6981818181818,1,0,0,66.44748813127553,-7.744006738718511,92.0
2024-05-01,RMC,BOLTON NHS FOUNDATION TRUST,1142,470,41.155866900175134,24.5333333333333,57.79,157,2,0,66.44748813127553,-25.2916212311004,117.0
2024-05-01,TAD,BRADFORD DISTRICT CARE NHS FOUNDATION TRUST,0,0,,,,0,0,0,66.44748813127553,,
2024-05-01,RAE,BRADFORD TEACHING HOSPITALS NHS FOUNDATION TRUST,437,391,89.47368421052632,4.75806451612903,20.3466666666667,0,0,0,66.44748813127553,23.02619607925078,25.0
2024-05-01,RXQ,BUCKINGHAMSHIRE HEALTHCARE NHS TRUST,1045,561,53.68421052631579,16.4605263157895,45.376,1,0,0,66.44748813127553,-12.763277604959747,102.0
2024-05-01,RWY,CALDERDALE AND HUDDERSFIELD NHS FOUNDATION TRUST,964,757,78.52697095435684,9.53571428571429,25.5628571428571,0,0,0,66.44748813127553,12.079482823081307,61.0
2024-05-01,RGT,CAMBRIDGE UNIVERSITY HOSPITALS NHS FOUNDATION TRUST,1885,1523,80.79575596816976,8.96212121212121,28.3444444444444,2,1,1,66.44748813127553,14.348267836894223,52.0
2024-05-01,RT1,CAMBRIDGESHIRE AND PETERBOROUGH NHS FOUNDATION TRUST,0,0,,,,0,0,0,66.44748813127553,,
2024-05-01,RV3,CENTRAL AND NORTH WEST LONDON NHS FOUNDATION TRUST,0,0,,,,0,0,0,66.44748813127553,,
2024-05-01,RQM,CHELSEA AND WESTMINSTER HOSPITAL NHS FOUNDATION TRUST,1386,726,52.38095238095239,16.6176470588235,48.1835294117647,64,0,0,66.44748813127553,-14.066535750323148,103.0
2024-05-01,RFS,CHESTERFIELD ROYAL HOSPITAL NHS FOUNDATION TRUST,865,424,49.017341040462426,18.3148148148148,38.725,6,0,0,66.44748813127553,-17.430147090813108,110.0
2024-05-01,RJ8,CORNWALL PARTNERSHIP NHS FOUNDATION TRUST,0,0,,,,0,0,0,66.44748813127553,,
2024-05-01,RJR,COUNTESS OF CHESTER HOSPITAL NHS FOUNDATION TRUST,583,315,54.03087478559176,15.7,47.8509090909091,23,0,0,66.44748813127553,-12.416613345683771,101.0
2024-05-01,RXP,COUNTY DURHAM AND DARLINGTON NHS FOUNDATION TRUST,797,333,41.78168130489335,21.59375,43.765,12,0,0,66.44748813127553,-24.665806826382187,116.0
2024-05-01,RJ6,CROYDON HEALTH SERVICES NHS TRUST,868,730,84.10138248847926,9.59183673469388,23.3971428571429,1,0,0,66.44748813127553,17.653894357203725,41.0
2024-05-01,RX4,"CUMBRIA, NORTHUMBERLAND, TYNE AND WEAR NHS FOUNDATION TRUST",0,0,,,,0,0,0,66.44748813127553,,
2024-05-01,RN7,DARTFORD AND GRAVESHAM NHS TRUST,0,0,,,,0,0,0,66.44748813127553,,
2024-05-01,RP5,DONCASTER AND BASSETLAW TEACHING HOSPITALS NHS FOUNDATION TRUST,982,687,69.95926680244399,10.9714285714286,27.6876190476191,0,0,0,66.44748813127553,3.5117786711684573,75.0
2024-05-01,RBD,DORSET COUNTY HOSPITAL NHS FOUNDATION TRUST,13,13,100.0,,,0,0,0,66.44748813127553,33.552511868724466,1.0
2024-05-01,RWH,EAST AND NORTH HERTFORDSHIRE NHS TRUST,1253,687,54.82841181165203,16.3648648648649,37.1533333333333,9,3,0,66.44748813127553,-11.619076319623503,98.0
2024-05-01,RJN,EAST CHESHIRE NHS TRUST,0,0,,,,0,0,0,66.44748813127553,,
2024-05-01,RVV,EAST KENT HOSPITALS UNIVERSITY NHS FOUNDATION TRUST,2898,1294,44.651483781918564,20.4615384615385,41.0317647058824,4,0,0,66.44748813127553,-21.79600434935697,114.0
2024-05-01,RXR,EAST LANCASHIRE HOSPITALS NHS TRUST,1337,674,50.41136873597607,17.828125,42.5284210526316,10,0,0,66.44748813127553,-16.036119395299465,109.0
2024-05-01,RDE,EAST SUFFOLK AND NORTH ESSEX NHS FOUNDATION TRUST,1014,975,96.15384615384616,5.15789473684211,15.1694117647059,0,0,0,66.44748813127553,29.706358022570626,9.0
2024-05-01,RXC,EAST SUSSEX HEALTHCARE NHS TRUST,424,333,78.5377358490566,10.125,26.04,0,0,0,66.44748813127553,12.090247717781068,60.0
2024-05-01,RVR,EPSOM AND ST HELIER UNIVERSITY HOSPITALS NHS TRUST,490,350,71.42857142857143,10.0,34.95,7,1,0,66.44748813127553,4.981083297295896,74.0
2024-05-01,R1L,ESSEX PARTNERSHIP UNIVERSITY NHS FOUNDATION TRUST,0,0,,,,0,0,0,66.44748813127553,,
2024-05-01,RDU,FRIMLEY HEALTH NHS FOUNDATION TRUST,913,753,82.47535596933187,8.453125,25.792,2,0,0,66.44748813127553,16.027867838056338,46.0
2024-05-01,RR7,GATESHEAD HEALTH NHS FOUNDATION TRUST,356,310,87.07865168539325,7.73913043478261,20.69,0,0,0,66.44748813127553,20.63116355411772,30.0
2024-05-01,RLT,GEORGE ELIOT HOSPITAL NHS TRUST,77,42,54.54545454545454,17.125,31.71,0,0,0,66.44748813127553,-11.902033585820995,99.0
2024-05-01,RTE,GLOUCESTERSHIRE HOSPITALS NHS FOUNDATION TRUST,1092,699,64.01098901098901,12.5909090909091,37.9672727272727,12,1,0,66.44748813127553,-2.436499120286527,83.0
2024-05-01,RP4,GREAT ORMOND STREET HOSPITAL FOR CHILDREN NHS FOUNDATION TRUST,0,0,,,,0,0,0,66.44748813127553,,
2024-05-01,RN3,GREAT WESTERN HOSPITALS NHS FOUNDATION TRUST,335,326,97.31343283582089,4.45348837209302,14.32,0,0,0,66.44748813127553,30.865944704545356,5.0
2024-05-01,RJ1,GUY'S AND ST THOMAS' NHS FOUNDATION TRUST,851,674,79.20094007050528,7.92424242424242,26.3115789473684,0,0,0,66.44748813127553,12.753451939229748,57.0
2024-05-01,RN5,HAMPSHIRE HOSPITALS NHS FOUNDATION TRUST,1765,957,54.22096317280454,15.5657894736842,38.925,11,0,0,66.44748813127553,-12.226524958470996,100.0
2024-05-01,RCD,HARROGATE AND DISTRICT NHS FOUNDATION TRUST,389,344,88.4318766066838,6.40384615384615,20.44,0,0,0,66.44748813127553,21.984388475408267,28.0
2024-05-01,R1A,HEREFORDSHIRE AND WORCESTERSHIRE HEALTH AND CARE NHS TRUST,0,0,,,,0,0,0,66.44748813127553,,
2024-05-01,RQX,HOMERTON HEALTHCARE NHS FOUNDATION TRUST,177,172,97.17514124293785,3.21428571428571,13.92,0,0,0,66.44748813127553,30.72765311166232,6.0
2024-05-01,RWA,HULL UNIVERSITY TEACHING HOSPITALS NHS TRUST,2156,814,37.755102040816325,25.6578947368421,49.063,80,0,0,66.44748813127553,-28.69238609045921,118.0
2024-05-01,RYJ,IMPERIAL COLLEGE HEALTHCARE NHS TRUST,1222,845,69.14893617021278,12.468085106383,33.5569230769231,2,1,0,66.44748813127553,2.7014480389372437,76.0
2024-05-01,R1F,ISLE OF WIGHT NHS TRUST,211,204,96.6824644549763,6.625,16.14,0,0,0,66.44748813127553,30.234976323700764,7.0
2024-05-01,RGP,JAMES PAGET UNIVERSITY HOSPITALS NHS FOUNDATION TRUST,432,341,78.93518518518519,9.0,24.5733333333333,1,1,0,66.44748813127553,12.487697053909656,58.0
2024-05-01,RYY,KENT COMMUNITY HEALTH NHS FOUNDATION TRUST,0,0,,,,0,0,0,66.44748813127553,,
2024-05-01,RNQ,KETTERING GENERAL HOSPITAL NHS FOUNDATION TRUST,689,615,89.25979680696662,6.07608695652174,20.24,0,0,0,66.44748813127553,22.812308675691085,26.0
2024-05-01,RJZ,KING'S COLLEGE HOSPITAL NHS FOUNDATION TRUST,1398,1178,84.26323319027182,7.39655172413793,33.5266666666667,8,0,0,66.44748813127553,17.815745058996285,39.0
2024-05-01,RAX,KINGSTON HOSPITAL NHS FOUNDATION TRUST,683,588,86.09077598828698,10.06,19.5744,0,0,0,66.44748813127553,19.643287857011444,34.0
2024-05-01,RW5,LANCASHIRE & SOUTH CUMBRIA NHS FOUNDATION TRUST,349,335,95.98853868194843,5.19642857142857,14.7345454545455,0,0,0,66.44748813127553,29.541050550672892,10.0
2024-05-01,RXN,LANCASHIRE TEACHING HOSPITALS NHS FOUNDATION TRUST,0,0,,,,0,0,0,66.44748813127553,,
2024-05-01,RY6,LEEDS COMMUNITY HEALTHCARE NHS TRUST,0,0,,,,0,0,0,66.44748813127553,,
2024-05-01,RR8,LEEDS TEACHING HOSPITALS NHS TRUST,2201,1906,86.59700136301682,7.72689075630252,20.023,0,0,0,66.44748813127553,20.14951323174128,32.0
2024-05-01,RJ2,LEWISHAM AND GREENWICH NHS TRUST,724,528,72.92817679558011,10.2608695652174,33.1542857142857,9,0,0,66.44748813127553,6.48068866430458,68.0
2024-05-01,RP7,LINCOLNSHIRE PARTNERSHIP NHS FOUNDATION TRUST,0,0,,,,0,0,0,66.44748813127553,,
2024-05-01,RBQ,LIVERPOOL HEART AND CHEST HOSPITAL NHS FOUNDATION TRUST,0,0,,,,0,0,0,66.44748813127553,,
2024-05-01,REM,LIVERPOOL UNIVERSITY HOSPITALS NHS FOUNDATION TRUST,562,485,86.29893238434164,7.83333333333333,20.1788235294118,0,0,0,66.44748813127553,19.851444253066106,33.0
2024-05-01,REP,LIVERPOOL WOMEN'S NHS FOUNDATION TRUST,0,0,,,,0,0,0,66.44748813127553,,
2024-05-01,R1K,LONDON NORTH WEST UNIVERSITY HEALTHCARE NHS TRUST,768,621,80.859375,8.83333333333333,26.5557894736842,0,0,0,66.44748813127553,14.411886868724466,51.0
2024-05-01,RWF,MAIDSTONE AND TUNBRIDGE WELLS NHS TRUST,855,666,77.89473684210526,9.89393939393939,26.16,0,0,0,66.44748813127553,11.447248710829726,62.0
2024-05-01,R0A,MANCHESTER UNIVERSITY NHS FOUNDATION TRUST,1464,1276,87.1584699453552,6.51485148514852,21.3752380952381,2,0,0,66.44748813127553,20.71098181407966,29.0
2024-05-01,RPA,MEDWAY NHS FOUNDATION TRUST,3256,1195,36.7014742014742,25.2222222222222,45.4683870967742,84,0,0,66.44748813127553,-29.746013929801336,120.0
2024-05-01,RBN,MERSEY AND WEST LANCASHIRE TEACHING HOSPITALS NHS TRUST,1020,804,78.82352941176471,8.20588235294118,32.0266666666667,7,0,0,66.44748813127553,12.376041280489176,59.0
2024-05-01,RW4,MERSEY CARE NHS FOUNDATION TRUST,0,0,,,,0,0,0,66.44748813127553,,
2024-05-01,RAJ,MID AND SOUTH ESSEX NHS FOUNDATION TRUST,2616,1584,60.550458715596335,12.5555555555556,41.5755555555556,49,5,0,66.44748813127553,-5.897029415679199,90.0
2024-05-01,RBT,MID CHESHIRE HOSPITALS NHS FOUNDATION TRUST,1534,521,33.96349413298566,30.0,58.6036363636364,281,35,1,66.44748813127553,-32.483993998289876,121.0
2024-05-01,RXF,MID YORKSHIRE TEACHING NHS TRUST,912,544,59.64912280701754,14.6341463414634,35.004,2,0,0,66.44748813127553,-6.798365324257993,91.0
2024-05-01,RRE,MIDLANDS PARTNERSHIP NHS FOUNDATION TRUST,3781,3618,95.68897117164771,2.82027257240204,13.3369230769231,0,0,0,66.44748813127553,29.241483040372174,11.0
2024-05-01,RD8,MILTON KEYNES UNIVERSITY HOSPITAL NHS FOUNDATION TRUST,1035,485,46.85990338164252,19.5166666666667,43.9111111111111,32,3,0,66.44748813127553,-19.587584749633017,111.0
2024-05-01,RP6,MOORFIELDS EYE HOSPITAL NHS FOUNDATION TRUST,0,0,,,,0,0,0,66.44748813127553,,
2024-05-01,RM1,NORFOLK AND NORWICH UNIVERSITY HOSPITALS NHS FOUNDATION TRUST,1206,1025,84.99170812603649,7.39705882352941,25.8766666666667,3,0,0,66.44748813127553,18.54421999476095,38.0
2024-05-01,RVJ,NORTH BRISTOL NHS TRUST,583,552,94.68267581475128,5.25,15.9288888888889,0,0,0,66.44748813127553,28.235187683475743,15.0
2024-05-01,RNN,NORTH CUMBRIA INTEGRATED CARE NHS FOUNDATION TRUST,843,428,50.77105575326216,17.35,41.26,15,2,0,66.44748813127553,-15.676432378013374,108.0
2024-05-01,RAP,NORTH MIDDLESEX UNIVERSITY HOSPITAL NHS TRUST,535,441,82.42990654205607,9.91071428571429,22.44,1,0,0,66.44748813127553,15.98241841078054,48.0
2024-05-01,RVW,NORTH TEES AND HARTLEPOOL NHS FOUNDATION TRUST,525,328,62.476190476190474,12.1666666666667,30.5555555555556,0,0,0,66.44748813127553,-3.97129765508506,85.0
2024-05-01,RGN,NORTH WEST ANGLIA NHS FOUNDATION TRUST,1623,691,42.5754775107825,21.2142857142857,47.2430769230769,64,0,0,66.44748813127553,-23.872010620493036,115.0
2024-05-01,RNS,NORTHAMPTON GENERAL HOSPITAL NHS TRUST,477,415,87.0020964360587,6.98,20.9733333333333,0,0,0,66.44748813127553,20.55460830478316,31.0
2024-05-01,RM3,NORTHERN CARE ALLIANCE NHS FOUNDATION TRUST,2653,1371,51.67734640030155,17.1909090909091,44.7688888888889,75,0,0,66.44748813127553,-14.770141730973982,106.0
2024-05-01,RJL,NORTHERN LINCOLNSHIRE AND GOOLE NHS FOUNDATION TRUST,903,593,65.66998892580288,13.125,31.5236363636364,0,0,0,66.44748813127553,-0.7774992054726511,80.0
2024-05-01,RTF,NORTHUMBRIA HEALTHCARE NHS FOUNDATION TRUST,1029,791,76.87074829931973,10.54,29.04,0,0,0,66.44748813127553,10.423260168044195,66.0
2024-05-01,RX1,NOTTINGHAM UNIVERSITY HOSPITALS NHS TRUST,492,459,93.29268292682927,5.08510638297872,17.0914285714286,0,0,0,66.44748813127553,26.845194795553738,19.0
2024-05-01,RTH,OXFORD UNIVERSITY HOSPITALS NHS FOUNDATION TRUST,2150,1404,65.30232558139535,13.4691358024691,33.7826086956522,20,2,0,66.44748813127553,-1.1451625498801832,81.0
2024-05-01,RPG,OXLEAS NHS FOUNDATION TRUST,0,0,,,,0,0,0,66.44748813127553,,
2024-05-01,RHU,PORTSMOUTH HOSPITALS UNIVERSITY NATIONAL HEALTH SERVICE TRUST,521,511,98.0806142034549,4.98809523809524,11.7383783783784,0,0,0,66.44748813127553,31.633126072179365,4.0
2024-05-01,RPC,QUEEN VICTORIA HOSPITAL NHS FOUNDATION TRUST,44,34,77.27272727272727,10.0,32.48,0,0,0,66.44748813127553,10.825239141451732,65.0
2024-05-01,RHW,ROYAL BERKSHIRE NHS FOUNDATION TRUST,174,148,85.0574712643678,7.11111111111111,20.816,0,0,0,66.44748813127553,18.60998313309227,37.0
2024-05-01,REF,ROYAL CORNWALL HOSPITALS NHS TRUST,429,406,94.63869463869464,4.79761904761905,16.6072727272727,0,0,0,66.44748813127553,28.19120650741911,16.0
2024-05-01,RH8,ROYAL DEVON UNIVERSITY HEALTHCARE NHS FOUNDATION TRUST,823,637,77.39975698663426,10.0892857142857,27.36,1,1,0,66.44748813127553,10.952268855358724,63.0
2024-05-01,RAL,ROYAL FREE LONDON NHS FOUNDATION TRUST,2334,1446,61.95372750642674,13.9375,40.0735483870968,9,0,0,66.44748813127553,-4.493760624848797,86.0
2024-05-01,RAN,ROYAL NATIONAL ORTHOPAEDIC HOSPITAL NHS TRUST,190,147,77.36842105263158,9.75,26.2,0,0,0,66.44748813127553,10.92093292135604,64.0
2024-05-01,RGM,ROYAL PAPWORTH HOSPITAL NHS FOUNDATION TRUST,0,0,,,,0,0,0,66.44748813127553,,
2024-05-01,RA2,ROYAL SURREY COUNTY HOSPITAL NHS FOUNDATION TRUST,211,174,82.46445497630332,4.92105263157895,24.06,0,0,0,66.44748813127553,16.01696684502778,47.0
2024-05-01,RD1,ROYAL UNITED HOSPITALS BATH NHS FOUNDATION TRUST,1337,1003,75.018698578908,10.2361111111111,25.8389189189189,0,0,0,66.44748813127553,8.571210447632467,67.0
2024-05-01,RNZ,SALISBURY NHS FOUNDATION TRUST,534,429,80.33707865168539,9.71875,23.7133333333333,1,0,0,66.44748813127553,13.889590520409854,53.0
2024-05-01,RXK,SANDWELL AND WEST BIRMINGHAM HOSPITALS NHS TRUST,873,626,71.70675830469645,8.1,42.68,24,1,0,66.44748813127553,5.259270173420916,73.0
2024-05-01,RCU,SHEFFIELD CHILDREN'S NHS FOUNDATION TRUST,0,0,,,,0,0,0,66.44748813127553,,
2024-05-01,RHQ,SHEFFIELD TEACHING HOSPITALS NHS FOUNDATION TRUST,997,856,85.85757271815446,7.70754716981132,22.9155555555556,2,1,1,66.44748813127553,19.410084586878924,35.0
2024-05-01,RK5,SHERWOOD FOREST HOSPITALS NHS FOUNDATION TRUST,387,309,79.84496124031007,7.06818181818182,25.67,0,0,0,66.44748813127553,13.397473109034536,54.0
2024-05-01,R1D,SHROPSHIRE COMMUNITY HEALTH NHS TRUST,20,18,90.0,3.0,19.4,0,0,0,66.44748813127553,23.552511868724466,23.0
2024-05-01,R1C,SOLENT NHS TRUST,0,0,,,,0,0,0,66.44748813127553,,
2024-05-01,RH5,SOMERSET NHS FOUNDATION TRUST,922,619,67.13665943600867,12.3428571428571,38.0266666666667,6,2,0,66.44748813127553,0.6891713047331365,78.0
2024-05-01,RTR,SOUTH TEES HOSPITALS NHS FOUNDATION TRUST,1299,846,65.1270207852194,13.3974358974359,38.004,11,1,0,66.44748813127553,-1.3204673460561338,82.0
2024-05-01,R0B,SOUTH TYNESIDE AND SUNDERLAND NHS FOUNDATION TRUST,1192,989,82.96979865771812,8.09523809523809,24.3093333333333,0,0,0,66.44748813127553,16.52231052644258,44.0
2024-05-01,RJC,SOUTH WARWICKSHIRE UNIVERSITY NHS FOUNDATION TRUST,792,631,79.67171717171718,11.1538461538462,33.9485714285714,2,0,0,66.44748813127553,13.224229040441642,56.0
2024-05-01,RXG,SOUTH WEST YORKSHIRE PARTNERSHIP NHS FOUNDATION TRUST,0,0,,,,0,0,0,66.44748813127553,,
2024-05-01,RW1,SOUTHERN HEALTH NHS FOUNDATION TRUST,121,115,95.0413223140496,6.6875,15.16,0,0,0,66.44748813127553,28.59383418277406,13.0
2024-05-01,RJ7,ST GEORGE'S UNIVERSITY HOSPITALS NHS FOUNDATION TRUST,914,770,84.24507658643327,7.1875,27.1466666666667,1,0,0,66.44748813127553,17.797588455157737,40.0
2024-05-01,RWJ,STOCKPORT NHS FOUNDATION TRUST,885,587,66.32768361581921,12.0192307692308,33.8133333333333,2,0,0,66.44748813127553,-0.1198045154563232,79.0
2024-05-01,RTP,SURREY AND SUSSEX HEALTHCARE NHS TRUST,503,364,72.36580516898609,10.1923076923077,34.1955555555556,1,0,0,66.44748813127553,5.918317037710551,71.0
2024-05-01,RDR,SUSSEX COMMUNITY NHS FOUNDATION TRUST,151,150,99.33774834437085,6.3125,16.092,0,0,0,66.44748813127553,32.89026021309532,3.0
2024-05-01,RMP,TAMESIDE AND GLOSSOP INTEGRATED CARE NHS FOUNDATION TRUST,336,313,93.15476190476191,5.75,16.04,1,0,0,66.44748813127553,26.707273773486378,20.0
2024-05-01,RBV,THE CHRISTIE NHS FOUNDATION TRUST,0,0,,,,0,0,0,66.44748813127553,,
2024-05-01,REN,THE CLATTERBRIDGE CANCER CENTRE NHS FOUNDATION TRUST,0,0,,,,0,0,0,66.44748813127553,,
2024-05-01,RNA,THE DUDLEY GROUP NHS FOUNDATION TRUST,1055,642,60.85308056872037,13.5606060606061,37.5052631578947,10,0,0,66.44748813127553,-5.594407562555162,87.0
2024-05-01,RAS,THE HILLINGDON HOSPITALS NHS FOUNDATION TRUST,813,162,19.92619926199262,31.1041666666667,48.22,27,0,0,66.44748813127553,-46.52128886928291,123.0
2024-05-01,RTD,THE NEWCASTLE UPON TYNE HOSPITALS NHS FOUNDATION TRUST,992,562,56.653225806451616,13.7727272727273,50.8314285714286,68,1,0,66.44748813127553,-9.794262324823919,95.0
2024-05-01,RQW,THE PRINCESS ALEXANDRA HOSPITAL NHS TRUST,645,196,30.387596899224807,27.1388888888889,60.05,91,16,0,66.44748813127553,-36.05989123205073,122.0
2024-05-01,RCX,"THE QUEEN ELIZABETH HOSPITAL, KING'S LYNN, NHS FOUNDATION TRUST",869,498,57.307249712313,15.1875,35.048,0,0,0,66.44748813127553,-9.140238418962532,94.0
2024-05-01,RL1,THE ROBERT JONES AND AGNES HUNT ORTHOPAEDIC HOSPITAL NHS FOUNDATION TRUST,1527,683,44.72822527832351,20.9107142857143,50.6376470588235,108,3,0,66.44748813127553,-21.719262852952028,113.0
2024-05-01,RFR,THE ROTHERHAM NHS FOUNDATION TRUST,455,425,93.4065934065934,4.91463414634146,17.2,0,0,0,66.44748813127553,26.959105275317867,18.0
2024-05-01,RPY,THE ROYAL MARSDEN NHS FOUNDATION TRUST,0,0,,,,0,0,0,66.44748813127553,,
2024-05-01,RRJ,THE ROYAL ORTHOPAEDIC HOSPITAL NHS FOUNDATION TRUST,0,0,,,,0,0,0,66.44748813127553,,
2024-05-01,RL4,THE ROYAL WOLVERHAMPTON NHS TRUST,3669,2073,56.50040883074408,15.6933962264151,36.8582608695652,3,0,0,66.44748813127553,-9.947079300531456,96.0
2024-05-01,RXW,THE SHREWSBURY AND TELFORD HOSPITAL NHS TRUST,0,0,,,,0,0,0,66.44748813127553,,
2024-05-01,RET,THE WALTON CENTRE NHS FOUNDATION TRUST,0,0,,,,0,0,0,66.44748813127553,,
2024-05-01,RA9,TORBAY AND SOUTH DEVON NHS FOUNDATION TRUST,566,536,94.69964664310953,5.04761904761905,16.6742857142857,1,1,0,66.44748813127553,28.252158511833997,14.0
2024-05-01,RWD,UNITED LINCOLNSHIRE HOSPITALS NHS TRUST,1988,738,37.12273641851107,26.6969696969697,53.665,195,11,0,66.44748813127553,-29.324751712764467,119.0
2024-05-01,RRV,UNIVERSITY COLLEGE LONDON HOSPITALS NHS FOUNDATION TRUST,1417,861,60.762173606210304,13.8522727272727,42.705,37,2,0,66.44748813127553,-5.68531452506523,88.0
2024-05-01,RHM,UNIVERSITY HOSPITAL SOUTHAMPTON NHS FOUNDATION TRUST,650,579,89.07692307692308,7.18918918918919,20.1666666666667,0,0,0,66.44748813127553,22.629434945647546,27.0
2024-05-01,RRK,UNIVERSITY HOSPITALS BIRMINGHAM NHS FOUNDATION TRUST,929,757,81.48546824542518,7.64893617021277,26.4254545454546,4,1,0,66.44748813127553,15.037980114149647,50.0
2024-05-01,RA7,UNIVERSITY HOSPITALS BRISTOL AND WESTON NHS FOUNDATION TRUST,922,621,67.353579175705,11.6981132075472,36.6866666666667,3,0,0,66.44748813127553,0.9060910444294592,77.0
2024-05-01,RKB,UNIVERSITY HOSPITALS COVENTRY AND WARWICKSHIRE NHS TRUST,462,446,96.53679653679653,5.29545454545455,13.8218181818182,1,0,0,66.44748813127553,30.089308405520995,8.0
2024-05-01,R0D,UNIVERSITY HOSPITALS DORSET NHS FOUNDATION TRUST,980,821,83.77551020408164,8.48648648648649,21.0842105263158,2,0,0,66.44748813127553,17.328022072806107,42.0
2024-05-01,RTG,UNIVERSITY HOSPITALS OF DERBY AND BURTON NHS FOUNDATION TRUST,2877,1476,51.30344108446299,17.375,42.552,42,8,0,66.44748813127553,-15.144047046812545,107.0
2024-05-01,RWE,UNIVERSITY HOSPITALS OF LEICESTER NHS TRUST,3139,2275,72.47531060847405,10.6678571428571,31.5881481481482,6,0,0,66.44748813127553,6.027822477198512,70.0
2024-05-01,RTX,UNIVERSITY HOSPITALS OF MORECAMBE BAY NHS FOUNDATION TRUST,679,639,94.10898379970544,6.03409090909091,16.868,2,0,0,66.44748813127553,27.661495668429907,17.0
2024-05-01,RJE,UNIVERSITY HOSPITALS OF NORTH MIDLANDS NHS TRUST,1,1,100.0,,,0,0,0,66.44748813127553,33.552511868724466,1.0
2024-05-01,RK9,UNIVERSITY HOSPITALS PLYMOUTH NHS TRUST,449,323,71.93763919821826,7.025,46.04,29,3,0,66.44748813127553,5.49015106694273,72.0
2024-05-01,RYR,UNIVERSITY HOSPITALS SUSSEX NHS FOUNDATION TRUST,2230,1020,45.73991031390135,19.4461538461538,48.5111111111111,137,26,0,66.44748813127553,-20.707577817374187,112.0
2024-05-01,RBK,WALSALL HEALTHCARE NHS TRUST,1114,583,52.333931777378815,16.8108108108108,37.4730434782609,8,0,0,66.44748813127553,-14.113556353896719,104.0
2024-05-01,RWW,WARRINGTON AND HALTON TEACHING HOSPITALS NHS FOUNDATION TRUST,589,505,85.73853989813243,7.5,20.6061538461538,0,0,0,66.44748813127553,19.291051766856896,36.0
2024-05-01,RWG,WEST HERTFORDSHIRE TEACHING HOSPITALS NHS TRUST,862,449,52.088167053364266,17.3571428571429,62.0022222222222,121,32,0,66.44748813127553,-14.359321077911268,105.0
2024-05-01,RKL,WEST LONDON NHS TRUST,0,0,,,,0,0,0,66.44748813127553,,
2024-05-01,RGR,WEST SUFFOLK NHS FOUNDATION TRUST,313,281,89.77635782747603,4.78846153846154,19.745,2,1,0,66.44748813127553,23.3288696962005,24.0
2024-05-01,RKE,WHITTINGTON HEALTH NHS TRUST,535,325,60.747663551401864,12.6964285714286,34.52,2,0,0,66.44748813127553,-5.69982457987367,89.0
2024-05-01,RBL,WIRRAL UNIVERSITY TEACHING HOSPITAL NHS FOUNDATION TRUST,891,489,54.882154882154886,16.3620689655172,40.465,0,0,0,66.44748813127553,-11.565333249120648,97.0
2024-05-01,RWP,WORCESTERSHIRE ACUTE HOSPITALS NHS TRUST,1040,653,62.78846153846154,12.7428571428571,34.1384615384615,1,0,0,66.44748813127553,-3.6590265928139942,84.0
2024-05-01,RRF,"WRIGHTINGTON, WIGAN AND LEIGH NHS FOUNDATION TRUST",1215,970,79.83539094650206,10.2462686567164,25.38,2,0,0,66.44748813127553,13.387902815226525,55.0
2024-05-01,RLQ,WYE VALLEY NHS TRUST,469,273,58.2089552238806,13.84375,35.048,0,0,0,66.44748813127553,-8.238532907394934,93.0
2024-05-01,RCB,YORK AND SCARBOROUGH TEACHING HOSPITALS NHS FOUNDATION TRUST,579,472,81.51986183074266,7.33928571428571,27.936,3,1,0,66.44748813127553,15.072373699467121,49.0
2024-06-01,RCF,AIREDALE NHS FOUNDATION TRUST,324,297,91.66666666666666,6.875,18.18,0,0,0,66.73754012089219,24.929126545774466,19.0
2024-06-01,RBS,ALDER HEY CHILDREN'S NHS FOUNDATION TRUST,0,0,,,,0,0,0,66.73754012089219,,
2024-06-01,RTK,ASHFORD AND ST PETER'S HOSPITALS NHS FOUNDATION TRUST,232,209,90.08620689655173,3.83870967741935,20.22,0,0,0,66.73754012089219,23.348666775659538,23.0
2024-06-01,RF4,"BARKING, HAVERING AND REDBRIDGE UNIVERSITY HOSPITALS NHS TRUST",1053,772,73.31433998100665,11.0694444444444,29.96,18,6,0,66.73754012089219,6.576799860114463,70.0
2024-06-01,RFF,BARNSLEY HOSPITAL NHS FOUNDATION TRUST,206,202,98.05825242718447,3.06666666666667,12.38,0,0,0,66.73754012089219,31.32071230629228,5.0
2024-06-01,R1H,BARTS HEALTH NHS TRUST,1037,877,84.5708775313404,7.14150943396226,25.5866666666667,2,0,0,66.73754012089219,17.83333741044821,39.0
2024-06-01,RC9,BEDFORDSHIRE HOSPITALS NHS FOUNDATION TRUST,1099,927,84.3494085532302,8.46363636363636,27.18,5,2,0,66.73754012089219,17.611868432338014,40.0
2024-06-01,RWX,BERKSHIRE HEALTHCARE NHS FOUNDATION TRUST,0,0,,,,0,0,0,66.73754012089219,,
2024-06-01,RYW,BIRMINGHAM COMMUNITY HEALTHCARE NHS FOUNDATION TRUST,0,0,,,,0,0,0,66.73754012089219,,
2024-06-01,RQ3,BIRMINGHAM WOMEN'S AND CHILDREN'S NHS FOUNDATION TRUST,0,0,,,,0,0,0,66.73754012089219,,
2024-06-01,RXL,BLACKPOOL TEACHING HOSPITALS NHS FOUNDATION TRUST,819,478,58.36385836385837,15.1833333333333,34.81,3,0,0,66.73754012089219,-8.373681757033822,96.0
2024-06-01,RMC,BOLTON NHS FOUNDATION TRUST,1115,474,42.511210762331835,21.975,56.4833333333333,161,11,0,66.73754012089219,-24.226329358560356,117.0
2024-06-01,TAD,BRADFORD DISTRICT CARE NHS FOUNDATION TRUST,0,0,,,,0,0,0,66.73754012089219,,
2024-06-01,RAE,BRADFORD TEACHING HOSPITALS NHS FOUNDATION TRUST,443,396,89.39051918735892,4.98148148148148,20.1866666666667,0,0,0,66.73754012089219,22.652979066466727,24.0
2024-06-01,RXQ,BUCKINGHAMSHIRE HEALTHCARE NHS TRUST,1092,567,51.92307692307693,17.125,47.0533333333333,21,0,0,66.73754012089219,-14.814463197815265,106.0
2024-06-01,RWY,CALDERDALE AND HUDDERSFIELD NHS FOUNDATION TRUST,974,788,80.9034907597536,9.25531914893617,24.4342857142857,1,0,0,66.73754012089219,14.165950638861403,55.0
2024-06-01,RGT,CAMBRIDGE UNIVERSITY HOSPITALS NHS FOUNDATION TRUST,1875,1522,81.17333333333333,8.88839285714286,28.5416666666667,2,0,0,66.73754012089219,14.43579321244114,52.0
2024-06-01,RT1,CAMBRIDGESHIRE AND PETERBOROUGH NHS FOUNDATION TRUST,0,0,,,,0,0,0,66.73754012089219,,
2024-06-01,RV3,CENTRAL AND NORTH WEST LONDON NHS FOUNDATION TRUST,0,0,,,,0,0,0,66.73754012089219,,
2024-06-01,RQM,CHELSEA AND WESTMINSTER HOSPITAL NHS FOUNDATION TRUST,1348,765,56.75074183976261,15.5238095238095,49.8773333333333,73,0,0,66.73754012089219,-9.98679828112958,98.0
2024-06-01,RFS,CHESTERFIELD ROYAL HOSPITAL NHS FOUNDATION TRUST,901,448,49.722530521642625,18.0925925925926,39.492,6,0,0,66.73754012089219,-17.015009599249566,109.0
2024-06-01,RJ8,CORNWALL PARTNERSHIP NHS FOUNDATION TRUST,0,0,,,,0,0,0,66.73754012089219,,
2024-06-01,RJR,COUNTESS OF CHESTER HOSPITAL NHS FOUNDATION TRUST,577,314,54.41941074523397,16.0416666666667,46.4733333333333,10,0,0,66.73754012089219,-12.318129375658224,102.0
2024-06-01,RXP,COUNTY DURHAM AND DARLINGTON NHS FOUNDATION TRUST,796,384,48.24120603015075,18.4827586206897,43.29,13,0,0,66.73754012089219,-18.496334090741442,113.0
2024-06-01,RJ6,CROYDON HEALTH SERVICES NHS TRUST,833,677,81.27250900360144,10.375,21.8610526315789,0,0,0,66.73754012089219,14.53496888270925,51.0
2024-06-01,RX4,"CUMBRIA, NORTHUMBERLAND, TYNE AND WEAR NHS FOUNDATION TRUST",0,0,,,,0,0,0,66.73754012089219,,
2024-06-01,RN7,DARTFORD AND GRAVESHAM NHS TRUST,0,0,,,,0,0,0,66.73754012089219,,
2024-06-01,RP5,DONCASTER AND BASSETLAW TEACHING HOSPITALS NHS FOUNDATION TRUST,1044,750,71.83908045977012,11.3684210526316,29.3653333333333,1,0,0,66.73754012089219,5.101540338877925,74.0
2024-06-01,RBD,DORSET COUNTY HOSPITAL NHS FOUNDATION TRUST,6,6,100.0,,,0,0,0,66.73754012089219,33.26245987910781,1.0
2024-06-01,RWH,EAST AND NORTH HERTFORDSHIRE NHS TRUST,1250,614,49.120000000000005,18.2340425531915,38.4090909090909,13,3,0,66.73754012089219,-17.617540120892187,110.0
2024-06-01,RJN,EAST CHESHIRE NHS TRUST,0,0,,,,0,0,0,66.73754012089219,,
2024-06-01,RVV,EAST KENT HOSPITALS UNIVERSITY NHS FOUNDATION TRUST,2921,1248,42.725094145840465,21.2314814814815,42.3330434782609,7,0,0,66.73754012089219,-24.012445975051726,116.0
2024-06-01,RXR,EAST LANCASHIRE HOSPITALS NHS TRUST,1279,683,53.40109460516028,16.7549019607843,42.28,16,0,0,66.73754012089219,-13.33644551573191,105.0
2024-06-01,RDE,EAST SUFFOLK AND NORTH ESSEX NHS FOUNDATION TRUST,1129,1068,94.5969884853853,5.92021276595745,16.034,0,0,0,66.73754012089219,27.859448364493105,13.0
2024-06-01,RXC,EAST SUSSEX HEALTHCARE NHS TRUST,441,342,77.55102040816327,10.3541666666667,27.715,0,0,0,66.73754012089219,10.813480287271076,60.0
2024-06-01,RVR,EPSOM AND ST HELIER UNIVERSITY HOSPITALS NHS TRUST,495,372,75.15151515151514,10.26,31.85,3,1,0,66.73754012089219,8.41397503062295,66.0
2024-06-01,R1L,ESSEX PARTNERSHIP UNIVERSITY NHS FOUNDATION TRUST,0,0,,,,0,0,0,66.73754012089219,,
2024-06-01,RDU,FRIMLEY HEALTH NHS FOUNDATION TRUST,921,747,81.10749185667753,8.01282051282051,24.732,3,0,0,66.73754012089219,14.369951735785335,53.0
2024-06-01,RR7,GATESHEAD HEALTH NHS FOUNDATION TRUST,375,323,86.13333333333333,7.56818181818182,22.5,0,0,0,66.73754012089219,19.395793212441134,31.0
2024-06-01,RLT,GEORGE ELIOT HOSPITAL NHS TRUST,474,406,85.65400843881856,9.47540983606557,21.77,0,0,0,66.73754012089219,18.916468317926373,36.0
2024-06-01,RTE,GLOUCESTERSHIRE HOSPITALS NHS FOUNDATION TRUST,1129,729,64.5704162976085,11.9137931034483,38.24,13,0,0,66.73754012089219,-2.1671238232836885,83.0
2024-06-01,RP4,GREAT ORMOND STREET HOSPITAL FOR CHILDREN NHS FOUNDATION TRUST,0,0,,,,0,0,0,66.73754012089219,,
2024-06-01,RN3,GREAT WESTERN HOSPITALS NHS FOUNDATION TRUST,373,349,93.5656836461126,5.48076923076923,15.432,0,0,0,66.73754012089219,26.828143525220412,16.0
2024-06-01,RJ1,GUY'S AND ST THOMAS' NHS FOUNDATION TRUST,894,718,80.31319910514542,7.59375,29.0369230769231,0,0,0,66.73754012089219,13.575658984253224,57.0
2024-06-01,RN5,HAMPSHIRE HOSPITALS NHS FOUNDATION TRUST,1752,995,56.79223744292238,15.6923076923077,39.3025,11,0,0,66.73754012089219,-9.945302677969813,97.0
2024-06-01,RCD,HARROGATE AND DISTRICT NHS FOUNDATION TRUST,403,358,88.83374689826302,7.02941176470588,21.94,1,0,0,66.73754012089219,22.096206777370824,26.0
2024-06-01,R1A,HEREFORDSHIRE AND WORCESTERSHIRE HEALTH AND CARE NHS TRUST,0,0,,,,0,0,0,66.73754012089219,,
2024-06-01,RQX,HOMERTON HEALTHCARE NHS FOUNDATION TRUST,165,160,96.96969696969697,3.70833333333333,12.2,0,0,0,66.73754012089219,30.232156848804777,6.0
2024-06-01,RWA,HULL UNIVERSITY TEACHING HOSPITALS NHS TRUST,2049,776,37.872132747681796,24.525641025641,49.16,77,0,0,66.73754012089219,-28.865407373210395,119.0
2024-06-01,RYJ,IMPERIAL COLLEGE HEALTHCARE NHS TRUST,1184,800,67.56756756756756,12.2608695652174,32.4755555555556,4,1,0,66.73754012089219,0.8300274466753734,80.0
2024-06-01,R1F,ISLE OF WIGHT NHS TRUST,235,218,92.76595744680851,6.73529411764706,17.1,0,0,0,66.73754012089219,26.028417325916323,18.0
2024-06-01,RGP,JAMES PAGET UNIVERSITY HOSPITALS NHS FOUNDATION TRUST,411,374,90.99756690997567,8.13461538461539,20.7066666666667,1,0,0,66.73754012089219,24.260026789083483,21.0
2024-06-01,RYY,KENT COMMUNITY HEALTH NHS FOUNDATION TRUST,0,0,,,,0,0,0,66.73754012089219,,
2024-06-01,RNQ,KETTERING GENERAL HOSPITAL NHS FOUNDATION TRUST,761,656,86.2023653088042,6.89,21.26,1,0,0,66.73754012089219,19.464825187912012,30.0
2024-06-01,RJZ,KING'S COLLEGE HOSPITAL NHS FOUNDATION TRUST,1364,1134,83.13782991202346,8.03076923076923,31.576,16,1,0,66.73754012089219,16.40028979113127,47.0
2024-06-01,RAX,KINGSTON HOSPITAL NHS FOUNDATION TRUST,561,486,86.63101604278076,10.2708333333333,19.8746666666667,0,0,0,66.73754012089219,19.893475921888566,28.0
2024-06-01,RW5,LANCASHIRE & SOUTH CUMBRIA NHS FOUNDATION TRUST,396,381,96.21212121212122,5.84615384615385,15.1657142857143,0,0,0,66.73754012089219,29.474581091229027,7.0
2024-06-01,RXN,LANCASHIRE TEACHING HOSPITALS NHS FOUNDATION TRUST,0,0,,,,0,0,0,66.73754012089219,,
2024-06-01,RY6,LEEDS COMMUNITY HEALTHCARE NHS TRUST,0,0,,,,0,0,0,66.73754012089219,,
2024-06-01,RR8,LEEDS TEACHING HOSPITALS NHS TRUST,2344,1975,84.25767918088737,8.01739130434783,20.9618181818182,0,0,0,66.73754012089219,17.520139059995174,41.0
2024-06-01,RJ2,LEWISHAM AND GREENWICH NHS TRUST,781,564,72.21510883482715,8.46969696969697,33.8355555555556,13,0,0,66.73754012089219,5.477568713934957,73.0
2024-06-01,RP7,LINCOLNSHIRE PARTNERSHIP NHS FOUNDATION TRUST,0,0,,,,0,0,0,66.73754012089219,,
2024-06-01,RBQ,LIVERPOOL HEART AND CHEST HOSPITAL NHS FOUNDATION TRUST,0,0,,,,0,0,0,66.73754012089219,,
2024-06-01,REM,LIVERPOOL UNIVERSITY HOSPITALS NHS FOUNDATION TRUST,634,533,84.06940063091483,7.88,21.0233333333333,0,0,0,66.73754012089219,17.331860510022636,43.0
2024-06-01,REP,LIVERPOOL WOMEN'S NHS FOUNDATION TRUST,0,0,,,,0,0,0,66.73754012089219,,
2024-06-01,R1K,LONDON NORTH WEST UNIVERSITY HEALTHCARE NHS TRUST,827,684,82.70858524788392,6.86734693877551,24.856,0,0,0,66.73754012089219,15.971045126991726,48.0
2024-06-01,RWF,MAIDSTONE AND TUNBRIDGE WELLS NHS TRUST,894,689,77.06935123042506,9.4375,25.7828571428571,0,0,0,66.73754012089219,10.331811109532865,62.0
2024-06-01,R0A,MANCHESTER UNIVERSITY NHS FOUNDATION TRUST,1548,1327,85.72351421188631,7.41666666666667,21.7983333333333,1,0,0,66.73754012089219,18.98597409099412,35.0
2024-06-01,RPA,MEDWAY NHS FOUNDATION TRUST,3221,1147,35.61005898789196,25.73,47.76,162,0,0,66.73754012089219,-31.12748113300023,121.0
2024-06-01,RBN,MERSEY AND WEST LANCASHIRE TEACHING HOSPITALS NHS TRUST,1022,789,77.20156555772995,8.6530612244898,33.6866666666667,8,1,0,66.73754012089219,10.464025436837758,61.0
2024-06-01,RW4,MERSEY CARE NHS FOUNDATION TRUST,0,0,,,,0,0,0,66.73754012089219,,
2024-06-01,RAJ,MID AND SOUTH ESSEX NHS FOUNDATION TRUST,2818,1675,59.439318665720364,13.472972972973,37.9424,35,1,0,66.73754012089219,-7.298221455171827,93.0
2024-06-01,RBT,MID CHESHIRE HOSPITALS NHS FOUNDATION TRUST,1512,485,32.076719576719576,30.95,60.3541176470588,311,36,0,66.73754012089219,-34.660820544172616,122.0
2024-06-01,RXF,MID YORKSHIRE TEACHING NHS TRUST,857,551,64.29404900816803,12.8809523809524,32.2866666666667,4,0,0,66.73754012089219,-2.4434911127241605,85.0
2024-06-01,RRE,MIDLANDS PARTNERSHIP NHS FOUNDATION TRUST,3565,3415,95.79242636746143,1.96372767857143,13.7722222222222,0,0,0,66.73754012089219,29.05488624656924,8.0
2024-06-01,RD8,MILTON KEYNES UNIVERSITY HOSPITAL NHS FOUNDATION TRUST,1028,479,46.59533073929961,19.2,44.2892307692308,30,2,0,66.73754012089219,-20.14220938159258,114.0
2024-06-01,RP6,MOORFIELDS EYE HOSPITAL NHS FOUNDATION TRUST,0,0,,,,0,0,0,66.73754012089219,,
2024-06-01,RM1,NORFOLK AND NORWICH UNIVERSITY HOSPITALS NHS FOUNDATION TRUST,1089,914,83.93021120293848,7.06730769230769,25.485,8,1,1,66.73754012089219,17.19267108204629,44.0
2024-06-01,RVJ,NORTH BRISTOL NHS TRUST,618,585,94.66019417475728,5.82978723404255,15.3858823529412,0,0,0,66.73754012089219,27.922654053865088,12.0
2024-06-01,RNN,NORTH CUMBRIA INTEGRATED CARE NHS FOUNDATION TRUST,922,460,49.891540130151846,18.0333333333333,43.12,27,2,0,66.73754012089219,-16.845999990740346,108.0
2024-06-01,RAP,NORTH MIDDLESEX UNIVERSITY HOSPITAL NHS TRUST,524,398,75.95419847328245,11.5882352941176,24.7914285714286,0,0,0,66.73754012089219,9.216658352390255,64.0
2024-06-01,RVW,NORTH TEES AND HARTLEPOOL NHS FOUNDATION TRUST,529,326,61.62570888468809,11.8333333333333,32.568,0,0,0,66.73754012089219,-5.111831236204104,90.0
2024-06-01,RGN,NORTH WEST ANGLIA NHS FOUNDATION TRUST,1857,817,43.99569197630587,21.1216216216216,52.58,159,1,0,66.73754012089219,-22.74184814458632,115.0
2024-06-01,RNS,NORTHAMPTON GENERAL HOSPITAL NHS TRUST,464,398,85.77586206896551,7.0,22.5542857142857,1,0,0,66.73754012089219,19.038321948073317,34.0
2024-06-01,RM3,NORTHERN CARE ALLIANCE NHS FOUNDATION TRUST,2539,1315,51.79204411185506,17.0714285714286,43.494,59,1,0,66.73754012089219,-14.945496009037129,107.0
2024-06-01,RJL,NORTHERN LINCOLNSHIRE AND GOOLE NHS FOUNDATION TRUST,872,595,68.23394495412845,13.08,30.84,1,0,0,66.73754012089219,1.4964048332362552,77.0
2024-06-01,RTF,NORTHUMBRIA HEALTHCARE NHS FOUNDATION TRUST,1009,751,74.43012884043607,10.1666666666667,30.6463157894737,0,0,0,66.73754012089219,7.692588719543878,68.0
2024-06-01,RX1,NOTTINGHAM UNIVERSITY HOSPITALS NHS TRUST,505,477,94.45544554455445,6.76666666666667,15.9125,1,0,0,66.73754012089219,27.71790542366226,14.0
2024-06-01,RTH,OXFORD UNIVERSITY HOSPITALS NHS FOUNDATION TRUST,2102,1398,66.5080875356803,13.2622950819672,32.7284210526316,18,3,0,66.73754012089219,-0.22945258521188805,81.0
2024-06-01,RPG,OXLEAS NHS FOUNDATION TRUST,0,0,,,,0,0,0,66.73754012089219,,
2024-06-01,RHU,PORTSMOUTH HOSPITALS UNIVERSITY NATIONAL HEALTH SERVICE TRUST,484,482,99.58677685950413,4.29268292682927,11.4895238095238,0,0,0,66.73754012089219,32.849236738611935,4.0
2024-06-01,RPC,QUEEN VICTORIA HOSPITAL NHS FOUNDATION TRUST,52,39,75.0,10.0,33.92,0,0,0,66.73754012089219,8.262459879107809,67.0
2024-06-01,RHW,ROYAL BERKSHIRE NHS FOUNDATION TRUST,143,123,86.01398601398601,7.40909090909091,22.8533333333333,0,0,0,66.73754012089219,19.276445893093822,32.0
2024-06-01,REF,ROYAL CORNWALL HOSPITALS NHS TRUST,400,366,91.5,4.94594594594595,18.5,2,0,0,66.73754012089219,24.76245987910781,20.0
2024-06-01,RH8,ROYAL DEVON UNIVERSITY HEALTHCARE NHS FOUNDATION TRUST,786,662,84.22391857506362,8.92857142857143,23.7381818181818,4,1,1,66.73754012089219,17.48637845417143,42.0
2024-06-01,RAL,ROYAL FREE LONDON NHS FOUNDATION TRUST,2382,1457,61.16708648194794,13.9642857142857,39.44,10,1,1,66.73754012089219,-5.570453638944251,91.0
2024-06-01,RAN,ROYAL NATIONAL ORTHOPAEDIC HOSPITAL NHS TRUST,144,116,80.55555555555556,9.92307692307692,25.74,0,0,0,66.73754012089219,13.818015434663366,56.0
2024-06-01,RGM,ROYAL PAPWORTH HOSPITAL NHS FOUNDATION TRUST,0,0,,,,0,0,0,66.73754012089219,,
2024-06-01,RA2,ROYAL SURREY COUNTY HOSPITAL NHS FOUNDATION TRUST,174,141,81.03448275862068,5.71428571428571,26.08,1,0,0,66.73754012089219,14.296942637728492,54.0
2024-06-01,RD1,ROYAL UNITED HOSPITALS BATH NHS FOUNDATION TRUST,1290,994,77.05426356589146,9.6875,24.1870967741935,0,0,0,66.73754012089219,10.316723444999269,63.0
2024-06-01,RNZ,SALISBURY NHS FOUNDATION TRUST,589,481,81.66383701188455,10.1666666666667,22.7057142857143,2,0,0,66.73754012089219,14.926296890992361,49.0
2024-06-01,RXK,SANDWELL AND WEST BIRMINGHAM HOSPITALS NHS TRUST,825,596,72.24242424242424,8.43103448275862,39.8,17,0,0,66.73754012089219,5.504884121532044,72.0
2024-06-01,RCU,SHEFFIELD CHILDREN'S NHS FOUNDATION TRUST,0,0,,,,0,0,0,66.73754012089219,,
2024-06-01,RHQ,SHEFFIELD TEACHING HOSPITALS NHS FOUNDATION TRUST,1018,867,85.16699410609037,7.02564102564103,21.8676923076923,1,0,0,66.73754012089219,18.42945398519818,38.0
2024-06-01,RK5,SHERWOOD FOREST HOSPITALS NHS FOUNDATION TRUST,427,341,79.85948477751757,8.09615384615385,25.6133333333333,0,0,0,66.73754012089219,13.121944656625374,59.0
2024-06-01,R1D,SHROPSHIRE COMMUNITY HEALTH NHS TRUST,16,15,93.75,,,0,0,0,66.73754012089219,27.01245987910781,15.0
2024-06-01,R1C,SOLENT NHS TRUST,0,0,,,,0,0,0,66.73754012089219,,
2024-06-01,RH5,SOMERSET NHS FOUNDATION TRUST,932,633,67.91845493562232,12.2608695652174,34.0733333333333,9,0,0,66.73754012089219,1.18091481473013,78.0
2024-06-01,RTR,SOUTH TEES HOSPITALS NHS FOUNDATION TRUST,1275,799,62.66666666666667,13.8289473684211,38.3157894736842,14,1,0,66.73754012089219,-4.07087345422552,88.0
2024-06-01,R0B,SOUTH TYNESIDE AND SUNDERLAND NHS FOUNDATION TRUST,1218,919,75.45155993431855,8.93617021276596,24.8892307692308,0,0,0,66.73754012089219,8.714019813426361,65.0
2024-06-01,RJC,SOUTH WARWICKSHIRE UNIVERSITY NHS FOUNDATION TRUST,816,603,73.89705882352942,10.7058823529412,32.2866666666667,0,0,0,66.73754012089219,7.159518702637229,69.0
2024-06-01,RXG,SOUTH WEST YORKSHIRE PARTNERSHIP NHS FOUNDATION TRUST,0,0,,,,0,0,0,66.73754012089219,,
2024-06-01,RW1,SOUTHERN HEALTH NHS FOUNDATION TRUST,117,117,100.0,8.04545454545454,16.0711111111111,0,0,0,66.73754012089219,33.26245987910781,1.0
2024-06-01,RJ7,ST GEORGE'S UNIVERSITY HOSPITALS NHS FOUNDATION TRUST,1035,864,83.47826086956522,7.36458333333333,27.8666666666667,7,1,0,66.73754012089219,16.740720748673027,46.0
2024-06-01,RWJ,STOCKPORT NHS FOUNDATION TRUST,883,570,64.55266138165345,11.475,33.9573333333333,3,0,0,66.73754012089219,-2.1848787392387408,84.0
2024-06-01,RTP,SURREY AND SUSSEX HEALTHCARE NHS TRUST,512,337,65.8203125,10.8235294117647,38.005,0,0,0,66.73754012089219,-0.9172276208921915,82.0
2024-06-01,RDR,SUSSEX COMMUNITY NHS FOUNDATION TRUST,120,107,89.16666666666667,8.33333333333333,18.68,0,0,0,66.73754012089219,22.42912654577448,25.0
2024-06-01,RMP,TAMESIDE AND GLOSSOP INTEGRATED CARE NHS FOUNDATION TRUST,435,412,94.71264367816093,4.10714285714286,15.8857142857143,1,0,0,66.73754012089219,27.97510355726874,11.0
2024-06-01,RBV,THE CHRISTIE NHS FOUNDATION TRUST,0,0,,,,0,0,0,66.73754012089219,,
2024-06-01,REN,THE CLATTERBRIDGE CANCER CENTRE NHS FOUNDATION TRUST,0,0,,,,0,0,0,66.73754012089219,,
2024-06-01,RNA,THE DUDLEY GROUP NHS FOUNDATION TRUST,1115,693,62.152466367713,13.9318181818182,38.1,9,0,0,66.73754012089219,-4.585073753179195,89.0
2024-06-01,RAS,THE HILLINGDON HOSPITALS NHS FOUNDATION TRUST,869,190,21.86421173762946,30.6212121212121,48.58,35,0,0,66.73754012089219,-44.87332838326273,123.0
2024-06-01,RTD,THE NEWCASTLE UPON TYNE HOSPITALS NHS FOUNDATION TRUST,1057,627,59.31882686849575,13.0576923076923,51.888,84,1,0,66.73754012089219,-7.418713252396444,94.0
2024-06-01,RQW,THE PRINCESS ALEXANDRA HOSPITAL NHS TRUST,955,510,53.403141361256544,17.0441176470588,50.65,67,16,0,66.73754012089219,-13.334398759635647,104.0
2024-06-01,RCX,"THE QUEEN ELIZABETH HOSPITAL, KING'S LYNN, NHS FOUNDATION TRUST",900,509,56.55555555555556,15.0869565217391,36.4583333333333,0,0,0,66.73754012089219,-10.181984565336634,99.0
2024-06-01,RL1,THE ROBERT JONES AND AGNES HUNT ORTHOPAEDIC HOSPITAL NHS FOUNDATION TRUST,1592,676,42.462311557788944,22.1851851851852,52.1257142857143,130,16,0,66.73754012089219,-24.275228563103248,118.0
2024-06-01,RFR,THE ROTHERHAM NHS FOUNDATION TRUST,512,486,94.921875,3.48936170212766,15.0066666666667,0,0,0,66.73754012089219,28.18433487910781,10.0
2024-06-01,RPY,THE ROYAL MARSDEN NHS FOUNDATION TRUST,0,0,,,,0,0,0,66.73754012089219,,
2024-06-01,RRJ,THE ROYAL ORTHOPAEDIC HOSPITAL NHS FOUNDATION TRUST,0,0,,,,0,0,0,66.73754012089219,,
2024-06-01,RL4,THE ROYAL WOLVERHAMPTON NHS TRUST,3378,1907,56.45352279455299,15.7191011235955,36.6904347826087,0,0,0,66.73754012089219,-10.284017326339203,100.0
2024-06-01,RXW,THE SHREWSBURY AND TELFORD HOSPITAL NHS TRUST,0,0,,,,0,0,0,66.73754012089219,,
2024-06-01,RET,THE WALTON CENTRE NHS FOUNDATION TRUST,0,0,,,,0,0,0,66.73754012089219,,
2024-06-01,RA9,TORBAY AND SOUTH DEVON NHS FOUNDATION TRUST,563,510,90.58614564831261,5.75490196078431,19.8514285714286,1,0,0,66.73754012089219,23.848605527420418,22.0
2024-06-01,RWD,UNITED LINCOLNSHIRE HOSPITALS NHS TRUST,2011,755,37.54351069119841,26.3055555555556,54.0509090909091,212,16,0,66.73754012089219,-29.194029429693785,120.0
2024-06-01,RRV,UNIVERSITY COLLEGE LONDON HOSPITALS NHS FOUNDATION TRUST,1471,927,63.01835486063902,13.8928571428571,41.9244444444445,39,1,0,66.73754012089219,-3.7191852602531696,87.0
2024-06-01,RHM,UNIVERSITY HOSPITAL SOUTHAMPTON NHS FOUNDATION TRUST,657,564,85.84474885844749,7.92857142857143,21.644,1,0,0,66.73754012089219,19.107208737555297,33.0
2024-06-01,RRK,UNIVERSITY HOSPITALS BIRMINGHAM NHS FOUNDATION TRUST,924,772,83.54978354978356,8.275,26.44,3,0,0,66.73754012089219,16.812243428891364,45.0
2024-06-01,RA7,UNIVERSITY HOSPITALS BRISTOL AND WESTON NHS FOUNDATION TRUST,967,654,67.63185108583247,10.7424242424242,37.6171428571429,1,0,0,66.73754012089219,0.8943109649402743,79.0
2024-06-01,RKB,UNIVERSITY HOSPITALS COVENTRY AND WARWICKSHIRE NHS TRUST,641,613,95.63182527301092,5.2843137254902,15.6355555555556,0,0,0,66.73754012089219,28.894285152118727,9.0
2024-06-01,R0D,UNIVERSITY HOSPITALS DORSET NHS FOUNDATION TRUST,1056,914,86.5530303030303,8.27777777777778,20.4815384615385,1,0,0,66.73754012089219,19.815490182138106,29.0
2024-06-01,RTG,UNIVERSITY HOSPITALS OF DERBY AND BURTON NHS FOUNDATION TRUST,2777,1347,48.5055815628376,18.4191919191919,42.5866666666667,46,5,0,66.73754012089219,-18.231958558054593,112.0
2024-06-01,RWE,UNIVERSITY HOSPITALS OF LEICESTER NHS TRUST,3239,2340,72.24451991355356,10.614406779661,32.6090322580645,10,0,0,66.73754012089219,5.506979792661369,71.0
2024-06-01,RTX,UNIVERSITY HOSPITALS OF MORECAMBE BAY NHS FOUNDATION TRUST,715,665,93.00699300699301,5.89622641509434,17.52,2,0,0,66.73754012089219,26.269452886100822,17.0
2024-06-01,RJE,UNIVERSITY HOSPITALS OF NORTH MIDLANDS NHS TRUST,2,2,100.0,,,0,0,0,66.73754012089219,33.26245987910781,1.0
2024-06-01,RK9,UNIVERSITY HOSPITALS PLYMOUTH NHS TRUST,456,326,71.49122807017544,8.25,48.1733333333333,32,9,0,66.73754012089219,4.753687949283247,76.0
2024-06-01,RYR,UNIVERSITY HOSPITALS SUSSEX NHS FOUNDATION TRUST,2294,1120,48.82301656495205,18.75,49.3223529411765,139,21,0,66.73754012089219,-17.914523555940143,111.0
2024-06-01,RBK,WALSALL HEALTHCARE NHS TRUST,1000,585,58.5,15.2162162162162,34.1,3,0,0,66.73754012089219,-8.237540120892191,95.0
2024-06-01,RWW,WARRINGTON AND HALTON TEACHING HOSPITALS NHS FOUNDATION TRUST,632,540,85.44303797468355,8.27272727272727,20.6293333333333,0,0,0,66.73754012089219,18.705497853791357,37.0
2024-06-01,RWG,WEST HERTFORDSHIRE TEACHING HOSPITALS NHS TRUST,855,467,54.61988304093567,16.7045454545455,65.9555555555556,120,77,0,66.73754012089219,-12.117657079956523,101.0
2024-06-01,RGR,WEST SUFFOLK NHS FOUNDATION TRUST,280,244,87.14285714285714,4.33333333333333,20.825,2,0,0,66.73754012089219,20.405317021964947,27.0
2024-06-01,RKE,WHITTINGTON HEALTH NHS TRUST,608,436,71.71052631578947,10.3529411764706,35.17,3,0,0,66.73754012089219,4.972986194897274,75.0
2024-06-01,RBL,WIRRAL UNIVERSITY TEACHING HOSPITAL NHS FOUNDATION TRUST,973,528,54.26515930113053,16.3472222222222,38.93,2,0,0,66.73754012089219,-12.47238081976166,103.0
2024-06-01,RWP,WORCESTERSHIRE ACUTE HOSPITALS NHS TRUST,1054,673,63.85199240986717,13.0571428571429,33.784,0,0,0,66.73754012089219,-2.885547711025019,86.0
2024-06-01,RRF,"WRIGHTINGTON, WIGAN AND LEIGH NHS FOUNDATION TRUST",1247,997,79.95188452285485,10.3028169014085,24.1723076923077,1,0,0,66.73754012089219,13.214344401962663,58.0
2024-06-01,RLQ,WYE VALLEY NHS TRUST,475,289,60.8421052631579,14.6875,35.4,1,0,0,66.73754012089219,-5.895434857734294,92.0
2024-06-01,RCB,YORK AND SCARBOROUGH TEACHING HOSPITALS NHS FOUNDATION TRUST,589,479,81.32427843803056,8.06521739130435,24.776,2,0,0,66.73754012089219,14.58673831713837,50.0
2024-07-01,RCF,AIREDALE NHS FOUNDATION TRUST,395,356,90.12658227848101,7.58333333333333,19.5666666666667,0,0,0,66.45786606856777,23.668716209913242,23.0
2024-07-01,RBS,ALDER HEY CHILDREN'S NHS FOUNDATION TRUST,0,0,,,,0,0,0,66.45786606856777,,
2024-07-01,RTK,ASHFORD AND ST PETER'S HOSPITALS NHS FOUNDATION TRUST,259,233,89.96138996138995,4.23913043478261,19.14,0,0,0,66.45786606856777,23.503523892822187,24.0
2024-07-01,RF4,"BARKING, HAVERING AND REDBRIDGE UNIVERSITY HOSPITALS NHS TRUST",866,713,82.3325635103926,8.97368421052632,26.144,8,2,0,66.45786606856777,15.874697441824836,44.0
2024-07-01,RFF,BARNSLEY HOSPITAL NHS FOUNDATION TRUST,204,200,98.0392156862745,4.57894736842105,12.536,0,0,0,66.45786606856777,31.581349617706735,2.0
2024-07-01,R1H,BARTS HEALTH NHS TRUST,1149,989,86.07484769364665,7.15178571428571,25.5828571428572,5,1,0,66.45786606856777,19.61698162507888,32.0
2024-07-01,RC9,BEDFORDSHIRE HOSPITALS NHS FOUNDATION TRUST,1033,862,83.4462729912875,7.76612903225806,23.7969230769231,3,1,1,66.45786606856777,16.988406922719733,42.0
2024-07-01,RWX,BERKSHIRE HEALTHCARE NHS FOUNDATION TRUST,0,0,,,,0,0,0,66.45786606856777,,
2024-07-01,RYW,BIRMINGHAM COMMUNITY HEALTHCARE NHS FOUNDATION TRUST,0,0,,,,0,0,0,66.45786606856777,,
2024-07-01,RQ3,BIRMINGHAM WOMEN'S AND CHILDREN'S NHS FOUNDATION TRUST,0,0,,,,0,0,0,66.45786606856777,,
2024-07-01,RXL,BLACKPOOL TEACHING HOSPITALS NHS FOUNDATION TRUST,817,475,58.139534883720934,14.55,33.8866666666667,0,0,0,66.45786606856777,-8.318331184846834,96.0
2024-07-01,RMC,BOLTON NHS FOUNDATION TRUST,1076,446,41.44981412639405,22.2857142857143,56.7011764705882,152,5,0,66.45786606856777,-25.008051942173715,116.0
2024-07-01,TAD,BRADFORD DISTRICT CARE NHS FOUNDATION TRUST,0,0,,,,0,0,0,66.45786606856777,,
2024-07-01,RAE,BRADFORD TEACHING HOSPITALS NHS FOUNDATION TRUST,456,413,90.5701754385965,4.52941176470588,19.36,0,0,0,66.45786606856777,24.112309370028726,20.0
2024-07-01,RXQ,BUCKINGHAMSHIRE HEALTHCARE NHS TRUST,1128,591,52.3936170212766,16.625,46.5236363636364,43,0,0,66.45786606856777,-14.06424904729117,106.0
2024-07-01,RWY,CALDERDALE AND HUDDERSFIELD NHS FOUNDATION TRUST,975,764,78.35897435897435,10.0865384615385,24.9230769230769,0,0,0,66.45786606856777,11.901108290406583,57.0
2024-07-01,RGT,CAMBRIDGE UNIVERSITY HOSPITALS NHS FOUNDATION TRUST,1954,1548,79.22210849539407,9.21917808219178,28.3929411764706,4,0,0,66.45786606856777,12.7642424268263,55.0
2024-07-01,RT1,CAMBRIDGESHIRE AND PETERBOROUGH NHS FOUNDATION TRUST,0,0,,,,0,0,0,66.45786606856777,,
2024-07-01,RV3,CENTRAL AND NORTH WEST LONDON NHS FOUNDATION TRUST,0,0,,,,0,0,0,66.45786606856777,,
2024-07-01,RQM,CHELSEA AND WESTMINSTER HOSPITAL NHS FOUNDATION TRUST,1330,745,56.015037593984964,14.8333333333333,46.86,59,0,0,66.45786606856777,-10.442828474582804,101.0
2024-07-01,RFS,CHESTERFIELD ROYAL HOSPITAL NHS FOUNDATION TRUST,944,445,47.13983050847458,19.0,40.64,9,1,0,66.45786606856777,-19.318035560093186,113.0
2024-07-01,RJ8,CORNWALL PARTNERSHIP NHS FOUNDATION TRUST,0,0,,,,0,0,0,66.45786606856777,,
2024-07-01,RJR,COUNTESS OF CHESTER HOSPITAL NHS FOUNDATION TRUST,584,300,51.369863013698634,16.9375,46.2133333333333,13,0,0,66.45786606856777,-15.088003054869134,107.0
2024-07-01,RXP,COUNTY DURHAM AND DARLINGTON NHS FOUNDATION TRUST,811,444,54.747225647348955,15.8166666666667,44.6514285714286,18,1,0,66.45786606856777,-11.710640421218812,102.0
2024-07-01,RJ6,CROYDON HEALTH SERVICES NHS TRUST,851,660,77.55581668625146,10.890243902439,22.3115789473684,0,0,0,66.45786606856777,11.097950617683694,62.0
2024-07-01,RX4,"CUMBRIA, NORTHUMBERLAND, TYNE AND WEAR NHS FOUNDATION TRUST",0,0,,,,0,0,0,66.45786606856777,,
2024-07-01,RN7,DARTFORD AND GRAVESHAM NHS TRUST,0,0,,,,0,0,0,66.45786606856777,,
2024-07-01,RP5,DONCASTER AND BASSETLAW TEACHING HOSPITALS NHS FOUNDATION TRUST,1177,860,73.06711979609176,10.8777777777778,29.2946666666667,1,0,0,66.45786606856777,6.609253727523992,70.0
2024-07-01,RBD,DORSET COUNTY HOSPITAL NHS FOUNDATION TRUST,7,5,71.42857142857143,,,0,0,0,66.45786606856777,4.970705360003663,72.0
2024-07-01,RWH,EAST AND NORTH HERTFORDSHIRE NHS TRUST,1291,631,48.876839659178934,18.3918918918919,37.7813333333333,18,1,0,66.45786606856777,-17.581026409388834,112.0
2024-07-01,RJN,EAST CHESHIRE NHS TRUST,0,0,,,,0,0,0,66.45786606856777,,
2024-07-01,RVV,EAST KENT HOSPITALS UNIVERSITY NHS FOUNDATION TRUST,2971,1252,42.14069336923595,21.05,42.9098412698413,14,0,0,66.45786606856777,-24.31717269933182,115.0
2024-07-01,RXR,EAST LANCASHIRE HOSPITALS NHS TRUST,1244,702,56.430868167202576,15.0384615384615,39.1345454545455,13,0,0,66.45786606856777,-10.026997901365192,99.0
2024-07-01,RDE,EAST SUFFOLK AND NORTH ESSEX NHS FOUNDATION TRUST,1203,1114,92.60182876142976,6.92073170731707,17.5173333333333,0,0,0,66.45786606856777,26.14396269286199,16.0
2024-07-01,RXC,EAST SUSSEX HEALTHCARE NHS TRUST,399,325,81.45363408521304,8.87931034482759,24.416,1,0,0,66.45786606856777,14.995768016645272,47.0
2024-07-01,RVR,EPSOM AND ST HELIER UNIVERSITY HOSPITALS NHS TRUST,484,338,69.83471074380165,11.4117647058824,29.785,1,1,0,66.45786606856777,3.376844675233883,74.0
2024-07-01,R1L,ESSEX PARTNERSHIP UNIVERSITY NHS FOUNDATION TRUST,0,0,,,,0,0,0,66.45786606856777,,
2024-07-01,RDU,FRIMLEY HEALTH NHS FOUNDATION TRUST,907,724,79.82359426681367,7.70652173913043,24.6492307692308,2,0,0,66.45786606856777,13.365728198245904,51.0
2024-07-01,RR7,GATESHEAD HEALTH NHS FOUNDATION TRUST,401,353,88.02992518703242,7.36206896551724,21.9866666666667,0,0,0,66.45786606856777,21.57205911846465,29.0
2024-07-01,RLT,GEORGE ELIOT HOSPITAL NHS TRUST,473,424,89.64059196617336,11.125,20.86,0,0,0,66.45786606856777,23.182725897605593,25.0
2024-07-01,RTE,GLOUCESTERSHIRE HOSPITALS NHS FOUNDATION TRUST,1119,744,66.48793565683646,11.5760869565217,35.435,10,0,0,66.45786606856777,0.030069588268688108,78.0
2024-07-01,RP4,GREAT ORMOND STREET HOSPITAL FOR CHILDREN NHS FOUNDATION TRUST,0,0,,,,0,0,0,66.45786606856777,,
2024-07-01,RN3,GREAT WESTERN HOSPITALS NHS FOUNDATION TRUST,412,385,93.44660194174757,5.65789473684211,16.408,0,0,0,66.45786606856777,26.988735873179806,13.0
2024-07-01,RJ1,GUY'S AND ST THOMAS' NHS FOUNDATION TRUST,892,697,78.1390134529148,9.62222222222222,32.264,0,0,0,66.45786606856777,11.681147384347028,59.0
2024-07-01,RN5,HAMPSHIRE HOSPITALS NHS FOUNDATION TRUST,1742,990,56.831228473019515,14.9565217391304,40.464,10,2,0,66.45786606856777,-9.626637595548253,98.0
2024-07-01,RCD,HARROGATE AND DISTRICT NHS FOUNDATION TRUST,433,393,90.76212471131639,7.14,18.7657142857143,1,0,0,66.45786606856777,24.30425864274862,19.0
2024-07-01,R1A,HEREFORDSHIRE AND WORCESTERSHIRE HEALTH AND CARE NHS TRUST,0,0,,,,0,0,0,66.45786606856777,,
2024-07-01,RQX,HOMERTON HEALTHCARE NHS FOUNDATION TRUST,186,178,95.6989247311828,3.05,11.824,0,0,0,66.45786606856777,29.241058662615032,6.0
2024-07-01,RWA,HULL UNIVERSITY TEACHING HOSPITALS NHS TRUST,2029,796,39.231148348940366,23.8552631578947,49.8616666666667,122,0,0,66.45786606856777,-27.226717719627402,120.0
2024-07-01,RYJ,IMPERIAL COLLEGE HEALTHCARE NHS TRUST,1223,802,65.57645134914145,11.6489361702128,30.4622222222222,8,1,0,66.45786606856777,-0.8814147194263171,80.0
2024-07-01,R1F,ISLE OF WIGHT NHS TRUST,327,302,92.35474006116208,5.86,17.71,0,0,0,66.45786606856777,25.89687399259431,17.0
2024-07-01,RGP,JAMES PAGET UNIVERSITY HOSPITALS NHS FOUNDATION TRUST,403,357,88.58560794044665,7.52857142857143,21.76,2,0,0,66.45786606856777,22.127741871878882,27.0
2024-07-01,RYY,KENT COMMUNITY HEALTH NHS FOUNDATION TRUST,0,0,,,,0,0,0,66.45786606856777,,
2024-07-01,RNQ,KETTERING GENERAL HOSPITAL NHS FOUNDATION TRUST,804,708,88.05970149253731,7.01351351351351,21.336,0,0,0,66.45786606856777,21.601835423969547,28.0
2024-07-01,RJZ,KING'S COLLEGE HOSPITAL NHS FOUNDATION TRUST,1322,1077,81.46747352496217,8.23880597014925,25.905,18,4,0,66.45786606856777,15.009607456394406,46.0
2024-07-01,RAX,KINGSTON HOSPITAL NHS FOUNDATION TRUST,736,671,91.16847826086956,8.0,18.2781818181818,0,0,0,66.45786606856777,24.710612192301795,18.0
2024-07-01,RW5,LANCASHIRE & SOUTH CUMBRIA NHS FOUNDATION TRUST,451,423,93.79157427937915,5.98571428571429,16.115,0,0,0,66.45786606856777,27.33370821081138,10.0
2024-07-01,RXN,LANCASHIRE TEACHING HOSPITALS NHS FOUNDATION TRUST,0,0,,,,0,0,0,66.45786606856777,,
2024-07-01,RY6,LEEDS COMMUNITY HEALTHCARE NHS TRUST,0,0,,,,0,0,0,66.45786606856777,,
2024-07-01,RR8,LEEDS TEACHING HOSPITALS NHS TRUST,2360,1978,83.81355932203391,8.02752293577982,21.405,0,0,0,66.45786606856777,17.355693253466143,40.0
2024-07-01,RJ2,LEWISHAM AND GREENWICH NHS TRUST,843,634,75.20759193357058,6.45,31.9511111111111,10,1,0,66.45786606856777,8.749725865002816,64.0
2024-07-01,RP7,LINCOLNSHIRE PARTNERSHIP NHS FOUNDATION TRUST,0,0,,,,0,0,0,66.45786606856777,,
2024-07-01,RBQ,LIVERPOOL HEART AND CHEST HOSPITAL NHS FOUNDATION TRUST,0,0,,,,0,0,0,66.45786606856777,,
2024-07-01,REM,LIVERPOOL UNIVERSITY HOSPITALS NHS FOUNDATION TRUST,667,559,83.80809595202399,7.38333333333333,22.455,0,0,0,66.45786606856777,17.350229883456223,41.0
2024-07-01,REP,LIVERPOOL WOMEN'S NHS FOUNDATION TRUST,0,0,,,,0,0,0,66.45786606856777,,
2024-07-01,R1K,LONDON NORTH WEST UNIVERSITY HEALTHCARE NHS TRUST,756,602,79.62962962962963,7.925,23.0742857142857,0,0,0,66.45786606856777,13.171763561061866,53.0
2024-07-01,RWF,MAIDSTONE AND TUNBRIDGE WELLS NHS TRUST,870,678,77.93103448275862,10.3061224489796,25.8,0,0,0,66.45786606856777,11.473168414190852,60.0
2024-07-01,R0A,MANCHESTER UNIVERSITY NHS FOUNDATION TRUST,1342,1099,81.89269746646795,8.05263157894737,24.5792592592593,2,0,0,66.45786606856777,15.434831397900183,45.0
2024-07-01,RPA,MEDWAY NHS FOUNDATION TRUST,3190,1152,36.1128526645768,24.8166666666667,49.4105263157895,202,1,0,66.45786606856777,-30.34501340399097,121.0
2024-07-01,RBN,MERSEY AND WEST LANCASHIRE TEACHING HOSPITALS NHS TRUST,1016,750,73.81889763779527,9.55813953488372,34.1433333333333,7,1,0,66.45786606856777,7.361031569227507,68.0
2024-07-01,RW4,MERSEY CARE NHS FOUNDATION TRUST,0,0,,,,0,0,0,66.45786606856777,,
2024-07-01,RAJ,MID AND SOUTH ESSEX NHS FOUNDATION TRUST,2785,1687,60.57450628366248,13.7526315789474,37.1925925925926,58,5,0,66.45786606856777,-5.883359784905288,94.0
2024-07-01,RBT,MID CHESHIRE HOSPITALS NHS FOUNDATION TRUST,1502,491,32.689747003994675,29.15,60.4938461538462,307,40,0,66.45786606856777,-33.76811906457309,123.0
2024-07-01,RXF,MID YORKSHIRE TEACHING NHS TRUST,831,516,62.093862815884485,12.7884615384615,30.152,3,0,0,66.45786606856777,-4.364003252683283,89.0
2024-07-01,RRE,MIDLANDS PARTNERSHIP NHS FOUNDATION TRUST,3221,3084,95.74666252716547,1.91214057507987,10.2311111111111,0,0,0,66.45786606856777,29.2887964585977,5.0
2024-07-01,RD8,MILTON KEYNES UNIVERSITY HOSPITAL NHS FOUNDATION TRUST,955,386,40.41884816753927,21.0326086956522,42.8,28,2,0,66.45786606856777,-26.0390179010285,117.0
2024-07-01,RP6,MOORFIELDS EYE HOSPITAL NHS FOUNDATION TRUST,0,0,,,,0,0,0,66.45786606856777,,
2024-07-01,RM1,NORFOLK AND NORWICH UNIVERSITY HOSPITALS NHS FOUNDATION TRUST,1060,909,85.75471698113208,7.22222222222222,24.8133333333333,3,0,0,66.45786606856777,19.29685091256431,33.0
2024-07-01,RVJ,NORTH BRISTOL NHS TRUST,643,601,93.46811819595645,6.51086956521739,16.445,0,0,0,66.45786606856777,27.010252127388682,12.0
2024-07-01,RNN,NORTH CUMBRIA INTEGRATED CARE NHS FOUNDATION TRUST,1129,594,52.61293179805138,16.5178571428571,42.36,31,5,0,66.45786606856777,-13.84493427051639,105.0
2024-07-01,RAP,NORTH MIDDLESEX UNIVERSITY HOSPITAL NHS TRUST,551,370,67.15063520871144,12.6111111111111,27.492,0,0,0,66.45786606856777,0.6927691401436675,77.0
2024-07-01,RVW,NORTH TEES AND HARTLEPOOL NHS FOUNDATION TRUST,509,344,67.58349705304518,10.2142857142857,33.5466666666667,0,0,0,66.45786606856777,1.1256309844774108,76.0
2024-07-01,RGN,NORTH WEST ANGLIA NHS FOUNDATION TRUST,1858,815,43.864370290635094,21.44,53.08,166,7,0,66.45786606856777,-22.593495777932674,114.0
2024-07-01,RNS,NORTHAMPTON GENERAL HOSPITAL NHS TRUST,449,383,85.30066815144765,7.046875,24.77,0,0,0,66.45786606856777,18.842802082879885,34.0
2024-07-01,RM3,NORTHERN CARE ALLIANCE NHS FOUNDATION TRUST,2513,1346,53.56148030242738,16.0446428571429,43.0457142857143,36,0,0,66.45786606856777,-12.89638576614039,103.0
2024-07-01,RJL,NORTHERN LINCOLNSHIRE AND GOOLE NHS FOUNDATION TRUST,863,557,64.5422943221321,13.0681818181818,29.8266666666667,0,0,0,66.45786606856777,-1.915571746435674,84.0
2024-07-01,RTF,NORTHUMBRIA HEALTHCARE NHS FOUNDATION TRUST,1044,781,74.80842911877394,11.3207547169811,29.9653333333333,0,0,0,66.45786606856777,8.350563050206176,65.0
2024-07-01,RX1,NOTTINGHAM UNIVERSITY HOSPITALS NHS TRUST,559,506,90.51878354203936,8.54761904761905,18.552,0,0,0,66.45786606856777,24.06091747347159,21.0
2024-07-01,RTH,OXFORD UNIVERSITY HOSPITALS NHS FOUNDATION TRUST,2174,1367,62.87948482060718,14.4130434782609,33.0415384615385,18,3,0,66.45786606856777,-3.5783812479605857,86.0
2024-07-01,RPG,OXLEAS NHS FOUNDATION TRUST,0,0,,,,0,0,0,66.45786606856777,,
2024-07-01,RHU,PORTSMOUTH HOSPITALS UNIVERSITY NATIONAL HEALTH SERVICE TRUST,502,484,96.41434262948208,4.60975609756098,12.9317647058824,14,0,0,66.45786606856777,29.95647656091431,4.0
2024-07-01,RPC,QUEEN VICTORIA HOSPITAL NHS FOUNDATION TRUST,46,39,84.78260869565217,10.2857142857143,20.66,0,0,0,66.45786606856777,18.324742627084404,37.0
2024-07-01,RHW,ROYAL BERKSHIRE NHS FOUNDATION TRUST,191,178,93.19371727748691,6.39285714285714,17.544,0,0,0,66.45786606856777,26.735851208919144,14.0
2024-07-01,REF,ROYAL CORNWALL HOSPITALS NHS TRUST,369,353,95.6639566395664,3.89285714285714,13.4933333333333,0,0,0,66.45786606856777,29.206090570998626,7.0
2024-07-01,RH8,ROYAL DEVON UNIVERSITY HEALTHCARE NHS FOUNDATION TRUST,819,655,79.97557997557998,9.41891891891892,25.81,3,0,0,66.45786606856777,13.517713907012208,50.0
2024-07-01,RAL,ROYAL FREE LONDON NHS FOUNDATION TRUST,2454,1493,60.83944580277099,13.3417721518987,38.4822222222222,10,2,0,66.45786606856777,-5.618420265796779,93.0
2024-07-01,RAN,ROYAL NATIONAL ORTHOPAEDIC HOSPITAL NHS TRUST,168,134,79.76190476190477,8.54545454545454,27.64,1,1,1,66.45786606856777,13.304038693337006,52.0
2024-07-01,RGM,ROYAL PAPWORTH HOSPITAL NHS FOUNDATION TRUST,0,0,,,,0,0,0,66.45786606856777,,
2024-07-01,RA2,ROYAL SURREY COUNTY HOSPITAL NHS FOUNDATION TRUST,180,141,78.33333333333333,4.21428571428571,27.2,2,1,0,66.45786606856777,11.875467264765561,58.0
2024-07-01,RD1,ROYAL UNITED HOSPITALS BATH NHS FOUNDATION TRUST,1422,1116,78.48101265822784,9.06521739130435,24.3290909090909,0,0,0,66.45786606856777,12.023146589660072,56.0
2024-07-01,RNZ,SALISBURY NHS FOUNDATION TRUST,681,507,74.44933920704845,10.9166666666667,23.552,4,0,0,66.45786606856777,7.991473138480686,66.0
2024-07-01,RXK,SANDWELL AND WEST BIRMINGHAM HOSPITALS NHS TRUST,897,667,74.35897435897436,8.56896551724138,42.1127272727273,21,2,0,66.45786606856777,7.901108290406597,67.0
2024-07-01,RCU,SHEFFIELD CHILDREN'S NHS FOUNDATION TRUST,0,0,,,,0,0,0,66.45786606856777,,
2024-07-01,RHQ,SHEFFIELD TEACHING HOSPITALS NHS FOUNDATION TRUST,1028,863,83.94941634241245,7.13207547169811,23.076,2,0,0,66.45786606856777,17.49155027384468,38.0
2024-07-01,RK5,SHERWOOD FOREST HOSPITALS NHS FOUNDATION TRUST,321,247,76.94704049844236,6.95833333333333,27.58,0,0,0,66.45786606856777,10.489174429874595,63.0
2024-07-01,R1D,SHROPSHIRE COMMUNITY HEALTH NHS TRUST,17,16,94.11764705882352,,,0,0,0,66.45786606856777,27.659780990255754,9.0
2024-07-01,R1C,SOLENT NHS TRUST,0,0,,,,0,0,0,66.45786606856777,,
2024-07-01,RH5,SOMERSET NHS FOUNDATION TRUST,931,602,64.66165413533834,12.5694444444444,32.6085714285714,8,0,0,66.45786606856777,-1.7962119332294293,83.0
2024-07-01,RTR,SOUTH TEES HOSPITALS NHS FOUNDATION TRUST,1302,839,64.43932411674346,13.1458333333333,39.2044444444445,13,1,0,66.45786606856777,-2.0185419518243037,85.0
2024-07-01,R0B,SOUTH TYNESIDE AND SUNDERLAND NHS FOUNDATION TRUST,1317,970,73.65223993925588,9.63392857142857,26.0863157894737,0,0,0,66.45786606856777,7.194373870688111,69.0
2024-07-01,RJC,SOUTH WARWICKSHIRE UNIVERSITY NHS FOUNDATION TRUST,774,601,77.6485788113695,8.60416666666667,25.7066666666667,4,0,0,66.45786606856777,11.190712742801736,61.0
2024-07-01,RXG,SOUTH WEST YORKSHIRE PARTNERSHIP NHS FOUNDATION TRUST,0,0,,,,0,0,0,66.45786606856777,,
2024-07-01,RW1,SOUTHERN HEALTH NHS FOUNDATION TRUST,121,117,96.69421487603306,9.58333333333333,16.72,0,0,0,66.45786606856777,30.23634880746529,3.0
2024-07-01,RJ7,ST GEORGE'S UNIVERSITY HOSPITALS NHS FOUNDATION TRUST,1028,862,83.85214007782102,7.97333333333333,26.3133333333333,4,0,0,66.45786606856777,17.39427400925325,39.0
2024-07-01,RWJ,STOCKPORT NHS FOUNDATION TRUST,939,619,65.92119275825347,12.0263157894737,35.1105882352941,5,1,0,66.45786606856777,-0.5366733103142991,79.0
2024-07-01,RTP,SURREY AND SUSSEX HEALTHCARE NHS TRUST,538,349,64.86988847583643,12.125,40.28,1,0,0,66.45786606856777,-1.5879775927313347,81.0
2024-07-01,RDR,SUSSEX COMMUNITY NHS FOUNDATION TRUST,114,97,85.08771929824562,8.8,19.61,0,0,0,66.45786606856777,18.62985322967785,35.0
2024-07-01,RMP,TAMESIDE AND GLOSSOP INTEGRATED CARE NHS FOUNDATION TRUST,411,372,90.51094890510949,6.79411764705882,19.16,1,0,0,66.45786606856777,24.05308283654172,22.0
2024-07-01,RBV,THE CHRISTIE NHS FOUNDATION TRUST,0,0,,,,0,0,0,66.45786606856777,,
2024-07-01,REN,THE CLATTERBRIDGE CANCER CENTRE NHS FOUNDATION TRUST,0,0,,,,0,0,0,66.45786606856777,,
2024-07-01,RNA,THE DUDLEY GROUP NHS FOUNDATION TRUST,1160,722,62.241379310344826,11.9047619047619,38.5333333333333,11,0,0,66.45786606856777,-4.216486758222942,88.0
2024-07-01,RAS,THE HILLINGDON HOSPITALS NHS FOUNDATION TRUST,990,324,32.72727272727273,26.047619047619,47.5272727272727,33,1,0,66.45786606856777,-33.73059334129504,122.0
2024-07-01,RTD,THE NEWCASTLE UPON TYNE HOSPITALS NHS FOUNDATION TRUST,1111,685,61.65616561656165,10.9516129032258,51.5563636363636,84,2,0,66.45786606856777,-4.801700452006116,91.0
2024-07-01,RQW,THE PRINCESS ALEXANDRA HOSPITAL NHS TRUST,1012,607,59.980237154150196,14.3111111111111,47.01,62,14,0,66.45786606856777,-6.477628914417572,95.0
2024-07-01,RCX,"THE QUEEN ELIZABETH HOSPITAL, KING'S LYNN, NHS FOUNDATION TRUST",890,473,53.146067415730336,16.25,39.92,0,0,0,66.45786606856777,-13.311798652837432,104.0
2024-07-01,RL1,THE ROBERT JONES AND AGNES HUNT ORTHOPAEDIC HOSPITAL NHS FOUNDATION TRUST,1693,684,40.401653868871826,21.8939393939394,50.7634782608696,119,7,0,66.45786606856777,-26.056212199695942,118.0
2024-07-01,RFR,THE ROTHERHAM NHS FOUNDATION TRUST,457,437,95.62363238512035,5.28181818181818,13.744,0,0,0,66.45786606856777,29.165766316552578,8.0
2024-07-01,RPY,THE ROYAL MARSDEN NHS FOUNDATION TRUST,0,0,,,,0,0,0,66.45786606856777,,
2024-07-01,RRJ,THE ROYAL ORTHOPAEDIC HOSPITAL NHS FOUNDATION TRUST,0,0,,,,0,0,0,66.45786606856777,,
2024-07-01,RL4,THE ROYAL WOLVERHAMPTON NHS TRUST,3331,1869,56.10927649354548,14.9955752212389,36.408,3,0,0,66.45786606856777,-10.348589575022288,100.0
2024-07-01,RXW,THE SHREWSBURY AND TELFORD HOSPITAL NHS TRUST,0,0,,,,0,0,0,66.45786606856777,,
2024-07-01,RET,THE WALTON CENTRE NHS FOUNDATION TRUST,0,0,,,,0,0,0,66.45786606856777,,
2024-07-01,RA9,TORBAY AND SOUTH DEVON NHS FOUNDATION TRUST,643,570,88.64696734059098,5.22881355932203,19.84,0,0,0,66.45786606856777,22.18910127202321,26.0
2024-07-01,RWD,UNITED LINCOLNSHIRE HOSPITALS NHS TRUST,2001,799,39.930034982508744,24.9375,53.1892307692308,200,15,0,66.45786606856777,-26.527831086059024,119.0
2024-07-01,RRV,UNIVERSITY COLLEGE LONDON HOSPITALS NHS FOUNDATION TRUST,1505,922,61.262458471760795,13.9342105263158,40.7,43,1,0,66.45786606856777,-5.195407596806973,92.0
2024-07-01,RHM,UNIVERSITY HOSPITAL SOUTHAMPTON NHS FOUNDATION TRUST,675,573,84.88888888888889,8.26,21.1666666666667,1,0,0,66.45786606856777,18.431022820321118,36.0
2024-07-01,RRK,UNIVERSITY HOSPITALS BIRMINGHAM NHS FOUNDATION TRUST,918,757,82.46187363834423,7.59615384615385,24.07,4,0,0,66.45786606856777,16.004007569776462,43.0
2024-07-01,RA7,UNIVERSITY HOSPITALS BRISTOL AND WESTON NHS FOUNDATION TRUST,845,547,64.73372781065089,11.21875,40.08,7,0,0,66.45786606856777,-1.7241382579168771,82.0
2024-07-01,RKB,UNIVERSITY HOSPITALS COVENTRY AND WARWICKSHIRE NHS TRUST,826,774,93.7046004842615,5.87837837837838,16.3563636363636,1,0,0,66.45786606856777,27.246734415693737,11.0
2024-07-01,R0D,UNIVERSITY HOSPITALS DORSET NHS FOUNDATION TRUST,1224,988,80.71895424836602,8.28333333333333,23.0044444444445,2,0,0,66.45786606856777,14.26108817979825,49.0
2024-07-01,RTG,UNIVERSITY HOSPITALS OF DERBY AND BURTON NHS FOUNDATION TRUST,2789,1375,49.30082466833991,18.2867647058824,41.796,36,2,0,66.45786606856777,-17.15704140022786,111.0
2024-07-01,RWE,UNIVERSITY HOSPITALS OF LEICESTER NHS TRUST,3401,2395,70.42046456924434,11.2304964539007,33.3008695652174,14,0,0,66.45786606856777,3.9625985006765774,73.0
2024-07-01,RTX,UNIVERSITY HOSPITALS OF MORECAMBE BAY NHS FOUNDATION TRUST,701,650,92.7246790299572,5.8015873015873,16.9955555555556,0,0,0,66.45786606856777,26.266812961389434,15.0
2024-07-01,RJE,UNIVERSITY HOSPITALS OF NORTH MIDLANDS NHS TRUST,4,4,100.0,,,0,0,0,66.45786606856777,33.54213393143223,1.0
2024-07-01,RK9,UNIVERSITY HOSPITALS PLYMOUTH NHS TRUST,446,308,69.05829596412556,8.6,44.44,23,6,0,66.45786606856777,2.600429895557795,75.0
2024-07-01,RYR,UNIVERSITY HOSPITALS SUSSEX NHS FOUNDATION TRUST,2508,1271,50.677830940988834,16.8387096774194,45.768,126,13,0,66.45786606856777,-15.780035127578934,108.0
2024-07-01,RBK,WALSALL HEALTHCARE NHS TRUST,1082,620,57.301293900184845,14.2083333333333,34.5552941176471,8,0,0,66.45786606856777,-9.156572168382922,97.0
2024-07-01,RWW,WARRINGTON AND HALTON TEACHING HOSPITALS NHS FOUNDATION TRUST,646,560,86.687306501548,8.03030303030303,20.1015384615385,0,0,0,66.45786606856777,20.229440432980226,31.0
2024-07-01,RWG,WEST HERTFORDSHIRE TEACHING HOSPITALS NHS TRUST,930,461,49.56989247311828,18.1379310344828,65.825,126,81,0,66.45786606856777,-16.887973595449488,110.0
2024-07-01,RGR,WEST SUFFOLK NHS FOUNDATION TRUST,289,254,87.88927335640139,4.41071428571429,23.2933333333333,2,1,0,66.45786606856777,21.431407287833622,30.0
2024-07-01,RKE,WHITTINGTON HEALTH NHS TRUST,630,458,72.6984126984127,11.2222222222222,33.3,1,0,0,66.45786606856777,6.240546629844928,71.0
2024-07-01,RBL,WIRRAL UNIVERSITY TEACHING HOSPITAL NHS FOUNDATION TRUST,1026,511,49.80506822612086,18.0869565217391,41.245,0,0,0,66.45786606856777,-16.65279784244691,109.0
2024-07-01,RWP,WORCESTERSHIRE ACUTE HOSPITALS NHS TRUST,1100,680,61.81818181818181,13.2,35.8333333333333,1,0,0,66.45786606856777,-4.6396842503859546,90.0
2024-07-01,RRF,"WRIGHTINGTON, WIGAN AND LEIGH NHS FOUNDATION TRUST",1220,968,79.34426229508198,10.9375,23.9625,0,0,0,66.45786606856777,12.886396226514208,54.0
2024-07-01,RLQ,WYE VALLEY NHS TRUST,460,288,62.60869565217392,12.1111111111111,33.6,0,0,0,66.45786606856777,-3.8491704163938465,87.0
2024-07-01,RCB,YORK AND SCARBOROUGH TEACHING HOSPITALS NHS FOUNDATION TRUST,599,487,81.30217028380635,8.90540540540541,26.385,1,0,0,66.45786606856777,14.84430421523858,48.0
2024-08-01,RCF,AIREDALE NHS FOUNDATION TRUST,351,297,84.61538461538461,8.90625,21.9733333333333,0,0,0,65.63445830680094,18.980926308583676,34.0
2024-08-01,RBS,ALDER HEY CHILDREN'S NHS FOUNDATION TRUST,0,0,,,,0,0,0,65.63445830680094,,
2024-08-01,RTK,ASHFORD AND ST PETER'S HOSPITALS NHS FOUNDATION TRUST,256,232,90.625,5.41176470588235,20.1733333333333,0,0,0,65.63445830680094,24.990541693199063,17.0
2024-08-01,RF4,"BARKING, HAVERING AND REDBRIDGE UNIVERSITY HOSPITALS NHS TRUST",781,671,85.91549295774648,7.43518518518519,22.9466666666667,3,0,0,65.63445830680094,20.281034650945543,27.0
2024-08-01,RFF,BARNSLEY HOSPITAL NHS FOUNDATION TRUST,207,204,98.55072463768117,4.11904761904762,12.44,0,0,0,65.63445830680094,32.916266330880234,3.0
2024-08-01,R1H,BARTS HEALTH NHS TRUST,1264,1052,83.22784810126582,8.51785714285714,25.74,12,0,0,65.63445830680094,17.593389794464883,36.0
2024-08-01,RC9,BEDFORDSHIRE HOSPITALS NHS FOUNDATION TRUST,954,797,83.54297693920336,8.85714285714286,24.21,9,0,0,65.63445830680094,17.90851863240242,35.0
2024-08-01,RWX,BERKSHIRE HEALTHCARE NHS FOUNDATION TRUST,0,0,,,,0,0,0,65.63445830680094,,
2024-08-01,RYW,BIRMINGHAM COMMUNITY HEALTHCARE NHS FOUNDATION TRUST,0,0,,,,0,0,0,65.63445830680094,,
2024-08-01,RQ3,BIRMINGHAM WOMEN'S AND CHILDREN'S NHS FOUNDATION TRUST,0,0,,,,0,0,0,65.63445830680094,,
2024-08-01,RXL,BLACKPOOL TEACHING HOSPITALS NHS FOUNDATION TRUST,825,470,56.96969696969697,15.4464285714286,33.2777777777778,1,0,0,65.63445830680094,-8.664761337103968,99.0
2024-08-01,RMC,BOLTON NHS FOUNDATION TRUST,1056,433,41.003787878787875,22.0,56.28,134,1,0,65.63445830680094,-24.63067042801306,117.0
2024-08-01,TAD,BRADFORD DISTRICT CARE NHS FOUNDATION TRUST,0,0,,,,0,0,0,65.63445830680094,,
2024-08-01,RAE,BRADFORD TEACHING HOSPITALS NHS FOUNDATION TRUST,547,498,91.0420475319927,5.32926829268293,19.2066666666667,0,0,0,65.63445830680094,25.407589225191757,16.0
2024-08-01,RXQ,BUCKINGHAMSHIRE HEALTHCARE NHS TRUST,1101,552,50.13623978201635,17.925,48.7177777777778,49,0,0,65.63445830680094,-15.49821852478459,107.0
2024-08-01,RWY,CALDERDALE AND HUDDERSFIELD NHS FOUNDATION TRUST,1031,773,74.97575169738118,11.6015625,26.1938461538462,0,0,0,65.63445830680094,9.341293390580248,64.0
2024-08-01,RGT,CAMBRIDGE UNIVERSITY HOSPITALS NHS FOUNDATION TRUST,1923,1549,80.55122204888195,9.80864197530864,27.48,2,0,0,65.63445830680094,14.916763742081017,46.0
2024-08-01,RT1,CAMBRIDGESHIRE AND PETERBOROUGH NHS FOUNDATION TRUST,0,0,,,,0,0,0,65.63445830680094,,
2024-08-01,RV3,CENTRAL AND NORTH WEST LONDON NHS FOUNDATION TRUST,0,0,,,,0,0,0,65.63445830680094,,
2024-08-01,RQM,CHELSEA AND WESTMINSTER HOSPITAL NHS FOUNDATION TRUST,1332,794,59.60960960960961,13.7142857142857,43.7672727272727,22,0,0,65.63445830680094,-6.024848697191324,92.0
2024-08-01,RFS,CHESTERFIELD ROYAL HOSPITAL NHS FOUNDATION TRUST,971,469,48.30072090628219,18.8684210526316,40.1933333333333,12,0,0,65.63445830680094,-17.33373740051875,111.0
2024-08-01,RJ8,CORNWALL PARTNERSHIP NHS FOUNDATION TRUST,0,0,,,,0,0,0,65.63445830680094,,
2024-08-01,RJR,COUNTESS OF CHESTER HOSPITAL NHS FOUNDATION TRUST,594,307,51.68350168350169,17.3333333333333,48.32,17,1,0,65.63445830680094,-13.950956623299248,106.0
2024-08-01,RXP,COUNTY DURHAM AND DARLINGTON NHS FOUNDATION TRUST,828,483,58.333333333333336,15.4,40.352,14,0,0,65.63445830680094,-7.301124973467601,96.0
2024-08-01,RJ6,CROYDON HEALTH SERVICES NHS TRUST,870,638,73.33333333333333,12.1428571428571,23.8083333333333,0,0,0,65.63445830680094,7.6988750265323915,66.0
2024-08-01,RX4,"CUMBRIA, NORTHUMBERLAND, TYNE AND WEAR NHS FOUNDATION TRUST",0,0,,,,0,0,0,65.63445830680094,,
2024-08-01,RN7,DARTFORD AND GRAVESHAM NHS TRUST,0,0,,,,0,0,0,65.63445830680094,,
2024-08-01,RP5,DONCASTER AND BASSETLAW TEACHING HOSPITALS NHS FOUNDATION TRUST,1152,787,68.31597222222221,12.1964285714286,28.7127272727273,2,0,0,65.63445830680094,2.6815139154212773,75.0
2024-08-01,RBD,DORSET COUNTY HOSPITAL NHS FOUNDATION TRUST,7,5,71.42857142857143,,,0,0,0,65.63445830680094,5.7941131217704935,68.0
2024-08-01,RWH,EAST AND NORTH HERTFORDSHIRE NHS TRUST,1233,592,48.012976480129765,18.7424242424242,38.6361904761905,8,0,0,65.63445830680094,-17.62148182667117,113.0
2024-08-01,RJN,EAST CHESHIRE NHS TRUST,0,0,,,,0,0,0,65.63445830680094,,
2024-08-01,RVV,EAST KENT HOSPITALS UNIVERSITY NHS FOUNDATION TRUST,3199,1334,41.70053141606752,21.3189655172414,44.3861538461538,18,0,0,65.63445830680094,-23.933926890733417,115.0
2024-08-01,RXR,EAST LANCASHIRE HOSPITALS NHS TRUST,1174,693,59.028960817717206,15.2307692307692,36.508,13,0,0,65.63445830680094,-6.6054974890837315,94.0
2024-08-01,RDE,EAST SUFFOLK AND NORTH ESSEX NHS FOUNDATION TRUST,1213,1136,93.65210222588624,7.23387096774194,17.0457142857143,0,0,0,65.63445830680094,28.0176439190853,10.0
2024-08-01,RXC,EAST SUSSEX HEALTHCARE NHS TRUST,373,308,82.57372654155496,9.675,23.54,1,0,0,65.63445830680094,16.939268234754024,38.0
2024-08-01,RVR,EPSOM AND ST HELIER UNIVERSITY HOSPITALS NHS TRUST,472,334,70.76271186440678,11.95,32.448,4,1,0,65.63445830680094,5.128253557605845,71.0
2024-08-01,R1L,ESSEX PARTNERSHIP UNIVERSITY NHS FOUNDATION TRUST,0,0,,,,0,0,0,65.63445830680094,,
2024-08-01,RDU,FRIMLEY HEALTH NHS FOUNDATION TRUST,906,739,81.56732891832229,7.875,24.7115789473684,4,1,0,65.63445830680094,15.932870611521352,42.0
2024-08-01,RR7,GATESHEAD HEALTH NHS FOUNDATION TRUST,433,387,89.37644341801386,8.41666666666667,20.7866666666667,0,0,0,65.63445830680094,23.741985111212927,20.0
2024-08-01,RLT,GEORGE ELIOT HOSPITAL NHS TRUST,447,307,68.68008948545862,11.5,19.5672727272727,0,0,0,65.63445830680094,3.045631178657686,73.0
2024-08-01,RTE,GLOUCESTERSHIRE HOSPITALS NHS FOUNDATION TRUST,1148,756,65.85365853658537,12.1521739130435,33.5133333333333,14,2,0,65.63445830680094,0.219200229784434,81.0
2024-08-01,RP4,GREAT ORMOND STREET HOSPITAL FOR CHILDREN NHS FOUNDATION TRUST,0,0,,,,0,0,0,65.63445830680094,,
2024-08-01,RN3,GREAT WESTERN HOSPITALS NHS FOUNDATION TRUST,427,394,92.27166276346604,6.75,17.8945454545455,0,0,0,65.63445830680094,26.637204456665103,13.0
2024-08-01,RJ1,GUY'S AND ST THOMAS' NHS FOUNDATION TRUST,710,606,85.35211267605634,9.425,22.2,0,0,0,65.63445830680094,19.7176543692554,31.0
2024-08-01,RN5,HAMPSHIRE HOSPITALS NHS FOUNDATION TRUST,1766,1019,57.701019252548136,14.8139534883721,40.272,10,1,0,65.63445830680094,-7.933439054252801,97.0
2024-08-01,RCD,HARROGATE AND DISTRICT NHS FOUNDATION TRUST,417,358,85.85131894484412,8.0625,21.728,1,0,0,65.63445830680094,20.216860638043187,28.0
2024-08-01,R1A,HEREFORDSHIRE AND WORCESTERSHIRE HEALTH AND CARE NHS TRUST,0,0,,,,0,0,0,65.63445830680094,,
2024-08-01,RQX,HOMERTON HEALTHCARE NHS FOUNDATION TRUST,182,173,95.05494505494505,3.84210526315789,15.288,0,0,0,65.63445830680094,29.420486748144114,6.0
2024-08-01,RWA,HULL UNIVERSITY TEACHING HOSPITALS NHS TRUST,1975,779,39.44303797468354,23.890625,50.8125,141,1,0,65.63445830680094,-26.191420332117396,119.0
2024-08-01,RYJ,IMPERIAL COLLEGE HEALTHCARE NHS TRUST,1174,747,63.62862010221465,13.1052631578947,31.7885714285714,4,0,0,65.63445830680094,-2.00583820458629,83.0
2024-08-01,R1F,ISLE OF WIGHT NHS TRUST,384,359,93.48958333333334,5.91666666666667,16.14,0,0,0,65.63445830680094,27.855125026532406,11.0
2024-08-01,RGP,JAMES PAGET UNIVERSITY HOSPITALS NHS FOUNDATION TRUST,372,322,86.55913978494624,7.31818181818182,24.7466666666667,2,0,0,65.63445830680094,20.924681478145303,25.0
2024-08-01,RYY,KENT COMMUNITY HEALTH NHS FOUNDATION TRUST,0,0,,,,0,0,0,65.63445830680094,,
2024-08-01,RNQ,KETTERING GENERAL HOSPITAL NHS FOUNDATION TRUST,837,737,88.05256869772998,8.04098360655738,20.1733333333333,0,0,0,65.63445830680094,22.418110390929044,22.0
2024-08-01,RJZ,KING'S COLLEGE HOSPITAL NHS FOUNDATION TRUST,1290,1034,80.15503875968992,9.75862068965517,27.4631578947368,17,2,0,65.63445830680094,14.520580452888979,49.0
2024-08-01,RAX,KINGSTON HOSPITAL NHS FOUNDATION TRUST,715,652,91.18881118881119,8.78571428571429,18.5272727272727,0,0,0,65.63445830680094,25.55435288201025,15.0
2024-08-01,RW5,LANCASHIRE & SOUTH CUMBRIA NHS FOUNDATION TRUST,495,431,87.07070707070706,7.46,18.9037037037037,0,0,0,65.63445830680094,21.43624876390612,23.0
2024-08-01,RXN,LANCASHIRE TEACHING HOSPITALS NHS FOUNDATION TRUST,0,0,,,,0,0,0,65.63445830680094,,
2024-08-01,RY6,LEEDS COMMUNITY HEALTHCARE NHS TRUST,0,0,,,,0,0,0,65.63445830680094,,
2024-08-01,RR8,LEEDS TEACHING HOSPITALS NHS TRUST,2577,2093,81.2184710904152,9.39615384615385,22.8565517241379,0,0,0,65.63445830680094,15.58401278361427,45.0
2024-08-01,RJ2,LEWISHAM AND GREENWICH NHS TRUST,937,711,75.88046958377801,7.20967741935484,32.608,6,1,0,65.63445830680094,10.246011276977072,60.0
2024-08-01,RP7,LINCOLNSHIRE PARTNERSHIP NHS FOUNDATION TRUST,0,0,,,,0,0,0,65.63445830680094,,
2024-08-01,RBQ,LIVERPOOL HEART AND CHEST HOSPITAL NHS FOUNDATION TRUST,0,0,,,,0,0,0,65.63445830680094,,
2024-08-01,REM,LIVERPOOL UNIVERSITY HOSPITALS NHS FOUNDATION TRUST,671,539,80.32786885245902,8.59523809523809,23.86,0,0,0,65.63445830680094,14.693410545658082,48.0
2024-08-01,REP,LIVERPOOL WOMEN'S NHS FOUNDATION TRUST,0,0,,,,0,0,0,65.63445830680094,,
2024-08-01,R1K,LONDON NORTH WEST UNIVERSITY HEALTHCARE NHS TRUST,829,680,82.02653799758745,7.375,24.14,0,0,0,65.63445830680094,16.392079690786517,39.0
2024-08-01,RWF,MAIDSTONE AND TUNBRIDGE WELLS NHS TRUST,913,718,78.64184008762322,10.8191489361702,28.0872727272727,0,0,0,65.63445830680094,13.007381780822286,51.0
2024-08-01,R0A,MANCHESTER UNIVERSITY NHS FOUNDATION TRUST,1528,1146,75.0,9.3125,28.9347368421053,2,0,0,65.63445830680094,9.365541693199063,63.0
2024-08-01,RPA,MEDWAY NHS FOUNDATION TRUST,3197,1170,36.59680950891461,25.6384615384615,51.3051851851852,237,1,0,65.63445830680094,-29.037648797886327,120.0
2024-08-01,RBN,MERSEY AND WEST LANCASHIRE TEACHING HOSPITALS NHS TRUST,1111,817,73.53735373537353,9.73404255319149,31.624,8,1,0,65.63445830680094,7.902895428572592,65.0
2024-08-01,RW4,MERSEY CARE NHS FOUNDATION TRUST,0,0,,,,0,0,0,65.63445830680094,,
2024-08-01,RAJ,MID AND SOUTH ESSEX NHS FOUNDATION TRUST,2916,1640,56.24142661179698,15.3703703703704,38.9525925925926,61,8,0,65.63445830680094,-9.393031695003955,100.0
2024-08-01,RBT,MID CHESHIRE HOSPITALS NHS FOUNDATION TRUST,1546,515,33.3117723156533,29.3913043478261,62.2371428571429,350,68,1,65.63445830680094,-32.32268599114764,122.0
2024-08-01,RXF,MID YORKSHIRE TEACHING NHS TRUST,842,492,58.432304038004744,14.551724137931,33.3472727272727,0,0,0,65.63445830680094,-7.202154268796193,95.0
2024-08-01,RRE,MIDLANDS PARTNERSHIP NHS FOUNDATION TRUST,3005,2838,94.44259567387687,3.44034090909091,14.2606060606061,0,0,0,65.63445830680094,28.80813736707593,7.0
2024-08-01,RD8,MILTON KEYNES UNIVERSITY HOSPITAL NHS FOUNDATION TRUST,844,275,32.58293838862559,23.6153846153846,43.435,32,3,0,65.63445830680094,-33.051519918175345,123.0
2024-08-01,RP6,MOORFIELDS EYE HOSPITAL NHS FOUNDATION TRUST,0,0,,,,0,0,0,65.63445830680094,,
2024-08-01,RM1,NORFOLK AND NORWICH UNIVERSITY HOSPITALS NHS FOUNDATION TRUST,1077,919,85.32961931290622,8.13492063492063,25.084,9,2,0,65.63445830680094,19.69516100610528,32.0
2024-08-01,RVJ,NORTH BRISTOL NHS TRUST,684,634,92.69005847953217,7.5,17.6628571428571,0,0,0,65.63445830680094,27.055600172731232,12.0
2024-08-01,RNN,NORTH CUMBRIA INTEGRATED CARE NHS FOUNDATION TRUST,1224,663,54.166666666666664,15.9259259259259,41.6755555555556,36,4,0,65.63445830680094,-11.467791640134273,103.0
2024-08-01,RAP,NORTH MIDDLESEX UNIVERSITY HOSPITAL NHS TRUST,604,400,66.22516556291392,13.8947368421053,28.5257142857143,0,0,0,65.63445830680094,0.590707256112978,78.0
2024-08-01,RVW,NORTH TEES AND HARTLEPOOL NHS FOUNDATION TRUST,520,370,71.15384615384616,9.80645161290323,33.1,1,0,0,65.63445830680094,5.519387847045223,69.0
2024-08-01,RGN,NORTH WEST ANGLIA NHS FOUNDATION TRUST,1949,900,46.177526936890715,20.3958333333333,54.6711111111111,205,1,0,65.63445830680094,-19.456931369910222,114.0
2024-08-01,RNS,NORTHAMPTON GENERAL HOSPITAL NHS TRUST,391,336,85.93350383631714,6.640625,24.43,1,1,0,65.63445830680094,20.299045529516206,26.0
2024-08-01,RM3,NORTHERN CARE ALLIANCE NHS FOUNDATION TRUST,2687,1463,54.447339039821365,16.0078125,43.1688888888889,69,0,0,65.63445830680094,-11.187119266979572,102.0
2024-08-01,RJL,NORTHERN LINCOLNSHIRE AND GOOLE NHS FOUNDATION TRUST,835,556,66.58682634730539,12.1,27.5777777777778,0,0,0,65.63445830680094,0.952368040504453,77.0
2024-08-01,RTF,NORTHUMBRIA HEALTHCARE NHS FOUNDATION TRUST,1011,785,77.64589515331355,11.1625,29.5413333333333,0,0,0,65.63445830680094,12.01143684651261,57.0
2024-08-01,RX1,NOTTINGHAM UNIVERSITY HOSPITALS NHS TRUST,634,542,85.48895899053628,9.14285714285714,19.4870588235294,0,0,0,65.63445830680094,19.85450068373534,29.0
2024-08-01,RTH,OXFORD UNIVERSITY HOSPITALS NHS FOUNDATION TRUST,2286,1373,60.06124234470691,14.6666666666667,32.2327272727273,14,2,0,65.63445830680094,-5.573215962094025,91.0
2024-08-01,RPG,OXLEAS NHS FOUNDATION TRUST,0,0,,,,0,0,0,65.63445830680094,,
2024-08-01,RHU,PORTSMOUTH HOSPITALS UNIVERSITY NATIONAL HEALTH SERVICE TRUST,485,480,98.96907216494846,4.81521739130435,11.6333333333333,0,0,0,65.63445830680094,33.33461385814752,2.0
2024-08-01,RPC,QUEEN VICTORIA HOSPITAL NHS FOUNDATION TRUST,52,40,76.92307692307693,12.4,22.84,0,0,0,65.63445830680094,11.288618616275997,58.0
2024-08-01,RHW,ROYAL BERKSHIRE NHS FOUNDATION TRUST,187,171,91.44385026737967,7.8125,19.02,0,0,0,65.63445830680094,25.809391960578736,14.0
2024-08-01,REF,ROYAL CORNWALL HOSPITALS NHS TRUST,425,411,96.70588235294117,4.52564102564103,15.1428571428571,0,0,0,65.63445830680094,31.071424046140237,4.0
2024-08-01,RH8,ROYAL DEVON UNIVERSITY HEALTHCARE NHS FOUNDATION TRUST,819,622,75.94627594627595,10.25,27.58,4,0,0,65.63445830680094,10.31181763947501,59.0
2024-08-01,RAL,ROYAL FREE LONDON NHS FOUNDATION TRUST,2654,1634,61.567445365486066,13.4035087719298,38.2228571428572,10,0,0,65.63445830680094,-4.0670129413148715,88.0
2024-08-01,RAN,ROYAL NATIONAL ORTHOPAEDIC HOSPITAL NHS TRUST,144,118,81.94444444444444,7.0,26.48,1,1,1,65.63445830680094,16.309986137643506,40.0
2024-08-01,RGM,ROYAL PAPWORTH HOSPITAL NHS FOUNDATION TRUST,0,0,,,,0,0,0,65.63445830680094,,
2024-08-01,RA2,ROYAL SURREY COUNTY HOSPITAL NHS FOUNDATION TRUST,172,135,78.48837209302324,4.0,26.7466666666667,0,0,0,65.63445830680094,12.853913786222307,53.0
2024-08-01,RD1,ROYAL UNITED HOSPITALS BATH NHS FOUNDATION TRUST,1452,1091,75.13774104683195,10.6,25.8011111111111,0,0,0,65.63445830680094,9.503282740031011,62.0
2024-08-01,RNZ,SALISBURY NHS FOUNDATION TRUST,661,446,67.47352496217852,12.4807692307692,26.3221052631579,2,0,0,65.63445830680094,1.8390666553775787,76.0
2024-08-01,RXK,SANDWELL AND WEST BIRMINGHAM HOSPITALS NHS TRUST,892,693,77.69058295964125,8.72222222222222,38.3771428571429,16,7,0,65.63445830680094,12.05612465284031,56.0
2024-08-01,RCU,SHEFFIELD CHILDREN'S NHS FOUNDATION TRUST,0,0,,,,0,0,0,65.63445830680094,,
2024-08-01,RHQ,SHEFFIELD TEACHING HOSPITALS NHS FOUNDATION TRUST,1146,973,84.90401396160559,7.47727272727273,23.5266666666667,1,0,0,65.63445830680094,19.26955565480465,33.0
2024-08-01,RK5,SHERWOOD FOREST HOSPITALS NHS FOUNDATION TRUST,288,234,81.25,6.9375,26.74,0,0,0,65.63445830680094,15.615541693199063,44.0
2024-08-01,R1D,SHROPSHIRE COMMUNITY HEALTH NHS TRUST,16,15,93.75,,,0,0,0,65.63445830680094,28.115541693199063,9.0
2024-08-01,R1C,SOLENT NHS TRUST,0,0,,,,0,0,0,65.63445830680094,,
2024-08-01,RH5,SOMERSET NHS FOUNDATION TRUST,882,583,66.09977324263039,13.3478260869565,31.6044444444445,7,1,0,65.63445830680094,0.46531493582945416,79.0
2024-08-01,RTR,SOUTH TEES HOSPITALS NHS FOUNDATION TRUST,1334,846,63.41829085457271,13.3823529411765,39.1828571428571,14,0,0,65.63445830680094,-2.216167452228227,84.0
2024-08-01,R0B,SOUTH TYNESIDE AND SUNDERLAND NHS FOUNDATION TRUST,1359,932,68.57983811626195,11.5340909090909,29.6528571428571,0,0,0,65.63445830680094,2.9453798094610164,74.0
2024-08-01,RJC,SOUTH WARWICKSHIRE UNIVERSITY NHS FOUNDATION TRUST,685,538,78.54014598540145,10.1129032258065,28.6,3,0,0,65.63445830680094,12.905687678600515,52.0
2024-08-01,RXG,SOUTH WEST YORKSHIRE PARTNERSHIP NHS FOUNDATION TRUST,0,0,,,,0,0,0,65.63445830680094,,
2024-08-01,RW1,SOUTHERN HEALTH NHS FOUNDATION TRUST,142,123,86.61971830985915,10.125,19.52,0,0,0,65.63445830680094,20.985260003058215,24.0
2024-08-01,RJ7,ST GEORGE'S UNIVERSITY HOSPITALS NHS FOUNDATION TRUST,1037,844,81.38862102217936,9.06363636363636,26.84,6,0,0,65.63445830680094,15.754162715378428,43.0
2024-08-01,RWJ,STOCKPORT NHS FOUNDATION TRUST,977,606,62.026612077789146,13.2391304347826,36.2953846153846,3,1,1,65.63445830680094,-3.607846229011791,87.0
2024-08-01,RTP,SURREY AND SUSSEX HEALTHCARE NHS TRUST,521,333,63.91554702495201,11.6818181818182,40.7022222222222,4,0,0,65.63445830680094,-1.718911281848925,82.0
2024-08-01,RDR,SUSSEX COMMUNITY NHS FOUNDATION TRUST,119,93,78.15126050420169,10.75,22.4933333333333,0,0,0,65.63445830680094,12.51680219740075,54.0
2024-08-01,RMP,TAMESIDE AND GLOSSOP INTEGRATED CARE NHS FOUNDATION TRUST,378,339,89.68253968253968,8.07692307692308,20.152,0,0,0,65.63445830680094,24.048081375738747,19.0
2024-08-01,RBV,THE CHRISTIE NHS FOUNDATION TRUST,0,0,,,,0,0,0,65.63445830680094,,
2024-08-01,REN,THE CLATTERBRIDGE CANCER CENTRE NHS FOUNDATION TRUST,0,0,,,,0,0,0,65.63445830680094,,
2024-08-01,RNA,THE DUDLEY GROUP NHS FOUNDATION TRUST,1127,701,62.20053238686779,12.8703703703704,38.984,13,1,0,65.63445830680094,-3.433925919933145,86.0
2024-08-01,RAS,THE HILLINGDON HOSPITALS NHS FOUNDATION TRUST,1261,425,33.70340999206979,24.6142857142857,46.412,44,0,0,65.63445830680094,-31.93104831473115,121.0
2024-08-01,RTD,THE NEWCASTLE UPON TYNE HOSPITALS NHS FOUNDATION TRUST,1173,713,60.78431372549019,11.9404761904762,54.68,106,4,0,65.63445830680094,-4.850144581310744,90.0
2024-08-01,RQW,THE PRINCESS ALEXANDRA HOSPITAL NHS TRUST,902,484,53.65853658536586,17.0571428571429,43.71,31,6,0,65.63445830680094,-11.975921721435078,104.0
2024-08-01,RCX,"THE QUEEN ELIZABETH HOSPITAL, KING'S LYNN, NHS FOUNDATION TRUST",970,483,49.79381443298969,18.0689655172414,43.0333333333333,0,0,0,65.63445830680094,-15.840643873811246,108.0
2024-08-01,RL1,THE ROBERT JONES AND AGNES HUNT ORTHOPAEDIC HOSPITAL NHS FOUNDATION TRUST,1673,693,41.42259414225941,22.421875,48.1270588235294,80,7,0,65.63445830680094,-24.211864164541524,116.0
2024-08-01,RFR,THE ROTHERHAM NHS FOUNDATION TRUST,537,511,95.15828677839852,5.47142857142857,16.5490909090909,0,0,0,65.63445830680094,29.523828471597582,5.0
2024-08-01,RPY,THE ROYAL MARSDEN NHS FOUNDATION TRUST,0,0,,,,0,0,0,65.63445830680094,,
2024-08-01,RRJ,THE ROYAL ORTHOPAEDIC HOSPITAL NHS FOUNDATION TRUST,0,0,,,,0,0,0,65.63445830680094,,
2024-08-01,RL4,THE ROYAL WOLVERHAMPTON NHS TRUST,3331,1846,55.41879315520865,16.3686868686869,36.5005128205128,2,0,0,65.63445830680094,-10.21566515159229,101.0
2024-08-01,RXW,THE SHREWSBURY AND TELFORD HOSPITAL NHS TRUST,0,0,,,,0,0,0,65.63445830680094,,
2024-08-01,RET,THE WALTON CENTRE NHS FOUNDATION TRUST,0,0,,,,0,0,0,65.63445830680094,,
2024-08-01,RA9,TORBAY AND SOUTH DEVON NHS FOUNDATION TRUST,587,485,82.62350936967631,7.65909090909091,23.804,1,0,0,65.63445830680094,16.989051062875376,37.0
2024-08-01,RWD,UNITED LINCOLNSHIRE HOSPITALS NHS TRUST,2011,803,39.93038289408254,25.2037037037037,55.28,244,12,0,65.63445830680094,-25.704075412718396,118.0
2024-08-01,RRV,UNIVERSITY COLLEGE LONDON HOSPITALS NHS FOUNDATION TRUST,1582,943,59.608091024020226,14.2,39.96,47,0,0,65.63445830680094,-6.026367282780711,93.0
2024-08-01,RHM,UNIVERSITY HOSPITAL SOUTHAMPTON NHS FOUNDATION TRUST,707,569,80.48090523338048,9.9,23.16,1,0,0,65.63445830680094,14.846446926579546,47.0
2024-08-01,RRK,UNIVERSITY HOSPITALS BIRMINGHAM NHS FOUNDATION TRUST,863,737,85.39976825028968,7.925,22.3815384615385,3,0,0,65.63445830680094,19.765309943488745,30.0
2024-08-01,RA7,UNIVERSITY HOSPITALS BRISTOL AND WESTON NHS FOUNDATION TRUST,791,521,65.86599241466497,11.3965517241379,41.18,4,0,0,65.63445830680094,0.23153410786403583,80.0
2024-08-01,RKB,UNIVERSITY HOSPITALS COVENTRY AND WARWICKSHIRE NHS TRUST,971,878,90.42224510813594,7.4765625,18.8063157894737,1,0,0,65.63445830680094,24.787786801335002,18.0
2024-08-01,R0D,UNIVERSITY HOSPITALS DORSET NHS FOUNDATION TRUST,1428,1078,75.49019607843137,8.76470588235294,26.3586666666667,2,0,0,65.63445830680094,9.85573777163043,61.0
2024-08-01,RTG,UNIVERSITY HOSPITALS OF DERBY AND BURTON NHS FOUNDATION TRUST,2805,1451,51.72905525846703,17.2421875,41.9588235294118,56,3,1,65.63445830680094,-13.905403048333909,105.0
2024-08-01,RWE,UNIVERSITY HOSPITALS OF LEICESTER NHS TRUST,3485,2474,70.98995695839311,11.3623853211009,35.1090909090909,31,0,0,65.63445830680094,5.355498651592171,70.0
2024-08-01,RTX,UNIVERSITY HOSPITALS OF MORECAMBE BAY NHS FOUNDATION TRUST,738,692,93.76693766937669,6.19148936170213,17.3790476190476,0,0,0,65.63445830680094,28.13247936257575,8.0
2024-08-01,RJE,UNIVERSITY HOSPITALS OF NORTH MIDLANDS NHS TRUST,6,6,100.0,,,0,0,0,65.63445830680094,34.36554169319906,1.0
2024-08-01,RK9,UNIVERSITY HOSPITALS PLYMOUTH NHS TRUST,465,338,72.68817204301075,8.56060606060606,42.1333333333333,10,6,0,65.63445830680094,7.053713736209815,67.0
2024-08-01,RYR,UNIVERSITY HOSPITALS SUSSEX NHS FOUNDATION TRUST,2532,1255,49.56556082148499,18.171875,47.9830303030303,126,19,0,65.63445830680094,-16.068897485315944,110.0
2024-08-01,RBK,WALSALL HEALTHCARE NHS TRUST,1142,652,57.09281961471103,15.0416666666667,35.8057142857143,4,0,0,65.63445830680094,-8.541638692089904,98.0
2024-08-01,RWW,WARRINGTON AND HALTON TEACHING HOSPITALS NHS FOUNDATION TRUST,649,530,81.66409861325116,10.0735294117647,22.008,0,0,0,65.63445830680094,16.02964030645022,41.0
2024-08-01,RWG,WEST HERTFORDSHIRE TEACHING HOSPITALS NHS TRUST,980,486,49.59183673469388,18.1904761904762,60.36,139,57,1,65.63445830680094,-16.04262157210706,109.0
2024-08-01,RGR,WEST SUFFOLK NHS FOUNDATION TRUST,270,241,89.25925925925927,5.11111111111111,19.68,2,1,0,65.63445830680094,23.62480095245833,21.0
2024-08-01,RKE,WHITTINGTON HEALTH NHS TRUST,602,425,70.59800664451828,12.2,29.84,0,0,0,65.63445830680094,4.9635483377173415,72.0
2024-08-01,RBL,WIRRAL UNIVERSITY TEACHING HOSPITAL NHS FOUNDATION TRUST,1095,527,48.12785388127854,19.0227272727273,43.5285714285714,4,1,1,65.63445830680094,-17.506604425522397,112.0
2024-08-01,RWP,WORCESTERSHIRE ACUTE HOSPITALS NHS TRUST,1145,698,60.96069868995633,14.2931034482759,36.8666666666667,2,0,0,65.63445830680094,-4.673759616844606,89.0
2024-08-01,RRF,"WRIGHTINGTON, WIGAN AND LEIGH NHS FOUNDATION TRUST",1220,949,77.78688524590164,10.9365079365079,23.3857142857143,0,0,0,65.63445830680094,12.152426939100707,55.0
2024-08-01,RLQ,WYE VALLEY NHS TRUST,482,305,63.27800829875518,13.0,33.8030769230769,0,0,0,65.63445830680094,-2.356450008045755,85.0
2024-08-01,RCB,YORK AND SCARBOROUGH TEACHING HOSPITALS NHS FOUNDATION TRUST,636,507,79.71698113207547,9.66666666666667,28.52,1,0,0,65.63445830680094,14.082522825274538,50.0
2024-09-01,RCF,AIREDALE NHS FOUNDATION TRUST,360,301,83.61111111111111,9.3125,22.7,0,0,0,65.35045936738088,18.260651743730236,37.0
2024-09-01,RBS,ALDER HEY CHILDREN'S NHS FOUNDATION TRUST,0,0,,,,0,0,0,65.35045936738088,,
2024-09-01,RTK,ASHFORD AND ST PETER'S HOSPITALS NHS FOUNDATION TRUST,249,233,93.57429718875501,5.1875,16.36,0,0,0,65.35045936738088,28.223837821374133,9.0
2024-09-01,RF4,"BARKING, HAVERING AND REDBRIDGE UNIVERSITY HOSPITALS NHS TRUST",626,553,88.33865814696486,7.38709677419355,21.8457142857143,1,0,0,65.35045936738088,22.988198779583982,21.0
2024-09-01,RFF,BARNSLEY HOSPITAL NHS FOUNDATION TRUST,239,235,98.32635983263597,4.45833333333333,13.1466666666667,0,0,0,65.35045936738088,32.975900465255094,3.0
2024-09-01,R1H,BARTS HEALTH NHS TRUST,1266,1042,82.30647709320695,8.01694915254237,25.2472727272727,6,0,0,65.35045936738088,16.956017725826072,41.0
2024-09-01,RC9,BEDFORDSHIRE HOSPITALS NHS FOUNDATION TRUST,965,797,82.59067357512954,8.92424242424242,24.7333333333333,4,0,0,65.35045936738088,17.240214207748664,39.0
2024-09-01,RWX,BERKSHIRE HEALTHCARE NHS FOUNDATION TRUST,0,0,,,,0,0,0,65.35045936738088,,
2024-09-01,RYW,BIRMINGHAM COMMUNITY HEALTHCARE NHS FOUNDATION TRUST,0,0,,,,0,0,0,65.35045936738088,,
2024-09-01,RQ3,BIRMINGHAM WOMEN'S AND CHILDREN'S NHS FOUNDATION TRUST,0,0,,,,0,0,0,65.35045936738088,,
2024-09-01,RXL,BLACKPOOL TEACHING HOSPITALS NHS FOUNDATION TRUST,800,456,56.99999999999999,15.4210526315789,34.4705882352941,0,0,0,65.35045936738088,-8.350459367380886,99.0
2024-09-01,RMC,BOLTON NHS FOUNDATION TRUST,999,442,44.24424424424424,20.15625,51.04,78,0,0,65.35045936738088,-21.106215123136636,114.0
2024-09-01,TAD,BRADFORD DISTRICT CARE NHS FOUNDATION TRUST,0,0,,,,0,0,0,65.35045936738088,,
2024-09-01,RAE,BRADFORD TEACHING HOSPITALS NHS FOUNDATION TRUST,474,448,94.51476793248945,5.21739130434783,15.0133333333333,0,0,0,65.35045936738088,29.16430856510857,6.0
2024-09-01,RXQ,BUCKINGHAMSHIRE HEALTHCARE NHS TRUST,1108,559,50.45126353790613,17.8,51.1388235294118,74,0,0,65.35045936738088,-14.899195829474749,105.0
2024-09-01,RWY,CALDERDALE AND HUDDERSFIELD NHS FOUNDATION TRUST,1120,787,70.26785714285714,12.5769230769231,27.1333333333333,0,0,0,65.35045936738088,4.91739777547626,69.0
2024-09-01,RGT,CAMBRIDGE UNIVERSITY HOSPITALS NHS FOUNDATION TRUST,1918,1516,79.04066736183525,9.85714285714286,26.5028571428572,1,0,0,65.35045936738088,13.690207994454369,49.0
2024-09-01,RT1,CAMBRIDGESHIRE AND PETERBOROUGH NHS FOUNDATION TRUST,0,0,,,,0,0,0,65.35045936738088,,
2024-09-01,RV3,CENTRAL AND NORTH WEST LONDON NHS FOUNDATION TRUST,0,0,,,,0,0,0,65.35045936738088,,
2024-09-01,RQM,CHELSEA AND WESTMINSTER HOSPITAL NHS FOUNDATION TRUST,1282,864,67.39469578783151,12.2368421052632,37.7155555555556,3,0,0,65.35045936738088,2.0442364204506305,76.0
2024-09-01,RFS,CHESTERFIELD ROYAL HOSPITAL NHS FOUNDATION TRUST,936,451,48.18376068376068,18.7391304347826,38.3466666666667,14,0,0,65.35045936738088,-17.166698683620197,107.0
2024-09-01,RJ8,CORNWALL PARTNERSHIP NHS FOUNDATION TRUST,0,0,,,,0,0,0,65.35045936738088,,
2024-09-01,RJR,COUNTESS OF CHESTER HOSPITAL NHS FOUNDATION TRUST,578,275,47.57785467128028,19.1875,49.94,31,0,0,65.35045936738088,-17.7726046961006,109.0
2024-09-01,RXP,COUNTY DURHAM AND DARLINGTON NHS FOUNDATION TRUST,788,535,67.89340101522842,13.5365853658537,28.9306666666667,10,0,0,65.35045936738088,2.5429416478475417,75.0
2024-09-01,RJ6,CROYDON HEALTH SERVICES NHS TRUST,918,654,71.24183006535948,11.4137931034483,24.328,0,0,0,65.35045936738088,5.891370697978601,68.0
2024-09-01,RX4,"CUMBRIA, NORTHUMBERLAND, TYNE AND WEAR NHS FOUNDATION TRUST",0,0,,,,0,0,0,65.35045936738088,,
2024-09-01,RN7,DARTFORD AND GRAVESHAM NHS TRUST,0,0,,,,0,0,0,65.35045936738088,,
2024-09-01,RP5,DONCASTER AND BASSETLAW TEACHING HOSPITALS NHS FOUNDATION TRUST,1069,719,67.25912067352667,13.4787234042553,28.405,2,0,0,65.35045936738088,1.9086613061457882,77.0
2024-09-01,RBD,DORSET COUNTY HOSPITAL NHS FOUNDATION TRUST,8,2,25.0,,,0,0,0,65.35045936738088,-40.35045936738088,123.0
2024-09-01,RWH,EAST AND NORTH HERTFORDSHIRE NHS TRUST,1251,616,49.24060751398881,18.2638888888889,38.865,5,0,0,65.35045936738088,-16.109851853392065,106.0
2024-09-01,RJN,EAST CHESHIRE NHS TRUST,0,0,,,,0,0,0,65.35045936738088,,
2024-09-01,RVV,EAST KENT HOSPITALS UNIVERSITY NHS FOUNDATION TRUST,3109,1212,38.98359601157929,23.1593406593407,45.2232727272727,31,0,0,65.35045936738088,-26.36686335580159,118.0
2024-09-01,RXR,EAST LANCASHIRE HOSPITALS NHS TRUST,1143,753,65.87926509186352,13.0657894736842,30.8088888888889,5,0,0,65.35045936738088,0.5288057244826376,80.0
2024-09-01,RDE,EAST SUFFOLK AND NORTH ESSEX NHS FOUNDATION TRUST,1178,1083,91.93548387096774,7.33766233766234,18.0281481481481,1,0,0,65.35045936738088,26.585024503586865,14.0
2024-09-01,RXC,EAST SUSSEX HEALTHCARE NHS TRUST,334,297,88.92215568862275,7.34782608695652,20.82,2,0,0,65.35045936738088,23.571696321241873,19.0
2024-09-01,RVR,EPSOM AND ST HELIER UNIVERSITY HOSPITALS NHS TRUST,506,361,71.34387351778656,10.7222222222222,33.304,3,0,0,65.35045936738088,5.993414150405684,67.0
2024-09-01,R1L,ESSEX PARTNERSHIP UNIVERSITY NHS FOUNDATION TRUST,0,0,,,,0,0,0,65.35045936738088,,
2024-09-01,RDU,FRIMLEY HEALTH NHS FOUNDATION TRUST,860,701,81.51162790697674,7.91304347826087,24.5538461538462,0,0,0,65.35045936738088,16.161168539595863,42.0
2024-09-01,RR7,GATESHEAD HEALTH NHS FOUNDATION TRUST,437,374,85.58352402745996,9.23913043478261,21.3876923076923,0,0,0,65.35045936738088,20.23306466007908,30.0
2024-09-01,RLT,GEORGE ELIOT HOSPITAL NHS TRUST,387,281,72.60981912144703,10.0833333333333,22.5841666666667,0,0,0,65.35045936738088,7.259359754066153,62.0
2024-09-01,RTE,GLOUCESTERSHIRE HOSPITALS NHS FOUNDATION TRUST,1121,750,66.90454950936665,11.7625,33.36,9,0,0,65.35045936738088,1.5540901419857676,78.0
2024-09-01,RP4,GREAT ORMOND STREET HOSPITAL FOR CHILDREN NHS FOUNDATION TRUST,0,0,,,,0,0,0,65.35045936738088,,
2024-09-01,RN3,GREAT WESTERN HOSPITALS NHS FOUNDATION TRUST,394,351,89.08629441624365,7.54545454545454,19.748,0,0,0,65.35045936738088,23.735835048862768,17.0
2024-09-01,RJ1,GUY'S AND ST THOMAS' NHS FOUNDATION TRUST,449,379,84.4097995545657,8.56818181818182,24.02,0,0,0,65.35045936738088,19.059340187184816,34.0
2024-09-01,RN5,HAMPSHIRE HOSPITALS NHS FOUNDATION TRUST,1731,1001,57.827845176198736,14.90625,40.8346666666667,17,1,0,65.35045936738088,-7.522614191182143,96.0
2024-09-01,RCD,HARROGATE AND DISTRICT NHS FOUNDATION TRUST,417,368,88.2494004796163,7.92857142857143,20.44,0,0,0,65.35045936738088,22.89894111223542,23.0
2024-09-01,R1A,HEREFORDSHIRE AND WORCESTERSHIRE HEALTH AND CARE NHS TRUST,0,0,,,,0,0,0,65.35045936738088,,
2024-09-01,RQX,HOMERTON HEALTHCARE NHS FOUNDATION TRUST,224,218,97.32142857142857,2.85,9.69333333333334,0,0,0,65.35045936738088,31.97096920404769,4.0
2024-09-01,RWA,HULL UNIVERSITY TEACHING HOSPITALS NHS TRUST,1868,784,41.97002141327623,22.4827586206897,47.5392592592593,82,0,0,65.35045936738088,-23.38043795410465,115.0
2024-09-01,RYJ,IMPERIAL COLLEGE HEALTHCARE NHS TRUST,1133,752,66.37246248896734,12.5204081632653,32.34,7,0,0,65.35045936738088,1.0220031215864651,79.0
2024-09-01,R1F,ISLE OF WIGHT NHS TRUST,476,447,93.90756302521008,7.15789473684211,16.2742857142857,0,0,0,65.35045936738088,28.557103657829202,8.0
2024-09-01,RGP,JAMES PAGET UNIVERSITY HOSPITALS NHS FOUNDATION TRUST,391,340,86.95652173913044,8.14583333333333,26.24,2,0,0,65.35045936738088,21.60606237174956,28.0
2024-09-01,RYY,KENT COMMUNITY HEALTH NHS FOUNDATION TRUST,0,0,,,,0,0,0,65.35045936738088,,
2024-09-01,RNQ,KETTERING GENERAL HOSPITAL NHS FOUNDATION TRUST,834,712,85.37170263788968,8.51724137931035,22.33,1,0,0,65.35045936738088,20.021243270508805,31.0
2024-09-01,RJZ,KING'S COLLEGE HOSPITAL NHS FOUNDATION TRUST,1204,957,79.48504983388705,9.28888888888889,27.4733333333333,15,1,0,65.35045936738088,14.134590466506168,48.0
2024-09-01,RAX,KINGSTON HOSPITAL NHS FOUNDATION TRUST,556,506,91.00719424460432,10.7894736842105,18.552,0,0,0,65.35045936738088,25.656734877223442,15.0
2024-09-01,RW5,LANCASHIRE & SOUTH CUMBRIA NHS FOUNDATION TRUST,478,385,80.5439330543933,8.3,22.8228571428571,0,0,0,65.35045936738088,15.193473687012428,46.0
2024-09-01,RXN,LANCASHIRE TEACHING HOSPITALS NHS FOUNDATION TRUST,0,0,,,,0,0,0,65.35045936738088,,
2024-09-01,RY6,LEEDS COMMUNITY HEALTHCARE NHS TRUST,0,0,,,,0,0,0,65.35045936738088,,
2024-09-01,RR8,LEEDS TEACHING HOSPITALS NHS TRUST,2547,1992,78.20965842167256,10.3508064516129,23.7266666666667,0,0,0,65.35045936738088,12.859199054291679,53.0
2024-09-01,RJ2,LEWISHAM AND GREENWICH NHS TRUST,997,785,78.73620862587764,8.11607142857143,29.4628571428571,2,0,0,65.35045936738088,13.385749258496759,50.0
2024-09-01,RP7,LINCOLNSHIRE PARTNERSHIP NHS FOUNDATION TRUST,0,0,,,,0,0,0,65.35045936738088,,
2024-09-01,RBQ,LIVERPOOL HEART AND CHEST HOSPITAL NHS FOUNDATION TRUST,0,0,,,,0,0,0,65.35045936738088,,
2024-09-01,REM,LIVERPOOL UNIVERSITY HOSPITALS NHS FOUNDATION TRUST,695,544,78.27338129496403,9.33720930232558,24.64,0,0,0,65.35045936738088,12.922921927583147,52.0
2024-09-01,REP,LIVERPOOL WOMEN'S NHS FOUNDATION TRUST,0,0,,,,0,0,0,65.35045936738088,,
2024-09-01,R1K,LONDON NORTH WEST UNIVERSITY HEALTHCARE NHS TRUST,766,642,83.81201044386422,7.44186046511628,24.09,0,0,0,65.35045936738088,18.461551076483346,36.0
2024-09-01,RWF,MAIDSTONE AND TUNBRIDGE WELLS NHS TRUST,901,694,77.02552719200888,9.92391304347826,27.5323076923077,0,0,0,65.35045936738088,11.675067824628002,55.0
2024-09-01,R0A,MANCHESTER UNIVERSITY NHS FOUNDATION TRUST,1448,998,68.92265193370166,11.2352941176471,31.416,2,0,0,65.35045936738088,3.57219256632078,72.0
2024-09-01,RPA,MEDWAY NHS FOUNDATION TRUST,3174,1226,38.62633900441084,24.8679245283019,53.5585185185185,299,36,0,65.35045936738088,-26.72412036297004,119.0
2024-09-01,RBN,MERSEY AND WEST LANCASHIRE TEACHING HOSPITALS NHS TRUST,1147,826,72.01394943330428,9.23913043478261,31.3854545454545,16,0,0,65.35045936738088,6.663490065923398,64.0
2024-09-01,RW4,MERSEY CARE NHS FOUNDATION TRUST,0,0,,,,0,0,0,65.35045936738088,,
2024-09-01,RAJ,MID AND SOUTH ESSEX NHS FOUNDATION TRUST,2781,1592,57.24559510967278,15.36875,37.6218181818182,24,0,0,65.35045936738088,-8.104864257708101,98.0
2024-09-01,RBT,MID CHESHIRE HOSPITALS NHS FOUNDATION TRUST,1484,516,34.77088948787062,27.2272727272727,60.3866666666667,285,54,1,65.35045936738088,-30.57956987951026,121.0
2024-09-01,RXF,MID YORKSHIRE TEACHING NHS TRUST,858,503,58.624708624708624,14.5714285714286,33.3028571428571,0,0,0,65.35045936738088,-6.725750742672254,95.0
2024-09-01,RRE,MIDLANDS PARTNERSHIP NHS FOUNDATION TRUST,2847,2680,94.13417632595716,3.47413793103448,14.2496,0,0,0,65.35045936738088,28.783716958576278,7.0
2024-09-01,RD8,MILTON KEYNES UNIVERSITY HOSPITAL NHS FOUNDATION TRUST,1085,489,45.06912442396314,19.4354838709677,42.3142857142857,27,6,0,65.35045936738088,-20.28133494341774,113.0
2024-09-01,RP6,MOORFIELDS EYE HOSPITAL NHS FOUNDATION TRUST,0,0,,,,0,0,0,65.35045936738088,,
2024-09-01,RM1,NORFOLK AND NORWICH UNIVERSITY HOSPITALS NHS FOUNDATION TRUST,1064,895,84.11654135338345,7.63076923076923,23.61,4,1,0,65.35045936738088,18.766081986002575,35.0
2024-09-01,RVJ,NORTH BRISTOL NHS TRUST,664,613,92.31927710843374,6.95121951219512,17.8675,0,0,0,65.35045936738088,26.96881774105286,13.0
2024-09-01,RNN,NORTH CUMBRIA INTEGRATED CARE NHS FOUNDATION TRUST,1169,663,56.71514114627887,15.046875,37.79,20,1,0,65.35045936738088,-8.635318221102011,101.0
2024-09-01,RAP,NORTH MIDDLESEX UNIVERSITY HOSPITAL NHS TRUST,533,372,69.7936210131332,11.3269230769231,27.668,0,0,0,65.35045936738088,4.443161645752326,70.0
2024-09-01,RVW,NORTH TEES AND HARTLEPOOL NHS FOUNDATION TRUST,520,390,75.0,9.5,33.4666666666667,0,0,0,65.35045936738088,9.649540632619122,59.0
2024-09-01,RGN,NORTH WEST ANGLIA NHS FOUNDATION TRUST,1939,896,46.20938628158845,19.4555555555556,52.5488888888889,165,0,0,65.35045936738088,-19.141073085792428,112.0
2024-09-01,RNS,NORTHAMPTON GENERAL HOSPITAL NHS TRUST,347,296,85.30259365994236,6.81666666666667,22.0342857142857,0,0,0,65.35045936738088,19.95213429256148,32.0
2024-09-01,RM3,NORTHERN CARE ALLIANCE NHS FOUNDATION TRUST,2538,1441,56.77698975571316,15.1216216216216,42.0355555555556,50,0,0,65.35045936738088,-8.573469611667718,100.0
2024-09-01,RJL,NORTHERN LINCOLNSHIRE AND GOOLE NHS FOUNDATION TRUST,835,550,65.86826347305389,13.241935483871,28.9578947368421,0,0,0,65.35045936738088,0.517804105673008,81.0
2024-09-01,RTF,NORTHUMBRIA HEALTHCARE NHS FOUNDATION TRUST,1009,752,74.52923686818632,10.804347826087,29.1066666666667,0,0,0,65.35045936738088,9.178777500805438,61.0
2024-09-01,RX1,NOTTINGHAM UNIVERSITY HOSPITALS NHS TRUST,651,500,76.80491551459293,10.1451612903226,22.5458064516129,0,0,0,65.35045936738088,11.454456147212056,56.0
2024-09-01,RTH,OXFORD UNIVERSITY HOSPITALS NHS FOUNDATION TRUST,2296,1391,60.58362369337979,14.5972222222222,34.1054545454546,25,5,2,65.35045936738088,-4.766835674001086,91.0
2024-09-01,RPG,OXLEAS NHS FOUNDATION TRUST,0,0,,,,0,0,0,65.35045936738088,,
2024-09-01,RHU,PORTSMOUTH HOSPITALS UNIVERSITY NATIONAL HEALTH SERVICE TRUST,481,477,99.16839916839916,4.5,11.96,0,0,0,65.35045936738088,33.817939801018284,2.0
2024-09-01,RPC,QUEEN VICTORIA HOSPITAL NHS FOUNDATION TRUST,46,37,80.43478260869566,11.0,24.66,0,0,0,65.35045936738088,15.084323241314777,47.0
2024-09-01,RHW,ROYAL BERKSHIRE NHS FOUNDATION TRUST,205,181,88.29268292682927,6.45,19.12,0,0,0,65.35045936738088,22.942223559448394,22.0
2024-09-01,REF,ROYAL CORNWALL HOSPITALS NHS TRUST,407,395,97.05159705159704,4.01612903225806,12.93,0,0,0,65.35045936738088,31.701137684216164,5.0
2024-09-01,RH8,ROYAL DEVON UNIVERSITY HEALTHCARE NHS FOUNDATION TRUST,795,594,74.71698113207546,9.95588235294118,28.9538461538462,3,0,0,65.35045936738088,9.366521764694582,60.0
2024-09-01,RAL,ROYAL FREE LONDON NHS FOUNDATION TRUST,2692,1618,60.10401188707281,13.9662921348315,37.9902702702703,16,0,0,65.35045936738088,-5.2464474803080705,93.0
2024-09-01,RAN,ROYAL NATIONAL ORTHOPAEDIC HOSPITAL NHS TRUST,128,112,87.5,5.57142857142857,22.76,0,0,0,65.35045936738088,22.14954063261912,25.0
2024-09-01,RGM,ROYAL PAPWORTH HOSPITAL NHS FOUNDATION TRUST,0,0,,,,0,0,0,65.35045936738088,,
2024-09-01,RA2,ROYAL SURREY COUNTY HOSPITAL NHS FOUNDATION TRUST,136,119,87.5,3.68421052631579,23.12,1,0,0,65.35045936738088,22.14954063261912,25.0
2024-09-01,RD1,ROYAL UNITED HOSPITALS BATH NHS FOUNDATION TRUST,1396,1061,76.00286532951289,10.8428571428571,23.9834146341463,0,0,0,65.35045936738088,10.652405962132008,58.0
2024-09-01,RNZ,SALISBURY NHS FOUNDATION TRUST,636,392,61.63522012578616,14.4117647058824,29.32,0,0,0,65.35045936738088,-3.715239241594716,89.0
2024-09-01,RXK,SANDWELL AND WEST BIRMINGHAM HOSPITALS NHS TRUST,876,627,71.57534246575342,10.65625,36.992,12,0,0,65.35045936738088,6.224883098372544,66.0
2024-09-01,RCU,SHEFFIELD CHILDREN'S NHS FOUNDATION TRUST,0,0,,,,0,0,0,65.35045936738088,,
2024-09-01,RHQ,SHEFFIELD TEACHING HOSPITALS NHS FOUNDATION TRUST,1233,1029,83.45498783454988,7.63207547169811,25.56,0,0,0,65.35045936738088,18.104528467169004,38.0
2024-09-01,RK5,SHERWOOD FOREST HOSPITALS NHS FOUNDATION TRUST,296,257,86.82432432432432,5.35714285714286,23.66,0,0,0,65.35045936738088,21.473864956943444,29.0
2024-09-01,R1D,SHROPSHIRE COMMUNITY HEALTH NHS TRUST,10,9,90.0,,,0,0,0,65.35045936738088,24.64954063261912,16.0
2024-09-01,RH5,SOMERSET NHS FOUNDATION TRUST,889,580,65.24184476940383,13.4166666666667,30.485,2,0,0,65.35045936738088,-0.10861459797705209,83.0
2024-09-01,RTR,SOUTH TEES HOSPITALS NHS FOUNDATION TRUST,1348,881,65.3560830860534,12.6944444444444,37.616,14,1,0,65.35045936738088,0.005623718672524092,82.0
2024-09-01,R0B,SOUTH TYNESIDE AND SUNDERLAND NHS FOUNDATION TRUST,1392,951,68.31896551724138,10.1666666666667,31.3145945945946,0,0,0,65.35045936738088,2.9685061498605023,73.0
2024-09-01,RJC,SOUTH WARWICKSHIRE UNIVERSITY NHS FOUNDATION TRUST,709,602,84.9083215796897,8.80882352941176,25.8088888888889,2,0,0,65.35045936738088,19.55786221230882,33.0
2024-09-01,RXG,SOUTH WEST YORKSHIRE PARTNERSHIP NHS FOUNDATION TRUST,0,0,,,,0,0,0,65.35045936738088,,
2024-09-01,RW1,SOUTHERN HEALTH NHS FOUNDATION TRUST,108,101,93.51851851851852,7.84615384615385,17.672,0,0,0,65.35045936738088,28.16805915113764,10.0
2024-09-01,RJ7,ST GEORGE'S UNIVERSITY HOSPITALS NHS FOUNDATION TRUST,1006,815,81.01391650099403,8.89830508474576,26.5022222222222,5,0,0,65.35045936738088,15.66345713361315,45.0
2024-09-01,RWJ,STOCKPORT NHS FOUNDATION TRUST,1038,643,61.946050096339114,13.9756097560976,35.096,1,0,0,65.35045936738088,-3.4044092710417644,88.0
2024-09-01,RTP,SURREY AND SUSSEX HEALTHCARE NHS TRUST,454,295,64.97797356828194,12.2222222222222,37.6133333333333,3,0,0,65.35045936738088,-0.3724857990989392,84.0
2024-09-01,RDR,SUSSEX COMMUNITY NHS FOUNDATION TRUST,122,88,72.1311475409836,11.5714285714286,23.56,0,0,0,65.35045936738088,6.7806881736027265,63.0
2024-09-01,RMP,TAMESIDE AND GLOSSOP INTEGRATED CARE NHS FOUNDATION TRUST,329,293,89.05775075987842,7.40625,19.3828571428571,0,0,0,65.35045936738088,23.707291392497538,18.0
2024-09-01,RBV,THE CHRISTIE NHS FOUNDATION TRUST,0,0,,,,0,0,0,65.35045936738088,,
2024-09-01,REN,THE CLATTERBRIDGE CANCER CENTRE NHS FOUNDATION TRUST,0,0,,,,0,0,0,65.35045936738088,,
2024-09-01,RNA,THE DUDLEY GROUP NHS FOUNDATION TRUST,1047,641,61.222540592168095,13.5166666666667,39.648,10,0,0,65.35045936738088,-4.127918775212784,90.0
2024-09-01,RAS,THE HILLINGDON HOSPITALS NHS FOUNDATION TRUST,1182,378,31.979695431472084,23.5,46.472,32,1,0,65.35045936738088,-33.3707639359088,122.0
2024-09-01,RTD,THE NEWCASTLE UPON TYNE HOSPITALS NHS FOUNDATION TRUST,1074,667,62.10428305400373,11.5652173913043,50.9163636363636,84,1,0,65.35045936738088,-3.2461763133771484,87.0
2024-09-01,RQW,THE PRINCESS ALEXANDRA HOSPITAL NHS TRUST,843,397,47.09371293001186,18.6805555555556,41.76,17,2,1,65.35045936738088,-18.256746437369017,110.0
2024-09-01,RCX,"THE QUEEN ELIZABETH HOSPITAL, KING'S LYNN, NHS FOUNDATION TRUST",954,454,47.58909853249476,19.1818181818182,44.268,0,0,0,65.35045936738088,-17.76136083488612,108.0
2024-09-01,RL1,THE ROBERT JONES AND AGNES HUNT ORTHOPAEDIC HOSPITAL NHS FOUNDATION TRUST,1650,671,40.666666666666664,23.5,48.2666666666667,59,12,0,65.35045936738088,-24.683792700714214,116.0
2024-09-01,RFR,THE ROTHERHAM NHS FOUNDATION TRUST,567,530,93.47442680776014,6.22972972972973,16.6366666666667,0,0,0,65.35045936738088,28.12396744037926,11.0
2024-09-01,RPY,THE ROYAL MARSDEN NHS FOUNDATION TRUST,0,0,,,,0,0,0,65.35045936738088,,
2024-09-01,RRJ,THE ROYAL ORTHOPAEDIC HOSPITAL NHS FOUNDATION TRUST,0,0,,,,0,0,0,65.35045936738088,,
2024-09-01,RL4,THE ROYAL WOLVERHAMPTON NHS TRUST,3239,1667,51.466502006792226,17.2910447761194,35.2525490196078,1,0,0,65.35045936738088,-13.883957360588653,104.0
2024-09-01,RXW,THE SHREWSBURY AND TELFORD HOSPITAL NHS TRUST,0,0,,,,0,0,0,65.35045936738088,,
2024-09-01,RET,THE WALTON CENTRE NHS FOUNDATION TRUST,0,0,,,,0,0,0,65.35045936738088,,
2024-09-01,RA9,TORBAY AND SOUTH DEVON NHS FOUNDATION TRUST,628,518,82.48407643312102,6.81578947368421,27.276,2,0,0,65.35045936738088,17.13361706574014,40.0
2024-09-01,RWD,UNITED LINCOLNSHIRE HOSPITALS NHS TRUST,2044,801,39.18786692759296,24.6206896551724,55.8376470588235,292,2,0,65.35045936738088,-26.16259243978792,117.0
2024-09-01,RRV,UNIVERSITY COLLEGE LONDON HOSPITALS NHS FOUNDATION TRUST,1551,911,58.73629916183107,14.9711538461538,40.9938461538462,49,3,0,65.35045936738088,-6.614160205549808,94.0
2024-09-01,RHM,UNIVERSITY HOSPITAL SOUTHAMPTON NHS FOUNDATION TRUST,727,572,78.67950481430537,9.23214285714286,24.0763636363636,1,0,0,65.35045936738088,13.329045446924496,51.0
2024-09-01,RRK,UNIVERSITY HOSPITALS BIRMINGHAM NHS FOUNDATION TRUST,771,673,87.28923476005188,7.98214285714286,21.2766666666667,3,0,0,65.35045936738088,21.938775392671005,27.0
2024-09-01,RA7,UNIVERSITY HOSPITALS BRISTOL AND WESTON NHS FOUNDATION TRUST,736,466,63.315217391304344,12.3333333333333,40.912,6,0,0,65.35045936738088,-2.0352419760765343,85.0
2024-09-01,RKB,UNIVERSITY HOSPITALS COVENTRY AND WARWICKSHIRE NHS TRUST,958,847,88.4133611691023,8.375,20.28,1,0,0,65.35045936738088,23.062901801721424,20.0
2024-09-01,R0D,UNIVERSITY HOSPITALS DORSET NHS FOUNDATION TRUST,1444,1173,81.23268698060942,9.5,24.34,1,0,0,65.35045936738088,15.882227613228537,43.0
2024-09-01,RTG,UNIVERSITY HOSPITALS OF DERBY AND BURTON NHS FOUNDATION TRUST,2722,1404,51.579720793534165,17.1224489795918,43.157037037037,46,1,0,65.35045936738088,-13.770738573846714,103.0
2024-09-01,RWE,UNIVERSITY HOSPITALS OF LEICESTER NHS TRUST,3492,2416,69.18671248568155,11.8782608695652,34.9875862068966,40,1,0,65.35045936738088,3.836253118300675,71.0
2024-09-01,RTX,UNIVERSITY HOSPITALS OF MORECAMBE BAY NHS FOUNDATION TRUST,765,709,92.6797385620915,6.83333333333333,17.48,0,0,0,65.35045936738088,27.329279194710622,12.0
2024-09-01,RJE,UNIVERSITY HOSPITALS OF NORTH MIDLANDS NHS TRUST,6,6,100.0,,,0,0,0,65.35045936738088,34.64954063261912,1.0
2024-09-01,RK9,UNIVERSITY HOSPITALS PLYMOUTH NHS TRUST,445,319,71.68539325842697,7.31818181818182,43.7,12,1,0,65.35045936738088,6.3349338910460915,65.0
2024-09-01,RYR,UNIVERSITY HOSPITALS SUSSEX NHS FOUNDATION TRUST,1872,709,37.873931623931625,23.8148148148148,50.2681481481481,102,8,0,65.35045936738088,-27.476527743449253,120.0
2024-09-01,RBK,WALSALL HEALTHCARE NHS TRUST,1174,676,57.5809199318569,15.15625,36.0675,3,0,0,65.35045936738088,-7.769539435523981,97.0
2024-09-01,RWW,WARRINGTON AND HALTON TEACHING HOSPITALS NHS FOUNDATION TRUST,671,545,81.2220566318927,10.4027777777778,22.3688888888889,0,0,0,65.35045936738088,15.87159726451182,44.0
2024-09-01,RWG,WEST HERTFORDSHIRE TEACHING HOSPITALS NHS TRUST,742,418,56.334231805929925,15.4117647058824,38.41,29,0,0,65.35045936738088,-9.016227561450954,102.0
2024-09-01,RGR,WEST SUFFOLK NHS FOUNDATION TRUST,201,176,87.56218905472637,3.97368421052632,21.92,2,0,0,65.35045936738088,22.211729687345496,24.0
2024-09-01,RKE,WHITTINGTON HEALTH NHS TRUST,652,445,68.25153374233128,11.1578947368421,30.14,0,0,0,65.35045936738088,2.9010743749503973,74.0
2024-09-01,RBL,WIRRAL UNIVERSITY TEACHING HOSPITAL NHS FOUNDATION TRUST,1125,520,46.22222222222222,19.35,44.4,4,0,0,65.35045936738088,-19.128237145158657,111.0
2024-09-01,RWP,WORCESTERSHIRE ACUTE HOSPITALS NHS TRUST,1120,678,60.535714285714285,13.6153846153846,36.5692307692308,4,0,0,65.35045936738088,-4.814745081666594,92.0
2024-09-01,RRF,"WRIGHTINGTON, WIGAN AND LEIGH NHS FOUNDATION TRUST",1167,891,76.34961439588689,11.1615384615385,23.1619512195122,0,0,0,65.35045936738088,10.99915502850601,57.0
2024-09-01,RLQ,WYE VALLEY NHS TRUST,493,311,63.083164300202846,13.0416666666667,33.195,1,0,0,65.35045936738088,-2.2672950671780328,86.0
2024-09-01,RCB,YORK AND SCARBOROUGH TEACHING HOSPITALS NHS FOUNDATION TRUST,593,458,77.23440134907251,10.6875,29.39,2,0,0,65.35045936738088,11.883941981691635,54.0
2024-10-01,RCF,AIREDALE NHS FOUNDATION TRUST,327,275,84.09785932721712,7.36206896551724,23.8342857142857,0,0,0,65.50902004182501,18.588839285392112,34.0
2024-10-01,RBS,ALDER HEY CHILDREN'S NHS FOUNDATION TRUST,0,0,,,,0,0,0,65.50902004182501,,
2024-10-01,RTK,ASHFORD AND ST PETER'S HOSPITALS NHS FOUNDATION TRUST,237,225,94.9367088607595,5.23913043478261,16.02,0,0,0,65.50902004182501,29.427688818934485,7.0
2024-10-01,RF4,"BARKING, HAVERING AND REDBRIDGE UNIVERSITY HOSPITALS NHS TRUST",531,480,90.3954802259887,4.80769230769231,20.88,1,0,0,65.50902004182501,24.886460184163695,20.0
2024-10-01,RFF,BARNSLEY HOSPITAL NHS FOUNDATION TRUST,289,281,97.23183391003461,4.98780487804878,14.1466666666667,0,0,0,65.50902004182501,31.7228138682096,2.0
2024-10-01,R1H,BARTS HEALTH NHS TRUST,1305,1062,81.37931034482759,7.99152542372881,26.1,2,0,0,65.50902004182501,15.870290303002577,43.0
2024-10-01,RC9,BEDFORDSHIRE HOSPITALS NHS FOUNDATION TRUST,1015,820,80.78817733990148,8.92222222222222,26.6333333333333,3,0,0,65.50902004182501,15.27915729807647,45.0
2024-10-01,RWX,BERKSHIRE HEALTHCARE NHS FOUNDATION TRUST,0,0,,,,0,0,0,65.50902004182501,,
2024-10-01,RYW,BIRMINGHAM COMMUNITY HEALTHCARE NHS FOUNDATION TRUST,0,0,,,,0,0,0,65.50902004182501,,
2024-10-01,RQ3,BIRMINGHAM WOMEN'S AND CHILDREN'S NHS FOUNDATION TRUST,0,0,,,,0,0,0,65.50902004182501,,
2024-10-01,RXL,BLACKPOOL TEACHING HOSPITALS NHS FOUNDATION TRUST,800,457,57.125,15.1428571428571,34.7692307692308,2,0,0,65.50902004182501,-8.38402004182501,100.0
2024-10-01,RMC,BOLTON NHS FOUNDATION TRUST,972,472,48.559670781893004,18.8235294117647,46.84,33,0,0,65.50902004182501,-16.949349259932006,108.0
2024-10-01,TAD,BRADFORD DISTRICT CARE NHS FOUNDATION TRUST,0,0,,,,0,0,0,65.50902004182501,,
2024-10-01,RAE,BRADFORD TEACHING HOSPITALS NHS FOUNDATION TRUST,489,455,93.04703476482618,6.07352941176471,16.47,0,0,0,65.50902004182501,27.53801472300117,11.0
2024-10-01,RXQ,BUCKINGHAMSHIRE HEALTHCARE NHS TRUST,1111,554,49.86498649864986,18.0625,49.8657142857143,75,0,0,65.50902004182501,-15.644033543175148,106.0
2024-10-01,RWY,CALDERDALE AND HUDDERSFIELD NHS FOUNDATION TRUST,1178,784,66.553480475382,13.3333333333333,28.4225,0,0,0,65.50902004182501,1.044460433556992,79.0
2024-10-01,RGT,CAMBRIDGE UNIVERSITY HOSPITALS NHS FOUNDATION TRUST,1907,1517,79.54902988987939,8.89175257731959,26.2221052631579,2,0,0,65.50902004182501,14.040009848054382,48.0
2024-10-01,RT1,CAMBRIDGESHIRE AND PETERBOROUGH NHS FOUNDATION TRUST,0,0,,,,0,0,0,65.50902004182501,,
2024-10-01,RV3,CENTRAL AND NORTH WEST LONDON NHS FOUNDATION TRUST,0,0,,,,0,0,0,65.50902004182501,,
2024-10-01,RQM,CHELSEA AND WESTMINSTER HOSPITAL NHS FOUNDATION TRUST,1261,883,70.02379064234734,11.23,31.96,3,0,0,65.50902004182501,4.514770600522326,69.0
2024-10-01,RFS,CHESTERFIELD ROYAL HOSPITAL NHS FOUNDATION TRUST,932,433,46.45922746781116,19.7407407407407,41.4133333333333,16,0,0,65.50902004182501,-19.04979257401385,111.0
2024-10-01,RJ8,CORNWALL PARTNERSHIP NHS FOUNDATION TRUST,0,0,,,,0,0,0,65.50902004182501,,
2024-10-01,RJR,COUNTESS OF CHESTER HOSPITAL NHS FOUNDATION TRUST,595,288,48.403361344537814,18.8636363636364,46.68,29,0,0,65.50902004182501,-17.105658697287197,109.0
2024-10-01,RXP,COUNTY DURHAM AND DARLINGTON NHS FOUNDATION TRUST,745,518,69.53020134228188,13.6379310344828,25.8857142857143,1,0,0,65.50902004182501,4.021181300456874,71.0
2024-10-01,RJ6,CROYDON HEALTH SERVICES NHS TRUST,936,637,68.05555555555556,12.2162162162162,26.1485714285714,0,0,0,65.50902004182501,2.5465355137305465,76.0
2024-10-01,RX4,"CUMBRIA, NORTHUMBERLAND, TYNE AND WEAR NHS FOUNDATION TRUST",0,0,,,,0,0,0,65.50902004182501,,
2024-10-01,RN7,DARTFORD AND GRAVESHAM NHS TRUST,0,0,,,,0,0,0,65.50902004182501,,
2024-10-01,RP5,DONCASTER AND BASSETLAW TEACHING HOSPITALS NHS FOUNDATION TRUST,1142,735,64.36077057793345,13.8857142857143,28.5856,0,0,0,65.50902004182501,-1.1482494638915597,84.0
2024-10-01,RBD,DORSET COUNTY HOSPITAL NHS FOUNDATION TRUST,8,2,25.0,,,0,0,0,65.50902004182501,-40.50902004182501,122.0
2024-10-01,RWH,EAST AND NORTH HERTFORDSHIRE NHS TRUST,1276,648,50.78369905956113,17.6969696969697,38.6092307692308,9,0,0,65.50902004182501,-14.72532098226388,104.0
2024-10-01,RJN,EAST CHESHIRE NHS TRUST,0,0,,,,0,0,0,65.50902004182501,,
2024-10-01,RVV,EAST KENT HOSPITALS UNIVERSITY NHS FOUNDATION TRUST,3137,1193,38.02996493465094,23.5579710144928,45.5698461538462,33,0,0,65.50902004182501,-27.47905510717407,120.0
2024-10-01,RXR,EAST LANCASHIRE HOSPITALS NHS TRUST,1109,765,68.98106402164112,12.3979591836735,30.94,2,0,0,65.50902004182501,3.4720439798161067,73.0
2024-10-01,RDE,EAST SUFFOLK AND NORTH ESSEX NHS FOUNDATION TRUST,1195,1090,91.21338912133892,6.60144927536232,18.3241379310345,0,0,0,65.50902004182501,25.70436907951391,17.0
2024-10-01,RXC,EAST SUSSEX HEALTHCARE NHS TRUST,286,252,88.11188811188812,6.88888888888889,21.7066666666667,2,0,0,65.50902004182501,22.60286807006311,24.0
2024-10-01,RVR,EPSOM AND ST HELIER UNIVERSITY HOSPITALS NHS TRUST,470,341,72.5531914893617,9.8125,33.88,4,0,0,65.50902004182501,7.044171447536684,63.0
2024-10-01,R1L,ESSEX PARTNERSHIP UNIVERSITY NHS FOUNDATION TRUST,0,0,,,,0,0,0,65.50902004182501,,
2024-10-01,RDU,FRIMLEY HEALTH NHS FOUNDATION TRUST,816,665,81.49509803921569,7.60344827586207,24.4290909090909,2,0,0,65.50902004182501,15.98607799739068,42.0
2024-10-01,RR7,GATESHEAD HEALTH NHS FOUNDATION TRUST,447,369,82.5503355704698,10.9074074074074,22.2066666666667,0,0,0,65.50902004182501,17.041315528644787,39.0
2024-10-01,RLT,GEORGE ELIOT HOSPITAL NHS TRUST,380,299,78.6842105263158,7.51162790697674,25.8153846153846,0,0,0,65.50902004182501,13.175190484490784,54.0
2024-10-01,RTE,GLOUCESTERSHIRE HOSPITALS NHS FOUNDATION TRUST,1150,738,64.17391304347827,11.5789473684211,34.4761904761905,8,0,0,65.50902004182501,-1.3351069983467454,86.0
2024-10-01,RP4,GREAT ORMOND STREET HOSPITAL FOR CHILDREN NHS FOUNDATION TRUST,0,0,,,,0,0,0,65.50902004182501,,
2024-10-01,RN3,GREAT WESTERN HOSPITALS NHS FOUNDATION TRUST,358,305,85.19553072625699,7.4375,21.2622222222222,0,0,0,65.50902004182501,19.68651068443198,29.0
2024-10-01,RJ1,GUY'S AND ST THOMAS' NHS FOUNDATION TRUST,457,383,83.80743982494529,6.96428571428571,22.48,0,0,0,65.50902004182501,18.29841978312028,36.0
2024-10-01,RW1,HAMPSHIRE AND ISLE OF WIGHT HEALTHCARE NHS FOUNDATION TRUST,101,96,95.04950495049505,5.91666666666667,14.98,0,0,0,65.50902004182501,29.540484908670038,6.0
2024-10-01,RN5,HAMPSHIRE HOSPITALS NHS FOUNDATION TRUST,1800,1056,58.666666666666664,15.1739130434783,40.35,35,3,1,65.50902004182501,-6.842353375158346,96.0
2024-10-01,RCD,HARROGATE AND DISTRICT NHS FOUNDATION TRUST,431,364,84.45475638051045,8.125,22.7533333333333,0,0,0,65.50902004182501,18.945736338685435,32.0
2024-10-01,R1A,HEREFORDSHIRE AND WORCESTERSHIRE HEALTH AND CARE NHS TRUST,0,0,,,,0,0,0,65.50902004182501,,
2024-10-01,RQX,HOMERTON HEALTHCARE NHS FOUNDATION TRUST,216,208,96.29629629629629,3.33333333333333,11.24,0,0,0,65.50902004182501,30.78727625447128,4.0
2024-10-01,RWA,HULL UNIVERSITY TEACHING HOSPITALS NHS TRUST,1711,798,46.639392168322615,19.7258064516129,45.9323076923077,44,0,0,65.50902004182501,-18.869627873502395,110.0
2024-10-01,RYJ,IMPERIAL COLLEGE HEALTHCARE NHS TRUST,1094,780,71.29798903107861,11.3529411764706,31.148,3,0,0,65.50902004182501,5.788968989253604,65.0
2024-10-01,R1F,ISLE OF WIGHT NHS TRUST,489,462,94.47852760736197,6.83333333333333,16.8514285714286,0,0,0,65.50902004182501,28.969507565536958,9.0
2024-10-01,RGP,JAMES PAGET UNIVERSITY HOSPITALS NHS FOUNDATION TRUST,376,332,88.29787234042553,5.45454545454545,23.9733333333333,1,0,0,65.50902004182501,22.788852298600517,23.0
2024-10-01,RYY,KENT COMMUNITY HEALTH NHS FOUNDATION TRUST,0,0,,,,0,0,0,65.50902004182501,,
2024-10-01,RNQ,KETTERING GENERAL HOSPITAL NHS FOUNDATION TRUST,820,697,85.0,8.68333333333333,23.7111111111111,1,0,0,65.50902004182501,19.49097995817499,30.0
2024-10-01,RJZ,KING'S COLLEGE HOSPITAL NHS FOUNDATION TRUST,1167,934,80.03427592116537,7.76229508196721,24.964,4,1,0,65.50902004182501,14.525255879340364,46.0
2024-10-01,RAX,KINGSTON HOSPITAL NHS FOUNDATION TRUST,560,519,92.67857142857143,9.42105263157895,17.848,0,0,0,65.50902004182501,27.16955138674642,12.0
2024-10-01,RW5,LANCASHIRE & SOUTH CUMBRIA NHS FOUNDATION TRUST,267,253,94.7565543071161,3.07142857142857,10.728,0,0,0,65.50902004182501,29.247534265291094,8.0
2024-10-01,RXN,LANCASHIRE TEACHING HOSPITALS NHS FOUNDATION TRUST,0,0,,,,0,0,0,65.50902004182501,,
2024-10-01,RY6,LEEDS COMMUNITY HEALTHCARE NHS TRUST,0,0,,,,0,0,0,65.50902004182501,,
2024-10-01,RR8,LEEDS TEACHING HOSPITALS NHS TRUST,2641,2020,76.48617947747066,10.6988636363636,24.6869230769231,0,0,0,65.50902004182501,10.977159435645646,60.0
2024-10-01,RJ2,LEWISHAM AND GREENWICH NHS TRUST,1040,815,78.36538461538461,9.0,28.9818181818182,2,0,0,65.50902004182501,12.856364573559603,55.0
2024-10-01,RP7,LINCOLNSHIRE PARTNERSHIP NHS FOUNDATION TRUST,0,0,,,,0,0,0,65.50902004182501,,
2024-10-01,RBQ,LIVERPOOL HEART AND CHEST HOSPITAL NHS FOUNDATION TRUST,0,0,,,,0,0,0,65.50902004182501,,
2024-10-01,REM,LIVERPOOL UNIVERSITY HOSPITALS NHS FOUNDATION TRUST,591,438,74.11167512690355,8.52777777777778,23.6942857142857,0,0,0,65.50902004182501,8.602655085078538,62.0
2024-10-01,REP,LIVERPOOL WOMEN'S NHS FOUNDATION TRUST,0,0,,,,0,0,0,65.50902004182501,,
2024-10-01,R1K,LONDON NORTH WEST UNIVERSITY HEALTHCARE NHS TRUST,684,576,84.21052631578947,7.66666666666667,23.328,0,0,0,65.50902004182501,18.701506273964455,33.0
2024-10-01,RWF,MAIDSTONE AND TUNBRIDGE WELLS NHS TRUST,831,654,78.70036101083032,9.5,27.315,0,0,0,65.50902004182501,13.19134096900531,53.0
2024-10-01,R0A,MANCHESTER UNIVERSITY NHS FOUNDATION TRUST,1485,976,65.72390572390573,12.1375,33.7333333333333,0,0,0,65.50902004182501,0.21488568208071968,82.0
2024-10-01,RPA,MEDWAY NHS FOUNDATION TRUST,3210,1269,39.532710280373834,23.8867924528302,54.5666666666667,323,36,0,65.50902004182501,-25.976309761451176,117.0
2024-10-01,RBN,MERSEY AND WEST LANCASHIRE TEACHING HOSPITALS NHS TRUST,1174,795,67.71720613287904,11.0943396226415,34.2895238095238,23,0,0,65.50902004182501,2.2081860910540314,77.0
2024-10-01,RW4,MERSEY CARE NHS FOUNDATION TRUST,0,0,,,,0,0,0,65.50902004182501,,
2024-10-01,RAJ,MID AND SOUTH ESSEX NHS FOUNDATION TRUST,2763,1661,60.11581614187478,14.3388888888889,38.7536842105263,28,1,0,65.50902004182501,-5.39320389995023,94.0
2024-10-01,RBT,MID CHESHIRE HOSPITALS NHS FOUNDATION TRUST,1436,534,37.1866295264624,25.4444444444444,58.2848,200,26,0,65.50902004182501,-28.322390515362613,121.0
2024-10-01,RXF,MID YORKSHIRE TEACHING NHS TRUST,837,509,60.81242532855436,13.1388888888889,35.1457142857143,1,0,0,65.50902004182501,-4.696594713270649,93.0
2024-10-01,RRE,MIDLANDS PARTNERSHIP UNIVERSITY NHS FOUNDATION TRUST,2877,2713,94.29961765728189,3.3984375,14.8985365853659,2,0,0,65.50902004182501,28.790597615456875,10.0
2024-10-01,RD8,MILTON KEYNES UNIVERSITY HOSPITAL NHS FOUNDATION TRUST,1028,397,38.61867704280156,22.2608695652174,43.8228571428571,29,4,0,65.50902004182501,-26.890342999023453,119.0
2024-10-01,RP6,MOORFIELDS EYE HOSPITAL NHS FOUNDATION TRUST,0,0,,,,0,0,0,65.50902004182501,,
2024-10-01,RM1,NORFOLK AND NORWICH UNIVERSITY HOSPITALS NHS FOUNDATION TRUST,1029,849,82.5072886297376,7.83,24.4369230769231,5,1,0,65.50902004182501,16.99826858791259,40.0
2024-10-01,RVJ,NORTH BRISTOL NHS TRUST,664,594,89.45783132530121,7.42857142857143,19.244,0,0,0,65.50902004182501,23.948811283476203,22.0
2024-10-01,RNN,NORTH CUMBRIA INTEGRATED CARE NHS FOUNDATION TRUST,1148,661,57.57839721254355,14.7407407407407,36.1963636363636,14,0,0,65.50902004182501,-7.930622829281461,99.0
2024-10-01,RAP,NORTH MIDDLESEX UNIVERSITY HOSPITAL NHS TRUST,580,444,76.55172413793103,10.2258064516129,28.95,0,0,0,65.50902004182501,11.042704096106021,58.0
2024-10-01,RVW,NORTH TEES AND HARTLEPOOL NHS FOUNDATION TRUST,538,426,79.182156133829,8.82352941176471,27.48,0,0,0,65.50902004182501,13.673136092003986,51.0
2024-10-01,RGN,NORTH WEST ANGLIA NHS FOUNDATION TRUST,1920,892,46.458333333333336,19.6153846153846,50.9238095238095,133,1,0,65.50902004182501,-19.050686708491675,112.0
2024-10-01,RNS,NORTHAMPTON GENERAL HOSPITAL NHS TRUST,338,294,86.98224852071006,5.21212121212121,22.24,0,0,0,65.50902004182501,21.473228478885048,26.0
2024-10-01,RM3,NORTHERN CARE ALLIANCE NHS FOUNDATION TRUST,2576,1506,58.462732919254655,15.1473684210526,39.83,40,0,0,65.50902004182501,-7.046287122570355,97.0
2024-10-01,RJL,NORTHERN LINCOLNSHIRE AND GOOLE NHS FOUNDATION TRUST,861,563,65.38908246225319,13.2833333333333,30.015,0,0,0,65.50902004182501,-0.11993757957182538,83.0
2024-10-01,RTF,NORTHUMBRIA HEALTHCARE NHS FOUNDATION TRUST,900,730,81.11111111111111,10.5090909090909,26.25,0,0,0,65.50902004182501,15.602091069286104,44.0
2024-10-01,RX1,NOTTINGHAM UNIVERSITY HOSPITALS NHS TRUST,665,471,70.82706766917293,11.25,24.6533333333333,0,0,0,65.50902004182501,5.318047627347923,68.0
2024-10-01,RTH,OXFORD UNIVERSITY HOSPITALS NHS FOUNDATION TRUST,2112,1304,61.74242424242424,13.6792452830189,35.0472727272727,30,2,0,65.50902004182501,-3.7665957994007684,90.0
2024-10-01,RPG,OXLEAS NHS FOUNDATION TRUST,0,0,,,,0,0,0,65.50902004182501,,
2024-10-01,RHU,PORTSMOUTH HOSPITALS UNIVERSITY NATIONAL HEALTH SERVICE TRUST,420,408,97.14285714285714,4.375,11.87,0,0,0,65.50902004182501,31.633837101032128,3.0
2024-10-01,RPC,QUEEN VICTORIA HOSPITAL NHS FOUNDATION TRUST,47,37,78.72340425531915,10.25,28.62,0,0,0,65.50902004182501,13.214384213494142,52.0
2024-10-01,RHW,ROYAL BERKSHIRE NHS FOUNDATION TRUST,179,152,84.91620111731844,9.03846153846154,22.84,0,0,0,65.50902004182501,19.407181075493426,31.0
2024-10-01,REF,ROYAL CORNWALL HOSPITALS NHS TRUST,451,434,96.23059866962306,4.16346153846154,12.91,0,0,0,65.50902004182501,30.721578627798053,5.0
2024-10-01,RH8,ROYAL DEVON UNIVERSITY HEALTHCARE NHS FOUNDATION TRUST,640,525,82.03125,8.125,25.6333333333333,4,1,0,65.50902004182501,16.52222995817499,41.0
2024-10-01,RAL,ROYAL FREE LONDON NHS FOUNDATION TRUST,2803,1670,59.57902247591866,14.28125,38.3514285714286,5,0,0,65.50902004182501,-5.929997565906348,95.0
2024-10-01,RAN,ROYAL NATIONAL ORTHOPAEDIC HOSPITAL NHS TRUST,130,120,92.3076923076923,6.11111111111111,16.6,0,0,0,65.50902004182501,26.798672265867296,14.0
2024-10-01,RGM,ROYAL PAPWORTH HOSPITAL NHS FOUNDATION TRUST,0,0,,,,0,0,0,65.50902004182501,,
2024-10-01,RA2,ROYAL SURREY COUNTY HOSPITAL NHS FOUNDATION TRUST,170,156,91.76470588235294,3.05263157894737,19.4,0,0,0,65.50902004182501,26.25568584052793,15.0
2024-10-01,RD1,ROYAL UNITED HOSPITALS BATH NHS FOUNDATION TRUST,1450,1104,76.13793103448275,11.2133333333333,24.0277777777778,0,0,0,65.50902004182501,10.628910992657737,61.0
2024-10-01,RNZ,SALISBURY NHS FOUNDATION TRUST,759,469,61.79183135704874,14.34,31.7933333333333,0,0,0,65.50902004182501,-3.717188684776268,89.0
2024-10-01,RXK,SANDWELL AND WEST BIRMINGHAM HOSPITALS NHS TRUST,896,616,68.75,10.8260869565217,41.3018181818182,27,1,0,65.50902004182501,3.2409799581749894,74.0
2024-10-01,RCU,SHEFFIELD CHILDREN'S NHS FOUNDATION TRUST,0,0,,,,0,0,0,65.50902004182501,,
2024-10-01,RHQ,SHEFFIELD TEACHING HOSPITALS NHS FOUNDATION TRUST,1254,1051,83.81180223285486,7.53703703703704,25.96,2,1,0,65.50902004182501,18.30278219102985,35.0
2024-10-01,RK5,SHERWOOD FOREST HOSPITALS NHS FOUNDATION TRUST,301,273,90.69767441860465,6.61764705882353,18.784,0,0,0,65.50902004182501,25.18865437677964,19.0
2024-10-01,R1D,SHROPSHIRE COMMUNITY HEALTH NHS TRUST,8,7,87.5,,,0,0,0,65.50902004182501,21.99097995817499,25.0
2024-10-01,RH5,SOMERSET NHS FOUNDATION TRUST,906,605,66.77704194260485,11.6315789473684,30.7533333333333,6,0,0,65.50902004182501,1.2680219007798428,78.0
2024-10-01,RTR,SOUTH TEES HOSPITALS NHS FOUNDATION TRUST,1371,878,64.04084609773888,13.8020833333333,37.76,23,1,0,65.50902004182501,-1.468173944086132,87.0
2024-10-01,R0B,SOUTH TYNESIDE AND SUNDERLAND NHS FOUNDATION TRUST,1434,983,68.54951185495118,10.5128205128205,31.2523076923077,0,0,0,65.50902004182501,3.0404918131261667,75.0
2024-10-01,RJC,SOUTH WARWICKSHIRE UNIVERSITY NHS FOUNDATION TRUST,682,590,86.51026392961877,8.6140350877193,20.8030769230769,1,0,0,65.50902004182501,21.001243887793763,28.0
2024-10-01,RXG,SOUTH WEST YORKSHIRE PARTNERSHIP NHS FOUNDATION TRUST,0,0,,,,0,0,0,65.50902004182501,,
2024-10-01,RJ7,ST GEORGE'S UNIVERSITY HOSPITALS NHS FOUNDATION TRUST,1105,878,79.45701357466064,8.69298245614035,27.575,4,0,0,65.50902004182501,13.947993532835625,49.0
2024-10-01,RWJ,STOCKPORT NHS FOUNDATION TRUST,1106,644,58.22784810126582,14.5185185185185,38.2628571428572,1,0,0,65.50902004182501,-7.28117194055919,98.0
2024-10-01,RTP,SURREY AND SUSSEX HEALTHCARE NHS TRUST,419,297,70.88305489260142,12.0714285714286,33.37,4,0,0,65.50902004182501,5.374034850776411,67.0
2024-10-01,RDR,SUSSEX COMMUNITY NHS FOUNDATION TRUST,130,91,70.0,10.0,23.9555555555556,0,0,0,65.50902004182501,4.490979958174989,70.0
2024-10-01,RMP,TAMESIDE AND GLOSSOP INTEGRATED CARE NHS FOUNDATION TRUST,328,298,90.85365853658537,6.55,20.095,0,0,0,65.50902004182501,25.34463849476036,18.0
2024-10-01,RBV,THE CHRISTIE NHS FOUNDATION TRUST,0,0,,,,0,0,0,65.50902004182501,,
2024-10-01,REN,THE CLATTERBRIDGE CANCER CENTRE NHS FOUNDATION TRUST,0,0,,,,0,0,0,65.50902004182501,,
2024-10-01,RNA,THE DUDLEY GROUP NHS FOUNDATION TRUST,1022,657,64.28571428571429,12.2857142857143,37.224,14,0,0,65.50902004182501,-1.2233057561107188,85.0
2024-10-01,RAS,THE HILLINGDON HOSPITALS NHS FOUNDATION TRUST,969,224,23.11661506707946,25.1964285714286,47.9422222222222,29,0,0,65.50902004182501,-42.392404974745546,123.0
2024-10-01,RTD,THE NEWCASTLE UPON TYNE HOSPITALS NHS FOUNDATION TRUST,1184,730,61.6554054054054,11.6595744680851,55.3566666666667,120,20,0,65.50902004182501,-3.853614636419607,91.0
2024-10-01,RQW,THE PRINCESS ALEXANDRA HOSPITAL NHS TRUST,746,303,40.61662198391421,21.6666666666667,44.2577777777778,11,1,0,65.50902004182501,-24.892398057910803,116.0
2024-10-01,RCX,"THE QUEEN ELIZABETH HOSPITAL, KING'S LYNN, NHS FOUNDATION TRUST",989,492,49.74721941354904,18.1315789473684,43.49,6,0,0,65.50902004182501,-15.76180062827597,107.0
2024-10-01,RL1,THE ROBERT JONES AND AGNES HUNT ORTHOPAEDIC HOSPITAL NHS FOUNDATION TRUST,1636,676,41.32029339853301,23.2058823529412,47.8484210526316,49,6,0,65.50902004182501,-24.188726643292,114.0
2024-10-01,RFR,THE ROTHERHAM NHS FOUNDATION TRUST,595,551,92.60504201680672,5.17307692307692,15.9571428571429,0,0,0,65.50902004182501,27.09602197498171,13.0
2024-10-01,RPY,THE ROYAL MARSDEN NHS FOUNDATION TRUST,0,0,,,,0,0,0,65.50902004182501,,
2024-10-01,RRJ,THE ROYAL ORTHOPAEDIC HOSPITAL NHS FOUNDATION TRUST,0,0,,,,0,0,0,65.50902004182501,,
2024-10-01,RL4,THE ROYAL WOLVERHAMPTON NHS TRUST,3218,1615,50.186451211932884,17.9166666666667,35.5659259259259,2,0,0,65.50902004182501,-15.322568829892127,105.0
2024-10-01,RXW,THE SHREWSBURY AND TELFORD HOSPITAL NHS TRUST,0,0,,,,0,0,0,65.50902004182501,,
2024-10-01,RET,THE WALTON CENTRE NHS FOUNDATION TRUST,0,0,,,,0,0,0,65.50902004182501,,
2024-10-01,RA9,TORBAY AND SOUTH DEVON NHS FOUNDATION TRUST,597,517,86.59966499162479,7.16666666666667,26.448,4,0,0,65.50902004182501,21.09064494979978,27.0
2024-10-01,RWD,UNITED LINCOLNSHIRE HOSPITALS NHS TRUST,2010,793,39.45273631840796,24.0,56.4176470588235,275,8,0,65.50902004182501,-26.056283723417053,118.0
2024-10-01,RRV,UNIVERSITY COLLEGE LONDON HOSPITALS NHS FOUNDATION TRUST,1530,864,56.470588235294116,16.0192307692308,38.4333333333334,44,4,0,65.50902004182501,-9.038431806530895,102.0
2024-10-01,RHM,UNIVERSITY HOSPITAL SOUTHAMPTON NHS FOUNDATION TRUST,678,519,76.54867256637168,9.5625,24.1955555555556,0,0,0,65.50902004182501,11.039652524546668,59.0
2024-10-01,RRK,UNIVERSITY HOSPITALS BIRMINGHAM NHS FOUNDATION TRUST,754,630,83.55437665782493,7.58333333333333,22.468,3,0,0,65.50902004182501,18.04535661599992,37.0
2024-10-01,RA7,UNIVERSITY HOSPITALS BRISTOL AND WESTON NHS FOUNDATION TRUST,786,521,66.2849872773537,11.68,40.9022222222222,12,0,0,65.50902004182501,0.7759672355286824,80.0
2024-10-01,RKB,UNIVERSITY HOSPITALS COVENTRY AND WARWICKSHIRE NHS TRUST,973,807,82.9393627954779,9.35714285714286,22.52,0,0,0,65.50902004182501,17.430342753652894,38.0
2024-10-01,R0D,UNIVERSITY HOSPITALS DORSET NHS FOUNDATION TRUST,1456,1154,79.25824175824175,10.2982456140351,24.026,4,0,0,65.50902004182501,13.749221716416741,50.0
2024-10-01,RTG,UNIVERSITY HOSPITALS OF DERBY AND BURTON NHS FOUNDATION TRUST,2601,1348,51.82622068435217,17.2460317460317,44.3015384615385,69,1,0,65.50902004182501,-13.682799357472838,103.0
2024-10-01,RWE,UNIVERSITY HOSPITALS OF LEICESTER NHS TRUST,3626,2505,69.08439051296195,12.5526315789474,34.7854545454545,43,1,0,65.50902004182501,3.575370471136935,72.0
2024-10-01,RTX,UNIVERSITY HOSPITALS OF MORECAMBE BAY NHS FOUNDATION TRUST,741,668,90.14844804318489,5.89622641509434,19.1228571428571,0,0,0,65.50902004182501,24.639428001359875,21.0
2024-10-01,RJE,UNIVERSITY HOSPITALS OF NORTH MIDLANDS NHS TRUST,7,7,100.0,,,0,0,0,65.50902004182501,34.49097995817499,1.0
2024-10-01,RK9,UNIVERSITY HOSPITALS PLYMOUTH NHS TRUST,489,352,71.98364008179959,7.65625,46.72,24,4,0,65.50902004182501,6.474620039974582,64.0
2024-10-01,RYR,UNIVERSITY HOSPITALS SUSSEX NHS FOUNDATION TRUST,1867,771,41.29619710765935,23.7613636363636,53.1952941176471,176,4,0,65.50902004182501,-24.212822934165658,115.0
2024-10-01,RBK,WALSALL HEALTHCARE NHS TRUST,1123,639,56.90115761353517,15.5,37.2106666666667,5,0,0,65.50902004182501,-8.607862428289842,101.0
2024-10-01,RWW,WARRINGTON AND HALTON TEACHING HOSPITALS NHS FOUNDATION TRUST,674,524,77.74480712166172,9.68421052631579,22.8053333333333,0,0,0,65.50902004182501,12.235787079836712,56.0
2024-10-01,RWG,WEST HERTFORDSHIRE TEACHING HOSPITALS NHS TRUST,707,445,62.94200848656294,13.5,40.48,19,3,3,65.50902004182501,-2.56701155526207,88.0
2024-10-01,RGR,WEST SUFFOLK NHS FOUNDATION TRUST,215,197,91.62790697674419,3.01724137931034,18.4,1,0,0,65.50902004182501,26.118886934919175,16.0
2024-10-01,RKE,WHITTINGTON HEALTH NHS TRUST,657,468,71.23287671232876,10.8409090909091,31.288,0,0,0,65.50902004182501,5.72385667050375,66.0
2024-10-01,RBL,WIRRAL UNIVERSITY TEACHING HOSPITAL NHS FOUNDATION TRUST,1099,474,43.13011828935396,21.1206896551724,45.741052631579,11,0,0,65.50902004182501,-22.37890175247105,113.0
2024-10-01,RWP,WORCESTERSHIRE ACUTE HOSPITALS NHS TRUST,1016,669,65.84645669291339,12.9268292682927,34.7266666666667,5,0,0,65.50902004182501,0.3374366510883817,81.0
2024-10-01,RRF,"WRIGHTINGTON, WIGAN AND LEIGH NHS FOUNDATION TRUST",1129,899,79.62798937112488,10.9705882352941,22.768,0,0,0,65.50902004182501,14.118969329299873,47.0
2024-10-01,RLQ,WYE VALLEY NHS TRUST,487,298,61.19096509240246,12.9375,33.7723076923077,2,0,0,65.50902004182501,-4.318054949422553,92.0
2024-10-01,RCB,YORK AND SCARBOROUGH TEACHING HOSPITALS NHS FOUNDATION TRUST,502,387,77.09163346613546,10.2333333333333,28.9466666666667,0,0,0,65.50902004182501,11.582613424310452,57.0
2024-11-01,RCF,AIREDALE NHS FOUNDATION TRUST,335,288,85.97014925373134,6.84090909090909,22.8,0,0,0,65.10603026622461,20.86411898750673,33.0
2024-11-01,RBS,ALDER HEY CHILDREN'S NHS FOUNDATION TRUST,0,0,,,,0,0,0,65.10603026622461,,
2024-11-01,RTK,ASHFORD AND ST PETER'S HOSPITALS NHS FOUNDATION TRUST,275,265,96.36363636363636,4.3125,12.625,1,1,0,65.10603026622461,31.257606097411752,8.0
2024-11-01,RF4,"BARKING, HAVERING AND REDBRIDGE UNIVERSITY HOSPITALS NHS TRUST",415,367,88.43373493975903,3.61111111111111,20.9333333333333,1,0,0,65.10603026622461,23.327704673534427,27.0
2024-11-01,RFF,BARNSLEY HOSPITAL NHS FOUNDATION TRUST,277,267,96.38989169675091,5.85,15.57,0,0,0,65.10603026622461,31.2838614305263,7.0
2024-11-01,R1H,BARTS HEALTH NHS TRUST,1236,982,79.44983818770227,8.79268292682927,26.012,3,0,0,65.10603026622461,14.343807921477662,45.0
2024-11-01,RC9,BEDFORDSHIRE HOSPITALS NHS FOUNDATION TRUST,1041,780,74.92795389048992,9.46774193548387,29.62,2,0,0,65.10603026622461,9.82192362426531,59.0
2024-11-01,RWX,BERKSHIRE HEALTHCARE NHS FOUNDATION TRUST,0,0,,,,0,0,0,65.10603026622461,,
2024-11-01,RYW,BIRMINGHAM COMMUNITY HEALTHCARE NHS FOUNDATION TRUST,0,0,,,,0,0,0,65.10603026622461,,
2024-11-01,RQ3,BIRMINGHAM WOMEN'S AND CHILDREN'S NHS FOUNDATION TRUST,0,0,,,,0,0,0,65.10603026622461,,
2024-11-01,RXL,BLACKPOOL TEACHING HOSPITALS NHS FOUNDATION TRUST,834,460,55.15587529976019,15.2857142857143,36.9621052631579,3,0,0,65.10603026622461,-9.950154966464417,101.0
2024-11-01,RMC,BOLTON NHS FOUNDATION TRUST,950,491,51.68421052631579,17.36,42.5,5,0,0,65.10603026622461,-13.42181973990882,103.0
2024-11-01,TAD,BRADFORD DISTRICT CARE NHS FOUNDATION TRUST,0,0,,,,0,0,0,65.10603026622461,,
2024-11-01,RAE,BRADFORD TEACHING HOSPITALS NHS FOUNDATION TRUST,458,423,92.35807860262008,6.93333333333333,17.795,0,0,0,65.10603026622461,27.252048336395475,16.0
2024-11-01,RXQ,BUCKINGHAMSHIRE HEALTHCARE NHS TRUST,1088,531,48.80514705882353,18.7647058823529,45.848,42,0,0,65.10603026622461,-16.30088320740108,107.0
2024-11-01,RWY,CALDERDALE AND HUDDERSFIELD NHS FOUNDATION TRUST,1196,723,60.45150501672241,14.4444444444444,29.1364705882353,0,0,0,65.10603026622461,-4.6545252495022,91.0
2024-11-01,RGT,CAMBRIDGE UNIVERSITY HOSPITALS NHS FOUNDATION TRUST,1905,1509,79.21259842519684,9.10106382978723,27.0162162162162,1,0,0,65.10603026622461,14.106568158972237,47.0
2024-11-01,RT1,CAMBRIDGESHIRE AND PETERBOROUGH NHS FOUNDATION TRUST,0,0,,,,0,0,0,65.10603026622461,,
2024-11-01,RV3,CENTRAL AND NORTH WEST LONDON NHS FOUNDATION TRUST,0,0,,,,0,0,0,65.10603026622461,,
2024-11-01,RQM,CHELSEA AND WESTMINSTER HOSPITAL NHS FOUNDATION TRUST,1267,907,71.58642462509866,11.0760869565217,31.7447619047619,0,0,0,65.10603026622461,6.480394358874051,66.0
2024-11-01,RFS,CHESTERFIELD ROYAL HOSPITAL NHS FOUNDATION TRUST,958,428,44.676409185803756,20.0,43.9418181818182,20,1,0,65.10603026622461,-20.42962108042085,111.0
2024-11-01,RJ8,CORNWALL PARTNERSHIP NHS FOUNDATION TRUST,0,0,,,,0,0,0,65.10603026622461,,
2024-11-01,RJR,COUNTESS OF CHESTER HOSPITAL NHS FOUNDATION TRUST,592,269,45.439189189189186,19.7894736842105,45.0533333333333,9,0,0,65.10603026622461,-19.66684107703542,110.0
2024-11-01,RXP,COUNTY DURHAM AND DARLINGTON NHS FOUNDATION TRUST,759,531,69.96047430830039,11.5,26.3292307692308,0,0,0,65.10603026622461,4.854444042075784,68.0
2024-11-01,RJ6,CROYDON HEALTH SERVICES NHS TRUST,970,646,66.59793814432989,12.7272727272727,28.5692307692308,0,0,0,65.10603026622461,1.4919078781052804,80.0
2024-11-01,RX4,"CUMBRIA, NORTHUMBERLAND, TYNE AND WEAR NHS FOUNDATION TRUST",0,0,,,,0,0,0,65.10603026622461,,
2024-11-01,RN7,DARTFORD AND GRAVESHAM NHS TRUST,0,0,,,,0,0,0,65.10603026622461,,
2024-11-01,RP5,DONCASTER AND BASSETLAW TEACHING HOSPITALS NHS FOUNDATION TRUST,1126,683,60.65719360568384,14.0,30.1717647058824,3,0,0,65.10603026622461,-4.4488366605407705,89.0
2024-11-01,RBD,DORSET COUNTY HOSPITAL NHS FOUNDATION TRUST,8,0,0.0,,,0,0,0,65.10603026622461,-65.10603026622461,123.0
2024-11-01,RWH,EAST AND NORTH HERTFORDSHIRE NHS TRUST,1188,574,48.31649831649832,18.6666666666667,40.3163636363636,11,0,0,65.10603026622461,-16.78953194972629,108.0
2024-11-01,RJN,EAST CHESHIRE NHS TRUST,0,0,,,,0,0,0,65.10603026622461,,
2024-11-01,RVV,EAST KENT HOSPITALS UNIVERSITY NHS FOUNDATION TRUST,3114,1151,36.962106615285805,24.0945945945946,45.4537142857143,54,0,0,65.10603026622461,-28.143923650938802,119.0
2024-11-01,RXR,EAST LANCASHIRE HOSPITALS NHS TRUST,1079,757,70.15755329008341,11.4519230769231,31.312,2,0,0,65.10603026622461,5.051523023858806,67.0
2024-11-01,RDE,EAST SUFFOLK AND NORTH ESSEX NHS FOUNDATION TRUST,1249,1127,90.23218574859888,7.1984126984127,18.6690909090909,0,0,0,65.10603026622461,25.126155482374273,20.0
2024-11-01,RXC,EAST SUSSEX HEALTHCARE NHS TRUST,270,257,95.18518518518519,5.45454545454545,16.24,1,0,0,65.10603026622461,30.079154918960583,9.0
2024-11-01,RVR,EPSOM AND ST HELIER UNIVERSITY HOSPITALS NHS TRUST,457,328,71.77242888402627,9.73529411764706,33.688,7,1,0,65.10603026622461,6.666398617801661,65.0
2024-11-01,R1L,ESSEX PARTNERSHIP UNIVERSITY NHS FOUNDATION TRUST,0,0,,,,0,0,0,65.10603026622461,,
2024-11-01,RDU,FRIMLEY HEALTH NHS FOUNDATION TRUST,787,640,81.32147395171538,8.16666666666667,25.13,0,0,0,65.10603026622461,16.21544368549077,39.0
2024-11-01,RR7,GATESHEAD HEALTH NHS FOUNDATION TRUST,490,381,77.75510204081633,11.0,23.8,0,0,0,65.10603026622461,12.649071774591718,54.0
2024-11-01,RLT,GEORGE ELIOT HOSPITAL NHS TRUST,420,370,88.09523809523809,7.375,25.4,0,0,0,65.10603026622461,22.98920782901348,28.0
2024-11-01,RTE,GLOUCESTERSHIRE HOSPITALS NHS FOUNDATION TRUST,1225,826,67.42857142857143,10.421568627451,33.6363636363636,8,0,0,65.10603026622461,2.3225411623468233,76.0
2024-11-01,RP4,GREAT ORMOND STREET HOSPITAL FOR CHILDREN NHS FOUNDATION TRUST,0,0,,,,0,0,0,65.10603026622461,,
2024-11-01,RN3,GREAT WESTERN HOSPITALS NHS FOUNDATION TRUST,327,262,80.1223241590214,7.675,24.73,0,0,0,65.10603026622461,15.016293892796796,43.0
2024-11-01,RJ1,GUY'S AND ST THOMAS' NHS FOUNDATION TRUST,477,429,89.937106918239,5.25,19.9466666666667,0,0,0,65.10603026622461,24.83107665201439,21.0
2024-11-01,RW1,HAMPSHIRE AND ISLE OF WIGHT HEALTHCARE NHS FOUNDATION TRUST,80,78,97.5,5.57142857142857,11.8,0,0,0,65.10603026622461,32.39396973377539,5.0
2024-11-01,RN5,HAMPSHIRE HOSPITALS NHS FOUNDATION TRUST,1819,1048,57.61407366684992,14.6372549019608,39.8986666666667,46,1,0,65.10603026622461,-7.491956599374689,97.0
2024-11-01,RCD,HARROGATE AND DISTRICT NHS FOUNDATION TRUST,425,342,80.47058823529412,8.4375,25.1666666666667,0,0,0,65.10603026622461,15.364557969069509,41.0
2024-11-01,R1A,HEREFORDSHIRE AND WORCESTERSHIRE HEALTH AND CARE NHS TRUST,0,0,,,,0,0,0,65.10603026622461,,
2024-11-01,RQX,HOMERTON HEALTHCARE NHS FOUNDATION TRUST,185,182,98.37837837837839,3.16666666666667,9.03333333333334,0,0,0,65.10603026622461,33.27234811215378,2.0
2024-11-01,RWA,HULL UNIVERSITY TEACHING HOSPITALS NHS TRUST,1307,650,49.73221117061974,18.125,41.18,30,1,0,65.10603026622461,-15.373819095604865,105.0
2024-11-01,RYJ,IMPERIAL COLLEGE HEALTHCARE NHS TRUST,1094,737,67.3674588665448,11.741935483871,30.1345454545455,0,0,0,65.10603026622461,2.261428600320187,77.0
2024-11-01,R1F,ISLE OF WIGHT NHS TRUST,512,457,89.2578125,8.48387096774194,19.13,0,0,0,65.10603026622461,24.151782233775393,26.0
2024-11-01,RGP,JAMES PAGET UNIVERSITY HOSPITALS NHS FOUNDATION TRUST,344,313,90.98837209302324,5.46153846153846,19.62,2,0,0,65.10603026622461,25.882341826798637,17.0
2024-11-01,RYY,KENT COMMUNITY HEALTH NHS FOUNDATION TRUST,0,0,,,,0,0,0,65.10603026622461,,
2024-11-01,RNQ,KETTERING GENERAL HOSPITAL NHS FOUNDATION TRUST,919,780,84.87486398258977,8.2027027027027,24.2254545454545,0,0,0,65.10603026622461,19.768833716365165,36.0
2024-11-01,RJZ,KING'S COLLEGE HOSPITAL NHS FOUNDATION TRUST,1109,877,79.08025247971146,8.16666666666667,24.52,6,2,0,65.10603026622461,13.974222213486854,48.0
2024-11-01,RAX,KINGSTON AND RICHMOND NHS FOUNDATION TRUST,565,508,89.91150442477877,9.4375,19.2,0,0,0,65.10603026622461,24.805474158554162,23.0
2024-11-01,RW5,LANCASHIRE & SOUTH CUMBRIA NHS FOUNDATION TRUST,302,296,98.01324503311258,5.37037037037037,11.768,0,0,0,65.10603026622461,32.907214766887975,3.0
2024-11-01,RXN,LANCASHIRE TEACHING HOSPITALS NHS FOUNDATION TRUST,0,0,,,,0,0,0,65.10603026622461,,
2024-11-01,RY6,LEEDS COMMUNITY HEALTHCARE NHS TRUST,0,0,,,,0,0,0,65.10603026622461,,
2024-11-01,RR8,LEEDS TEACHING HOSPITALS NHS TRUST,2642,1905,72.10446631339894,10.7604166666667,27.0118518518519,0,0,0,65.10603026622461,6.998436047174337,63.0
2024-11-01,RJ2,LEWISHAM AND GREENWICH NHS TRUST,1063,826,77.70460959548447,8.9,30.1225,2,0,0,65.10603026622461,12.598579329259863,55.0
2024-11-01,RP7,LINCOLNSHIRE PARTNERSHIP NHS FOUNDATION TRUST,0,0,,,,0,0,0,65.10603026622461,,
2024-11-01,RBQ,LIVERPOOL HEART AND CHEST HOSPITAL NHS FOUNDATION TRUST,0,0,,,,0,0,0,65.10603026622461,,
2024-11-01,REM,LIVERPOOL UNIVERSITY HOSPITALS NHS FOUNDATION TRUST,556,433,77.87769784172663,7.96774193548387,25.252,0,0,0,65.10603026622461,12.771667575502022,53.0
2024-11-01,REP,LIVERPOOL WOMEN'S NHS FOUNDATION TRUST,0,0,,,,0,0,0,65.10603026622461,,
2024-11-01,R1K,LONDON NORTH WEST UNIVERSITY HEALTHCARE NHS TRUST,651,553,84.94623655913979,6.328125,22.72,0,0,0,65.10603026622461,19.840206292915184,35.0
2024-11-01,RWF,MAIDSTONE AND TUNBRIDGE WELLS NHS TRUST,702,547,77.92022792022793,9.70731707317073,29.4057142857143,0,0,0,65.10603026622461,12.814197654003323,52.0
2024-11-01,R0A,MANCHESTER UNIVERSITY NHS FOUNDATION TRUST,1625,1041,64.06153846153846,11.2021276595745,35.0769230769231,1,0,0,65.10603026622461,-1.044491804686146,85.0
2024-11-01,RPA,MEDWAY NHS FOUNDATION TRUST,3211,1254,39.053254437869825,23.2692307692308,53.3690909090909,294,11,0,65.10603026622461,-26.052775828354783,117.0
2024-11-01,RBN,MERSEY AND WEST LANCASHIRE TEACHING HOSPITALS NHS TRUST,1269,871,68.6367218282112,11.421875,34.435,9,0,0,65.10603026622461,3.530691561986586,70.0
2024-11-01,RW4,MERSEY CARE NHS FOUNDATION TRUST,0,0,,,,0,0,0,65.10603026622461,,
2024-11-01,RAJ,MID AND SOUTH ESSEX NHS FOUNDATION TRUST,2688,1603,59.635416666666664,13.7872340425532,40.8316666666667,41,1,0,65.10603026622461,-5.470613599557943,92.0
2024-11-01,RBT,MID CHESHIRE HOSPITALS NHS FOUNDATION TRUST,1430,548,38.32167832167832,24.8095238095238,56.88,191,18,0,65.10603026622461,-26.784351944546287,118.0
2024-11-01,RXF,MID YORKSHIRE TEACHING NHS TRUST,784,474,60.45918367346938,13.4827586206897,35.3644444444445,0,0,0,65.10603026622461,-4.6468465927552245,90.0
2024-11-01,RRE,MIDLANDS PARTNERSHIP UNIVERSITY NHS FOUNDATION TRUST,3071,2922,95.14816020840117,2.12053571428571,13.009696969697,0,0,0,65.10603026622461,30.042129942176558,10.0
2024-11-01,RD8,MILTON KEYNES UNIVERSITY HOSPITAL NHS FOUNDATION TRUST,973,338,34.73792394655704,23.2884615384615,43.944,36,3,0,65.10603026622461,-30.368106319667568,121.0
2024-11-01,RP6,MOORFIELDS EYE HOSPITAL NHS FOUNDATION TRUST,0,0,,,,0,0,0,65.10603026622461,,
2024-11-01,RM1,NORFOLK AND NORWICH UNIVERSITY HOSPITALS NHS FOUNDATION TRUST,1040,866,83.26923076923077,7.75862068965517,27.0533333333333,4,0,0,65.10603026622461,18.163200503006166,38.0
2024-11-01,RVJ,NORTH BRISTOL NHS TRUST,616,554,89.93506493506493,7.46428571428571,19.172,0,0,0,65.10603026622461,24.829034668840322,22.0
2024-11-01,RNN,NORTH CUMBRIA INTEGRATED CARE NHS FOUNDATION TRUST,1180,697,59.06779661016949,14.875,37.075,11,1,1,65.10603026622461,-6.0382336560551195,95.0
2024-11-01,RAP,NORTH MIDDLESEX UNIVERSITY HOSPITAL NHS TRUST,535,464,86.72897196261682,8.94642857142857,20.7176470588235,0,0,0,65.10603026622461,21.622941696392218,32.0
2024-11-01,RVW,NORTH TEES AND HARTLEPOOL NHS FOUNDATION TRUST,558,443,79.39068100358423,8.33333333333333,26.1942857142857,1,0,0,65.10603026622461,14.284650737359627,46.0
2024-11-01,RGN,NORTH WEST ANGLIA NHS FOUNDATION TRUST,1754,782,44.58380843785633,21.4,50.534,118,0,0,65.10603026622461,-20.52222182836828,112.0
2024-11-01,RNS,NORTHAMPTON GENERAL HOSPITAL NHS TRUST,325,292,89.84615384615384,4.93055555555556,20.0,0,0,0,65.10603026622461,24.740123579929232,24.0
2024-11-01,RM3,NORTHERN CARE ALLIANCE NHS FOUNDATION TRUST,2549,1472,57.74813652412711,15.3014705882353,40.104,37,0,0,65.10603026622461,-7.357893742097495,96.0
2024-11-01,RJL,NORTHERN LINCOLNSHIRE AND GOOLE NHS FOUNDATION TRUST,866,513,59.237875288683604,14.75,29.172,1,0,0,65.10603026622461,-5.868154977541003,94.0
2024-11-01,RTF,NORTHUMBRIA HEALTHCARE NHS FOUNDATION TRUST,774,677,87.46770025839793,8.5,22.5828571428571,0,0,0,65.10603026622461,22.36166999217332,29.0
2024-11-01,RX1,NOTTINGHAM UNIVERSITY HOSPITALS NHS TRUST,682,462,67.74193548387096,11.6666666666667,27.2266666666667,1,0,0,65.10603026622461,2.6359052176463535,73.0
2024-11-01,RTH,OXFORD UNIVERSITY HOSPITALS NHS FOUNDATION TRUST,1952,1225,62.75614754098361,13.4897959183673,35.88,26,1,0,65.10603026622461,-2.3498827252409953,86.0
2024-11-01,RPG,OXLEAS NHS FOUNDATION TRUST,0,0,,,,0,0,0,65.10603026622461,,
2024-11-01,RHU,PORTSMOUTH HOSPITALS UNIVERSITY NATIONAL HEALTH SERVICE TRUST,385,376,97.66233766233766,3.82894736842105,10.9466666666667,0,0,0,65.10603026622461,32.556307396113056,4.0
2024-11-01,RPC,QUEEN VICTORIA HOSPITAL NHS FOUNDATION TRUST,39,31,79.48717948717949,12.3,22.88,0,0,0,65.10603026622461,14.381149220954882,44.0
2024-11-01,RHW,ROYAL BERKSHIRE NHS FOUNDATION TRUST,186,162,87.09677419354838,9.66666666666667,22.56,0,0,0,65.10603026622461,21.990743927323777,30.0
2024-11-01,REF,ROYAL CORNWALL HOSPITALS NHS TRUST,514,498,96.88715953307393,4.90384615384615,12.488,1,0,0,65.10603026622461,31.78112926684932,6.0
2024-11-01,RH8,ROYAL DEVON UNIVERSITY HEALTHCARE NHS FOUNDATION TRUST,565,456,80.70796460176992,8.28125,26.45,2,2,0,65.10603026622461,15.601934335545309,40.0
2024-11-01,RAL,ROYAL FREE LONDON NHS FOUNDATION TRUST,2878,1708,59.34676858929813,14.6363636363636,39.1105882352941,5,0,0,65.10603026622461,-5.759261676926478,93.0
2024-11-01,RAN,ROYAL NATIONAL ORTHOPAEDIC HOSPITAL NHS TRUST,110,104,94.54545454545455,6.21428571428571,17.0666666666667,0,0,0,65.10603026622461,29.43942427922994,11.0
2024-11-01,RGM,ROYAL PAPWORTH HOSPITAL NHS FOUNDATION TRUST,0,0,,,,0,0,0,65.10603026622461,,
2024-11-01,RA2,ROYAL SURREY COUNTY HOSPITAL NHS FOUNDATION TRUST,206,193,93.68932038834951,4.23333333333333,16.76,1,0,0,65.10603026622461,28.583290122124907,15.0
2024-11-01,RD1,ROYAL UNITED HOSPITALS BATH NHS FOUNDATION TRUST,1372,1037,75.58309037900874,10.4794520547945,23.26,0,0,0,65.10603026622461,10.47706011278413,57.0
2024-11-01,RNZ,SALISBURY NHS FOUNDATION TRUST,785,447,56.94267515923567,15.5535714285714,35.3466666666667,1,0,0,65.10603026622461,-8.163355106988938,98.0
2024-11-01,RXK,SANDWELL AND WEST BIRMINGHAM HOSPITALS NHS TRUST,842,561,66.6270783847981,11.4146341463415,35.728,30,0,0,65.10603026622461,1.5210481185734892,79.0
2024-11-01,RCU,SHEFFIELD CHILDREN'S NHS FOUNDATION TRUST,0,0,,,,0,0,0,65.10603026622461,,
2024-11-01,RHQ,SHEFFIELD TEACHING HOSPITALS NHS FOUNDATION TRUST,1324,1065,80.4380664652568,8.56923076923077,25.2311111111111,3,0,0,65.10603026622461,15.332036199032189,42.0
2024-11-01,RK5,SHERWOOD FOREST HOSPITALS NHS FOUNDATION TRUST,300,282,94.0,6.4,17.5,0,0,0,65.10603026622461,28.893969733775393,14.0
2024-11-01,R1D,SHROPSHIRE COMMUNITY HEALTH NHS TRUST,8,6,75.0,,,0,0,0,65.10603026622461,9.893969733775393,58.0
2024-11-01,RH5,SOMERSET NHS FOUNDATION TRUST,879,614,69.85210466439136,10.530303030303,30.8066666666667,3,0,0,65.10603026622461,4.746074398166755,69.0
2024-11-01,RTR,SOUTH TEES HOSPITALS NHS FOUNDATION TRUST,1346,840,62.40713224368499,13.962962962963,36.665,17,2,0,65.10603026622461,-2.698898022539616,87.0
2024-11-01,R0B,SOUTH TYNESIDE AND SUNDERLAND NHS FOUNDATION TRUST,1421,966,67.98029556650246,10.8173076923077,30.5133333333333,0,0,0,65.10603026622461,2.8742653002778553,71.0
2024-11-01,RJC,SOUTH WARWICKSHIRE UNIVERSITY NHS FOUNDATION TRUST,600,543,90.5,9.0625,20.0,1,0,0,65.10603026622461,25.393969733775393,18.0
2024-11-01,RXG,SOUTH WEST YORKSHIRE PARTNERSHIP NHS FOUNDATION TRUST,0,0,,,,0,0,0,65.10603026622461,,
2024-11-01,RJ7,ST GEORGE'S UNIVERSITY HOSPITALS NHS FOUNDATION TRUST,1126,883,78.41918294849023,9.30909090909091,27.2742857142857,4,1,0,65.10603026622461,13.313152682265624,50.0
2024-11-01,RWJ,STOCKPORT NHS FOUNDATION TRUST,1181,664,56.223539373412365,14.9868421052632,39.6188235294118,5,0,0,65.10603026622461,-8.882490892812243,100.0
2024-11-01,RTP,SURREY AND SUSSEX HEALTHCARE NHS TRUST,466,315,67.59656652360515,11.0,33.24,0,0,0,65.10603026622461,2.4905362573805405,74.0
2024-11-01,RDR,SUSSEX COMMUNITY NHS FOUNDATION TRUST,146,99,67.8082191780822,11.5,27.29,0,0,0,65.10603026622461,2.70218891185759,72.0
2024-11-01,RMP,TAMESIDE AND GLOSSOP INTEGRATED CARE NHS FOUNDATION TRUST,364,343,94.23076923076923,5.8,16.6266666666667,0,0,0,65.10603026622461,29.12473896454462,12.0
2024-11-01,RBV,THE CHRISTIE NHS FOUNDATION TRUST,0,0,,,,0,0,0,65.10603026622461,,
2024-11-01,REN,THE CLATTERBRIDGE CANCER CENTRE NHS FOUNDATION TRUST,0,0,,,,0,0,0,65.10603026622461,,
2024-11-01,RNA,THE DUDLEY GROUP NHS FOUNDATION TRUST,938,620,66.09808102345416,11.2727272727273,34.745,8,0,0,65.10603026622461,0.9920507572295492,82.0
2024-11-01,RAS,THE HILLINGDON HOSPITALS NHS FOUNDATION TRUST,1128,322,28.54609929078014,24.3888888888889,43.34,36,0,0,65.10603026622461,-36.559930975444466,122.0
2024-11-01,RTD,THE NEWCASTLE UPON TYNE HOSPITALS NHS FOUNDATION TRUST,1265,843,66.6403162055336,11.3787878787879,51.7333333333333,98,20,0,65.10603026622461,1.5342859393089867,78.0
2024-11-01,RQW,THE PRINCESS ALEXANDRA HOSPITAL NHS TRUST,818,300,36.674816625916876,21.7894736842105,45.78,20,0,0,65.10603026622461,-28.431213640307732,120.0
2024-11-01,RCX,"THE QUEEN ELIZABETH HOSPITAL, KING'S LYNN, NHS FOUNDATION TRUST",941,452,48.034006376195535,19.2368421052632,44.6511111111111,7,0,0,65.10603026622461,-17.072023890029072,109.0
2024-11-01,RL1,THE ROBERT JONES AND AGNES HUNT ORTHOPAEDIC HOSPITAL NHS FOUNDATION TRUST,1679,727,43.29958308516974,22.275,48.3341176470588,45,0,0,65.10603026622461,-21.806447181054864,114.0
2024-11-01,RFR,THE ROTHERHAM NHS FOUNDATION TRUST,647,609,94.12673879443587,6.38421052631579,16.9718518518519,0,0,0,65.10603026622461,29.02070852821126,13.0
2024-11-01,RPY,THE ROYAL MARSDEN NHS FOUNDATION TRUST,0,0,,,,0,0,0,65.10603026622461,,
2024-11-01,RRJ,THE ROYAL ORTHOPAEDIC HOSPITAL NHS FOUNDATION TRUST,0,0,,,,0,0,0,65.10603026622461,,
2024-11-01,RL4,THE ROYAL WOLVERHAMPTON NHS TRUST,3135,1550,49.441786283891545,18.203488372093,35.5045454545455,1,0,0,65.10603026622461,-15.664243982333062,106.0
2024-11-01,RXW,THE SHREWSBURY AND TELFORD HOSPITAL NHS TRUST,0,0,,,,0,0,0,65.10603026622461,,
2024-11-01,RET,THE WALTON CENTRE NHS FOUNDATION TRUST,0,0,,,,0,0,0,65.10603026622461,,
2024-11-01,RA9,TORBAY AND SOUTH DEVON NHS FOUNDATION TRUST,524,446,85.1145038167939,7.57142857142857,25.0266666666667,4,0,0,65.10603026622461,20.008473550569292,34.0
2024-11-01,RWD,UNITED LINCOLNSHIRE TEACHING HOSPITALS NHS TRUST,1956,802,41.00204498977505,22.9705882352941,55.076,220,6,0,65.10603026622461,-24.103985276449556,115.0
2024-11-01,RRV,UNIVERSITY COLLEGE LONDON HOSPITALS NHS FOUNDATION TRUST,1469,834,56.773315180394825,16.1545454545455,37.56,40,0,0,65.10603026622461,-8.332715085829783,99.0
2024-11-01,RHM,UNIVERSITY HOSPITAL SOUTHAMPTON NHS FOUNDATION TRUST,661,517,78.21482602118003,9.06,24.57,0,0,0,65.10603026622461,13.108795754955423,51.0
2024-11-01,RRK,UNIVERSITY HOSPITALS BIRMINGHAM NHS FOUNDATION TRUST,735,617,83.94557823129252,6.96938775510204,23.3818181818182,2,0,0,65.10603026622461,18.839547965067908,37.0
2024-11-01,RA7,UNIVERSITY HOSPITALS BRISTOL AND WESTON NHS FOUNDATION TRUST,764,502,65.70680628272252,11.2631578947368,41.0977777777778,5,0,0,65.10603026622461,0.6007760164979175,84.0
2024-11-01,RKB,UNIVERSITY HOSPITALS COVENTRY AND WARWICKSHIRE NHS TRUST,847,735,86.77685950413223,8.05555555555556,20.6385185185185,1,0,0,65.10603026622461,21.670829237907625,31.0
2024-11-01,R0D,UNIVERSITY HOSPITALS DORSET NHS FOUNDATION TRUST,1454,1145,78.74828060522697,9.53968253968254,23.3025,4,0,0,65.10603026622461,13.64225033900236,49.0
2024-11-01,RTG,UNIVERSITY HOSPITALS OF DERBY AND BURTON NHS FOUNDATION TRUST,2473,1269,51.31419328750505,17.4298245614035,42.8464,35,1,0,65.10603026622461,-13.791836978719559,104.0
2024-11-01,RWE,UNIVERSITY HOSPITALS OF LEICESTER NHS TRUST,3642,2456,67.43547501372872,11.8604651162791,35.4871428571429,51,0,0,65.10603026622461,2.3294447475041125,75.0
2024-11-01,RTX,UNIVERSITY HOSPITALS OF MORECAMBE BAY NHS FOUNDATION TRUST,770,688,89.35064935064935,5.98148148148148,19.4571428571429,1,0,0,65.10603026622461,24.24461908442474,25.0
2024-11-01,RJE,UNIVERSITY HOSPITALS OF NORTH MIDLANDS NHS TRUST,6,6,100.0,,,0,0,0,65.10603026622461,34.89396973377539,1.0
2024-11-01,RK9,UNIVERSITY HOSPITALS PLYMOUTH NHS TRUST,556,426,76.61870503597122,6.69230769230769,43.76,24,0,0,65.10603026622461,11.51267476974661,56.0
2024-11-01,RYR,UNIVERSITY HOSPITALS SUSSEX NHS FOUNDATION TRUST,2019,890,44.08122833085686,21.0648148148148,55.4991304347826,226,5,0,65.10603026622461,-21.024801935367748,113.0
2024-11-01,RBK,WALSALL HEALTHCARE NHS TRUST,1171,610,52.09222886421861,17.2096774193548,39.166,3,0,0,65.10603026622461,-13.013801402005996,102.0
2024-11-01,RWW,WARRINGTON AND HALTON TEACHING HOSPITALS NHS FOUNDATION TRUST,719,518,72.04450625869264,10.537037037037,24.8325925925926,1,0,0,65.10603026622461,6.938475992468028,64.0
2024-11-01,RWG,WEST HERTFORDSHIRE TEACHING HOSPITALS NHS TRUST,667,443,66.4167916041979,12.675,29.82,7,0,0,65.10603026622461,1.3107613379732896,81.0
2024-11-01,RGR,WEST SUFFOLK NHS FOUNDATION TRUST,206,186,90.29126213592234,3.8,18.704,1,1,0,65.10603026622461,25.18523186969773,19.0
2024-11-01,RKE,WHITTINGTON HEALTH NHS TRUST,548,399,72.8102189781022,11.1034482758621,32.395,0,0,0,65.10603026622461,7.704188711877592,61.0
2024-11-01,RBL,WIRRAL UNIVERSITY TEACHING HOSPITAL NHS FOUNDATION TRUST,1156,465,40.22491349480969,22.5238095238095,46.8342857142857,24,1,0,65.10603026622461,-24.881116771414916,116.0
2024-11-01,RWP,WORCESTERSHIRE ACUTE HOSPITALS NHS TRUST,909,599,65.8965896589659,12.4375,32.056,5,0,0,65.10603026622461,0.7905593927412866,83.0
2024-11-01,RRF,"WRIGHTINGTON, WIGAN AND LEIGH NHS FOUNDATION TRUST",1155,865,74.89177489177489,11.6272727272727,23.3111111111111,0,0,0,65.10603026622461,9.78574462555028,60.0
2024-11-01,RLQ,WYE VALLEY NHS TRUST,479,296,61.79540709812108,13.0625,35.42,3,0,0,65.10603026622461,-3.3106231681035254,88.0
2024-11-01,RCB,YORK AND SCARBOROUGH TEACHING HOSPITALS NHS FOUNDATION TRUST,442,321,72.62443438914026,9.65,29.928,1,0,0,65.10603026622461,7.518404122915655,62.0
2024-12-01,RCF,AIREDALE NHS FOUNDATION TRUST,340,304,89.41176470588236,6.95238095238095,21.6,0,0,0,64.6421196117963,24.76964509408606,23.0
2024-12-01,RBS,ALDER HEY CHILDREN'S NHS FOUNDATION TRUST,0,0,,,,0,0,0,64.6421196117963,,
2024-12-01,RTK,ASHFORD AND ST PETER'S HOSPITALS NHS FOUNDATION TRUST,237,230,97.0464135021097,5.525,14.38,0,0,0,64.6421196117963,32.4042938903134,4.0
2024-12-01,RF4,"BARKING, HAVERING AND REDBRIDGE UNIVERSITY HOSPITALS NHS TRUST",250,224,89.60000000000001,5.125,22.3333333333333,0,0,0,64.6421196117963,24.957880388203705,20.0
2024-12-01,RFF,BARNSLEY HOSPITAL NHS FOUNDATION TRUST,291,268,92.09621993127148,5.41666666666667,17.86,1,0,0,64.6421196117963,27.454100319475174,15.0
2024-12-01,R1H,BARTS HEALTH NHS TRUST,1220,969,79.42622950819673,9.8,27.9454545454546,1,0,0,64.6421196117963,14.784109896400423,47.0
2024-12-01,RC9,BEDFORDSHIRE HOSPITALS NHS FOUNDATION TRUST,1095,766,69.95433789954339,10.5113636363636,32.28,2,0,0,64.6421196117963,5.312218287747086,70.0
2024-12-01,RWX,BERKSHIRE HEALTHCARE NHS FOUNDATION TRUST,0,0,,,,0,0,0,64.6421196117963,,
2024-12-01,RYW,BIRMINGHAM COMMUNITY HEALTHCARE NHS FOUNDATION TRUST,0,0,,,,0,0,0,64.6421196117963,,
2024-12-01,RQ3,BIRMINGHAM WOMEN'S AND CHILDREN'S NHS FOUNDATION TRUST,0,0,,,,0,0,0,64.6421196117963,,
2024-12-01,RXL,BLACKPOOL TEACHING HOSPITALS NHS FOUNDATION TRUST,811,462,56.96670776818742,15.0652173913043,35.6177777777778,1,0,0,64.6421196117963,-7.6754118436088845,98.0
2024-12-01,RMC,BOLTON NHS FOUNDATION TRUST,850,457,53.764705882352935,16.2608695652174,42.1666666666667,0,0,0,64.6421196117963,-10.877413729443369,100.0
2024-12-01,TAD,BRADFORD DISTRICT CARE NHS FOUNDATION TRUST,0,0,,,,0,0,0,64.6421196117963,,
2024-12-01,RAE,BRADFORD TEACHING HOSPITALS NHS FOUNDATION TRUST,439,395,89.97722095671982,6.06818181818182,18.9866666666667,0,0,0,64.6421196117963,25.335101344923515,18.0
2024-12-01,RXQ,BUCKINGHAMSHIRE HEALTHCARE NHS TRUST,1069,512,47.895229186155284,19.65,46.3511111111111,12,0,0,64.6421196117963,-16.74689042564102,110.0
2024-12-01,RWY,CALDERDALE AND HUDDERSFIELD NHS FOUNDATION TRUST,1208,744,61.58940397350994,14.5555555555556,29.0133333333333,0,0,0,64.6421196117963,-3.052715638286365,88.0
2024-12-01,RGT,CAMBRIDGE UNIVERSITY HOSPITALS NHS FOUNDATION TRUST,1827,1472,80.56923918992884,9.25,27.5936,1,0,0,64.6421196117963,15.927119578132533,39.0
2024-12-01,RT1,CAMBRIDGESHIRE AND PETERBOROUGH NHS FOUNDATION TRUST,0,0,,,,0,0,0,64.6421196117963,,
2024-12-01,RV3,CENTRAL AND NORTH WEST LONDON NHS FOUNDATION TRUST,0,0,,,,0,0,0,64.6421196117963,,
2024-12-01,RQM,CHELSEA AND WESTMINSTER HOSPITAL NHS FOUNDATION TRUST,1303,898,68.91788181120491,11.030612244898,31.96,0,0,0,64.6421196117963,4.275762199408604,74.0
2024-12-01,RFS,CHESTERFIELD ROYAL HOSPITAL NHS FOUNDATION TRUST,983,448,45.574771108850456,20.6041666666667,44.1815384615385,22,1,0,64.6421196117963,-19.067348502945848,112.0
2024-12-01,RJ8,CORNWALL PARTNERSHIP NHS FOUNDATION TRUST,0,0,,,,0,0,0,64.6421196117963,,
2024-12-01,RJR,COUNTESS OF CHESTER HOSPITAL NHS FOUNDATION TRUST,629,286,45.46899841017488,19.8529411764706,44.7233333333333,10,1,0,64.6421196117963,-19.17312120162142,113.0
2024-12-01,RXP,COUNTY DURHAM AND DARLINGTON NHS FOUNDATION TRUST,774,554,71.57622739018088,11.6285714285714,29.7266666666667,0,0,0,64.6421196117963,6.934107778384572,66.0
2024-12-01,RJ6,CROYDON HEALTH SERVICES NHS TRUST,959,621,64.75495307612096,13.1774193548387,29.2514285714286,0,0,0,64.6421196117963,0.1128334643246518,83.0
2024-12-01,RX4,"CUMBRIA, NORTHUMBERLAND, TYNE AND WEAR NHS FOUNDATION TRUST",0,0,,,,0,0,0,64.6421196117963,,
2024-12-01,RN7,DARTFORD AND GRAVESHAM NHS TRUST,0,0,,,,0,0,0,64.6421196117963,,
2024-12-01,RP5,DONCASTER AND BASSETLAW TEACHING HOSPITALS NHS FOUNDATION TRUST,1153,681,59.0633130962706,14.6428571428571,30.7504761904762,5,0,0,64.6421196117963,-5.578806515525706,93.0
2024-12-01,RBD,DORSET COUNTY HOSPITAL NHS FOUNDATION TRUST,8,0,0.0,,,0,0,0,64.6421196117963,-64.6421196117963,123.0
2024-12-01,RWH,EAST AND NORTH HERTFORDSHIRE NHS TRUST,1151,584,50.73848827106864,17.6730769230769,37.792,10,0,0,64.6421196117963,-13.903631340727664,104.0
2024-12-01,RJN,EAST CHESHIRE NHS TRUST,0,0,,,,0,0,0,64.6421196117963,,
2024-12-01,RVV,EAST KENT HOSPITALS UNIVERSITY NHS FOUNDATION TRUST,3042,1112,36.55489809335963,24.9275362318841,45.2009302325582,49,0,0,64.6421196117963,-28.08722151843667,119.0
2024-12-01,RXR,EAST LANCASHIRE HOSPITALS NHS TRUST,1039,724,69.68238691049086,12.2435897435897,31.8233333333333,1,0,0,64.6421196117963,5.040267298694559,72.0
2024-12-01,RDE,EAST SUFFOLK AND NORTH ESSEX NHS FOUNDATION TRUST,1273,1140,89.55223880597015,7.32638888888889,19.3628571428571,0,0,0,64.6421196117963,24.910119194173845,22.0
2024-12-01,RXC,EAST SUSSEX HEALTHCARE NHS TRUST,570,537,94.21052631578948,5.25641025641026,15.94,0,0,0,64.6421196117963,29.568406703993176,11.0
2024-12-01,RVR,EPSOM AND ST HELIER UNIVERSITY HOSPITALS NHS TRUST,493,390,79.10750507099391,8.84090909090909,33.1866666666667,7,0,0,64.6421196117963,14.465385459197606,48.0
2024-12-01,R1L,ESSEX PARTNERSHIP UNIVERSITY NHS FOUNDATION TRUST,0,0,,,,0,0,0,64.6421196117963,,
2024-12-01,RDU,FRIMLEY HEALTH NHS FOUNDATION TRUST,756,597,78.96825396825396,9.09677419354839,25.6836363636364,3,0,0,64.6421196117963,14.326134356457658,49.0
2024-12-01,RR7,GATESHEAD HEALTH NHS FOUNDATION TRUST,496,379,76.41129032258065,12.2692307692308,24.832,0,0,0,64.6421196117963,11.769170710784351,58.0
2024-12-01,RLT,GEORGE ELIOT HOSPITAL NHS TRUST,358,338,94.41340782122904,8.0,16.2145454545455,0,0,0,64.6421196117963,29.77128820943274,10.0
2024-12-01,RTE,GLOUCESTERSHIRE HOSPITALS NHS FOUNDATION TRUST,1149,765,66.57963446475196,12.14,33.7753846153846,5,0,0,64.6421196117963,1.9375148529556583,78.0
2024-12-01,RP4,GREAT ORMOND STREET HOSPITAL FOR CHILDREN NHS FOUNDATION TRUST,0,0,,,,0,0,0,64.6421196117963,,
2024-12-01,RN3,GREAT WESTERN HOSPITALS NHS FOUNDATION TRUST,339,260,76.69616519174042,7.625,27.97,0,0,0,64.6421196117963,12.054045579944116,57.0
2024-12-01,RJ1,GUY'S AND ST THOMAS' NHS FOUNDATION TRUST,405,377,93.08641975308643,5.55681818181818,17.2666666666667,0,0,0,64.6421196117963,28.444300141290128,13.0
2024-12-01,RW1,HAMPSHIRE AND ISLE OF WIGHT HEALTHCARE NHS FOUNDATION TRUST,78,77,98.71794871794873,6.0,12.5866666666667,0,0,0,64.6421196117963,34.075829106152426,2.0
2024-12-01,RN5,HAMPSHIRE HOSPITALS NHS FOUNDATION TRUST,1854,1029,55.50161812297735,15.1875,41.48,46,0,0,64.6421196117963,-9.140501488818956,99.0
2024-12-01,RCD,HARROGATE AND DISTRICT NHS FOUNDATION TRUST,400,322,80.5,10.0,25.4444444444444,0,0,0,64.6421196117963,15.857880388203696,41.0
2024-12-01,R1A,HEREFORDSHIRE AND WORCESTERSHIRE HEALTH AND CARE NHS TRUST,0,0,,,,0,0,0,64.6421196117963,,
2024-12-01,RQX,HOMERTON HEALTHCARE NHS FOUNDATION TRUST,158,157,99.36708860759494,3.65217391304348,11.09,0,0,0,64.6421196117963,34.72496899579863,1.0
2024-12-01,RWA,HULL UNIVERSITY TEACHING HOSPITALS NHS TRUST,1244,657,52.81350482315113,16.8787878787879,42.1138461538462,28,0,0,64.6421196117963,-11.828614788645176,102.0
2024-12-01,RYJ,IMPERIAL COLLEGE HEALTHCARE NHS TRUST,979,687,70.17364657814096,12.1808510638298,28.5566666666667,2,0,0,64.6421196117963,5.531526966344657,69.0
2024-12-01,R1F,ISLE OF WIGHT NHS TRUST,546,453,82.96703296703298,8.33333333333333,21.88,0,0,0,64.6421196117963,18.324913355236674,36.0
2024-12-01,RGP,JAMES PAGET UNIVERSITY HOSPITALS NHS FOUNDATION TRUST,297,281,94.61279461279462,6.05555555555556,13.06,0,0,0,64.6421196117963,29.970675000998312,9.0
2024-12-01,RYY,KENT COMMUNITY HEALTH NHS FOUNDATION TRUST,0,0,,,,0,0,0,64.6421196117963,,
2024-12-01,RNQ,KETTERING GENERAL HOSPITAL NHS FOUNDATION TRUST,1013,842,83.11944718657453,8.56122448979592,24.995,0,0,0,64.6421196117963,18.47732757477823,35.0
2024-12-01,RJZ,KING'S COLLEGE HOSPITAL NHS FOUNDATION TRUST,1074,834,77.6536312849162,8.43478260869565,26.3847619047619,1,0,0,64.6421196117963,13.011511673119898,51.0
2024-12-01,RAX,KINGSTON AND RICHMOND NHS FOUNDATION TRUST,562,432,76.86832740213522,12.8181818181818,23.1155555555556,0,0,0,64.6421196117963,12.226207790338918,54.0
2024-12-01,RW5,LANCASHIRE & SOUTH CUMBRIA NHS FOUNDATION TRUST,378,359,94.97354497354497,6.34615384615385,14.94,0,0,0,64.6421196117963,30.33142536174867,8.0
2024-12-01,RXN,LANCASHIRE TEACHING HOSPITALS NHS FOUNDATION TRUST,0,0,,,,0,0,0,64.6421196117963,,
2024-12-01,RY6,LEEDS COMMUNITY HEALTHCARE NHS TRUST,0,0,,,,0,0,0,64.6421196117963,,
2024-12-01,RR8,LEEDS TEACHING HOSPITALS NHS TRUST,2582,1838,71.18512780790086,11.3203125,27.1088,0,0,0,64.6421196117963,6.543008196104552,67.0
2024-12-01,RJ2,LEWISHAM AND GREENWICH NHS TRUST,1013,790,77.98617966436328,8.19736842105263,31.245,2,1,1,64.6421196117963,13.344060052566974,50.0
2024-12-01,RP7,LINCOLNSHIRE PARTNERSHIP NHS FOUNDATION TRUST,0,0,,,,0,0,0,64.6421196117963,,
2024-12-01,RBQ,LIVERPOOL HEART AND CHEST HOSPITAL NHS FOUNDATION TRUST,0,0,,,,0,0,0,64.6421196117963,,
2024-12-01,REM,LIVERPOOL UNIVERSITY HOSPITALS NHS FOUNDATION TRUST,580,446,76.89655172413794,8.94285714285714,25.95,0,0,0,64.6421196117963,12.254432112341632,53.0
2024-12-01,REP,LIVERPOOL WOMEN'S NHS FOUNDATION TRUST,0,0,,,,0,0,0,64.6421196117963,,
2024-12-01,R1K,LONDON NORTH WEST UNIVERSITY HEALTHCARE NHS TRUST,590,470,79.66101694915254,7.18518518518519,23.9777777777778,0,0,0,64.6421196117963,15.018897337356236,46.0
2024-12-01,RWF,MAIDSTONE AND TUNBRIDGE WELLS NHS TRUST,707,546,77.22772277227723,8.37096774193548,30.688,0,0,0,64.6421196117963,12.585603160480929,52.0
2024-12-01,R0A,MANCHESTER UNIVERSITY NHS FOUNDATION TRUST,1718,1073,62.456344586728754,11.8947368421053,36.7316666666667,1,0,0,64.6421196117963,-2.1857750250675494,85.0
2024-12-01,RPA,MEDWAY NHS FOUNDATION TRUST,3112,1140,36.63239074550128,24.8472222222222,51.702,243,13,0,64.6421196117963,-28.00972886629502,118.0
2024-12-01,RBN,MERSEY AND WEST LANCASHIRE TEACHING HOSPITALS NHS TRUST,1300,852,65.53846153846153,12.9111111111111,36.0833333333333,5,0,0,64.6421196117963,0.8963419266652295,79.0
2024-12-01,RW4,MERSEY CARE NHS FOUNDATION TRUST,0,0,,,,0,0,0,64.6421196117963,,
2024-12-01,RAJ,MID AND SOUTH ESSEX NHS FOUNDATION TRUST,2612,1544,59.11179173047473,14.231884057971,42.3794594594595,35,1,0,64.6421196117963,-5.5303278813215755,92.0
2024-12-01,RBT,MID CHESHIRE HOSPITALS NHS FOUNDATION TRUST,1394,496,35.581061692969875,26.1739130434783,59.4215384615385,192,46,2,64.6421196117963,-29.061057918826428,120.0
2024-12-01,RXF,MID YORKSHIRE TEACHING NHS TRUST,794,487,61.33501259445844,14.3513513513514,34.4933333333333,3,0,0,64.6421196117963,-3.307107017337863,89.0
2024-12-01,RRE,MIDLANDS PARTNERSHIP UNIVERSITY NHS FOUNDATION TRUST,3343,3199,95.69249177385582,2.8125,13.0741666666667,0,0,0,64.6421196117963,31.050372162059517,7.0
2024-12-01,RD8,MILTON KEYNES UNIVERSITY HOSPITAL NHS FOUNDATION TRUST,944,301,31.885593220338983,23.8846153846154,44.7709090909091,25,1,0,64.6421196117963,-32.75652639145732,121.0
2024-12-01,RP6,MOORFIELDS EYE HOSPITAL NHS FOUNDATION TRUST,0,0,,,,0,0,0,64.6421196117963,,
2024-12-01,RM1,NORFOLK AND NORWICH UNIVERSITY HOSPITALS NHS FOUNDATION TRUST,896,750,83.70535714285714,8.28260869565217,25.5533333333333,3,0,0,64.6421196117963,19.063237531060835,34.0
2024-12-01,RVJ,NORTH BRISTOL NHS TRUST,618,538,87.05501618122977,8.3,19.5762962962963,0,0,0,64.6421196117963,22.41289656943347,26.0
2024-12-01,RNN,NORTH CUMBRIA INTEGRATED CARE NHS FOUNDATION TRUST,1194,703,58.87772194304858,14.7179487179487,36.72,14,1,0,64.6421196117963,-5.764397668747726,94.0
2024-12-01,RAP,NORTH MIDDLESEX UNIVERSITY HOSPITAL NHS TRUST,560,453,80.89285714285714,10.3823529411765,21.72,0,0,0,64.6421196117963,16.250737531060835,38.0
2024-12-01,RVW,NORTH TEES AND HARTLEPOOL NHS FOUNDATION TRUST,516,414,80.23255813953489,9.13636363636364,26.7476923076923,0,0,0,64.6421196117963,15.590438527738584,42.0
2024-12-01,RGN,NORTH WEST ANGLIA NHS FOUNDATION TRUST,1893,908,47.966191230850505,19.5,50.92,133,0,0,64.6421196117963,-16.6759283809458,109.0
2024-12-01,RNS,NORTHAMPTON GENERAL HOSPITAL NHS TRUST,372,335,90.05376344086021,5.93103448275862,20.32,0,0,0,64.6421196117963,25.411643829063905,17.0
2024-12-01,RM3,NORTHERN CARE ALLIANCE NHS FOUNDATION TRUST,2515,1465,58.25049701789264,15.1133333333333,40.2526315789474,39,0,0,64.6421196117963,-6.391622593903662,95.0
2024-12-01,RJL,NORTHERN LINCOLNSHIRE AND GOOLE NHS FOUNDATION TRUST,884,525,59.38914027149321,14.6451612903226,29.7342857142857,0,0,0,64.6421196117963,-5.252979340303092,91.0
2024-12-01,RTF,NORTHUMBRIA HEALTHCARE NHS FOUNDATION TRUST,606,519,85.64356435643565,8.34375,24.0866666666667,0,0,0,64.6421196117963,21.001444744639343,29.0
2024-12-01,RX1,NOTTINGHAM UNIVERSITY HOSPITALS NHS TRUST,789,558,70.72243346007605,10.8333333333333,27.7155555555556,0,0,0,64.6421196117963,6.080313848279744,68.0
2024-12-01,RTH,OXFORD UNIVERSITY HOSPITALS NHS FOUNDATION TRUST,1921,1244,64.75793857365956,12.95,35.6844444444445,18,0,0,64.6421196117963,0.1158189618632548,82.0
2024-12-01,RPG,OXLEAS NHS FOUNDATION TRUST,0,0,,,,0,0,0,64.6421196117963,,
2024-12-01,RHU,PORTSMOUTH HOSPITALS UNIVERSITY NATIONAL HEALTH SERVICE TRUST,429,423,98.6013986013986,3.06756756756757,9.44666666666667,0,0,0,64.6421196117963,33.959278989602296,3.0
2024-12-01,RPC,QUEEN VICTORIA HOSPITAL NHS FOUNDATION TRUST,36,29,80.55555555555556,11.75,26.12,0,0,0,64.6421196117963,15.913435943759254,40.0
2024-12-01,RHW,ROYAL BERKSHIRE NHS FOUNDATION TRUST,197,177,89.84771573604061,7.04545454545455,18.848,0,0,0,64.6421196117963,25.20559612424431,19.0
2024-12-01,REF,ROYAL CORNWALL HOSPITALS NHS TRUST,572,550,96.15384615384616,6.14285714285714,14.6023529411765,0,0,0,64.6421196117963,31.511726542049857,5.0
2024-12-01,RH8,ROYAL DEVON UNIVERSITY HEALTHCARE NHS FOUNDATION TRUST,566,453,80.03533568904594,8.0,28.5314285714286,0,0,0,64.6421196117963,15.393216077249633,43.0
2024-12-01,RAL,ROYAL FREE LONDON NHS FOUNDATION TRUST,2975,1711,57.51260504201681,14.948275862069,40.5789473684211,9,1,0,64.6421196117963,-7.129514569779495,97.0
2024-12-01,RAN,ROYAL NATIONAL ORTHOPAEDIC HOSPITAL NHS TRUST,92,79,85.86956521739131,7.75,20.82,0,0,0,64.6421196117963,21.22744560559501,28.0
2024-12-01,RGM,ROYAL PAPWORTH HOSPITAL NHS FOUNDATION TRUST,0,0,,,,0,0,0,64.6421196117963,,
2024-12-01,RA2,ROYAL SURREY COUNTY HOSPITAL NHS FOUNDATION TRUST,242,232,95.86776859504133,4.55555555555556,13.91,0,0,0,64.6421196117963,31.225648983245023,6.0
2024-12-01,RD1,ROYAL UNITED HOSPITALS BATH NHS FOUNDATION TRUST,1288,946,73.4472049689441,10.6818181818182,24.3163636363636,0,0,0,64.6421196117963,8.805085357147803,62.0
2024-12-01,RNZ,SALISBURY NHS FOUNDATION TRUST,789,400,50.69708491761724,17.75,39.188,4,1,0,64.6421196117963,-13.945034694179064,105.0
2024-12-01,RXK,SANDWELL AND WEST BIRMINGHAM HOSPITALS NHS TRUST,772,479,62.04663212435233,13.6666666666667,37.4628571428571,22,0,0,64.6421196117963,-2.5954874874439753,86.0
2024-12-01,RCU,SHEFFIELD CHILDREN'S NHS FOUNDATION TRUST,0,0,,,,0,0,0,64.6421196117963,,
2024-12-01,RHQ,SHEFFIELD TEACHING HOSPITALS NHS FOUNDATION TRUST,1370,1093,79.78102189781022,9.01492537313433,26.1411764705882,6,0,0,64.6421196117963,15.138902286013916,45.0
2024-12-01,RK5,SHERWOOD FOREST HOSPITALS NHS FOUNDATION TRUST,261,244,93.48659003831418,6.96153846153846,16.52,0,0,0,64.6421196117963,28.844470426517873,12.0
2024-12-01,R1D,SHROPSHIRE COMMUNITY HEALTH NHS TRUST,8,7,87.5,,,0,0,0,64.6421196117963,22.857880388203696,25.0
2024-12-01,RH5,SOMERSET NHS FOUNDATION TRUST,908,634,69.8237885462555,11.0666666666667,32.8933333333333,2,0,0,64.6421196117963,5.181668934459196,71.0
2024-12-01,RTR,SOUTH TEES HOSPITALS NHS FOUNDATION TRUST,1389,836,60.187185025197984,14.527027027027,35.592,14,0,0,64.6421196117963,-4.45493458659832,90.0
2024-12-01,R0B,SOUTH TYNESIDE AND SUNDERLAND NHS FOUNDATION TRUST,1405,962,68.46975088967972,11.4021739130435,31.4173913043478,0,0,0,64.6421196117963,3.8276312778834125,76.0
2024-12-01,RJC,SOUTH WARWICKSHIRE UNIVERSITY NHS FOUNDATION TRUST,558,491,87.99283154121864,9.42857142857143,22.06,0,0,0,64.6421196117963,23.35071192942233,24.0
2024-12-01,RXG,SOUTH WEST YORKSHIRE PARTNERSHIP NHS FOUNDATION TRUST,0,0,,,,0,0,0,64.6421196117963,,
2024-12-01,RJ7,ST GEORGE'S UNIVERSITY HOSPITALS NHS FOUNDATION TRUST,1214,932,76.77100494233937,10.0285714285714,28.7644444444445,4,0,0,64.6421196117963,12.12888533054307,56.0
2024-12-01,RWJ,STOCKPORT NHS FOUNDATION TRUST,1213,705,58.12036273701566,14.2241379310345,40.08,8,0,0,64.6421196117963,-6.5217568747806425,96.0
2024-12-01,RTP,SURREY AND SUSSEX HEALTHCARE NHS TRUST,443,296,66.81715575620768,10.7916666666667,35.08,0,0,0,64.6421196117963,2.1750361444113793,77.0
2024-12-01,RDR,SUSSEX COMMUNITY NHS FOUNDATION TRUST,434,370,85.25345622119815,7.71428571428571,24.3257142857143,0,0,0,64.6421196117963,20.611336609401846,31.0
2024-12-01,RMP,TAMESIDE AND GLOSSOP INTEGRATED CARE NHS FOUNDATION TRUST,367,341,92.91553133514986,7.19642857142857,17.58,0,0,0,64.6421196117963,28.27341172335356,14.0
2024-12-01,RBV,THE CHRISTIE NHS FOUNDATION TRUST,0,0,,,,0,0,0,64.6421196117963,,
2024-12-01,REN,THE CLATTERBRIDGE CANCER CENTRE NHS FOUNDATION TRUST,0,0,,,,0,0,0,64.6421196117963,,
2024-12-01,RNA,THE DUDLEY GROUP NHS FOUNDATION TRUST,873,541,61.97021764032073,12.26,35.1288888888889,6,0,0,64.6421196117963,-2.6719019714755703,87.0
2024-12-01,RAS,THE HILLINGDON HOSPITALS NHS FOUNDATION TRUST,1028,179,17.412451361867703,27.25,45.8506666666667,23,0,0,64.6421196117963,-47.2296682499286,122.0
2024-12-01,RTD,THE NEWCASTLE UPON TYNE HOSPITALS NHS FOUNDATION TRUST,1249,896,71.73738991192954,11.0340909090909,42.1223529411765,33,6,0,64.6421196117963,7.095270300133237,65.0
2024-12-01,RQW,THE PRINCESS ALEXANDRA HOSPITAL NHS TRUST,874,326,37.29977116704806,22.725,45.635,42,0,0,64.6421196117963,-27.342348444748247,117.0
2024-12-01,RCX,"THE QUEEN ELIZABETH HOSPITAL, KING'S LYNN, NHS FOUNDATION TRUST",934,439,47.00214132762313,19.8333333333333,46.4830769230769,15,0,0,64.6421196117963,-17.639978284173175,111.0
2024-12-01,RL1,THE ROBERT JONES AND AGNES HUNT ORTHOPAEDIC HOSPITAL NHS FOUNDATION TRUST,1727,706,40.88013896931094,21.8243243243243,48.5381818181818,66,0,0,64.6421196117963,-23.761980642485362,115.0
2024-12-01,RFR,THE ROTHERHAM NHS FOUNDATION TRUST,930,805,86.55913978494624,9.48979591836735,19.824,0,0,0,64.6421196117963,21.917020173149936,27.0
2024-12-01,RPY,THE ROYAL MARSDEN NHS FOUNDATION TRUST,0,0,,,,0,0,0,64.6421196117963,,
2024-12-01,RRJ,THE ROYAL ORTHOPAEDIC HOSPITAL NHS FOUNDATION TRUST,0,0,,,,0,0,0,64.6421196117963,,
2024-12-01,RL4,THE ROYAL WOLVERHAMPTON NHS TRUST,3135,1506,48.038277511961724,19.0182926829268,36.2253968253968,0,0,0,64.6421196117963,-16.60384209983458,108.0
2024-12-01,RXW,THE SHREWSBURY AND TELFORD HOSPITAL NHS TRUST,0,0,,,,0,0,0,64.6421196117963,,
2024-12-01,RET,THE WALTON CENTRE NHS FOUNDATION TRUST,0,0,,,,0,0,0,64.6421196117963,,
2024-12-01,RA9,TORBAY AND SOUTH DEVON NHS FOUNDATION TRUST,638,546,85.57993730407524,5.30769230769231,24.392,3,0,0,64.6421196117963,20.93781769227894,30.0
2024-12-01,RWD,UNITED LINCOLNSHIRE TEACHING HOSPITALS NHS TRUST,1897,830,43.7532946758039,21.3620689655172,50.8745454545455,128,1,0,64.6421196117963,-20.888824935992403,114.0
2024-12-01,RRV,UNIVERSITY COLLEGE LONDON HOSPITALS NHS FOUNDATION TRUST,1433,763,53.244940683879975,16.953125,39.2266666666667,30,0,0,64.6421196117963,-11.397178927916329,101.0
2024-12-01,RHM,UNIVERSITY HOSPITAL SOUTHAMPTON NHS FOUNDATION TRUST,683,510,74.67057101024889,10.1451612903226,26.67,1,0,0,64.6421196117963,10.028451398452589,60.0
2024-12-01,RRK,UNIVERSITY HOSPITALS BIRMINGHAM NHS FOUNDATION TRUST,745,633,84.96644295302013,7.01219512195122,24.7333333333333,2,0,0,64.6421196117963,20.32432334122383,32.0
2024-12-01,RA7,UNIVERSITY HOSPITALS BRISTOL AND WESTON NHS FOUNDATION TRUST,821,535,65.16443361753959,11.7,43.4514285714286,2,0,0,64.6421196117963,0.5223140057432829,80.0
2024-12-01,RKB,UNIVERSITY HOSPITALS COVENTRY AND WARWICKSHIRE NHS TRUST,811,687,84.71023427866831,8.46969696969697,22.1766666666667,0,0,0,64.6421196117963,20.068114666872006,33.0
2024-12-01,R0D,UNIVERSITY HOSPITALS DORSET NHS FOUNDATION TRUST,1448,1087,75.06906077348067,10.7666666666667,25.6988888888889,3,0,0,64.6421196117963,10.426941161684368,59.0
2024-12-01,RTG,UNIVERSITY HOSPITALS OF DERBY AND BURTON NHS FOUNDATION TRUST,2424,1260,51.98019801980198,17.0204081632653,42.295,24,1,0,64.6421196117963,-12.661921591994322,103.0
2024-12-01,RWE,UNIVERSITY HOSPITALS OF LEICESTER NHS TRUST,3753,2431,64.77484678923527,13.0238095238095,36.3470967741936,66,2,0,64.6421196117963,0.13272717743896578,81.0
2024-12-01,RTX,UNIVERSITY HOSPITALS OF MORECAMBE BAY NHS FOUNDATION TRUST,726,664,91.46005509641874,6.59259259259259,18.6533333333333,0,0,0,64.6421196117963,26.81793548462244,16.0
2024-12-01,RJE,UNIVERSITY HOSPITALS OF NORTH MIDLANDS NHS TRUST,5,4,80.0,,,0,0,0,64.6421196117963,15.357880388203696,44.0
2024-12-01,RK9,UNIVERSITY HOSPITALS PLYMOUTH NHS TRUST,564,433,76.77304964539007,8.04,41.96,19,1,0,64.6421196117963,12.13093003359377,55.0
2024-12-01,RYR,UNIVERSITY HOSPITALS SUSSEX NHS FOUNDATION TRUST,2429,1208,49.73240016467682,18.2321428571429,51.1292307692308,183,15,0,64.6421196117963,-14.909719447119485,106.0
2024-12-01,RBK,WALSALL HEALTHCARE NHS TRUST,1204,579,48.08970099667774,18.71875,41.8711111111111,3,0,0,64.6421196117963,-16.55241861511856,107.0
2024-12-01,RWW,WARRINGTON AND HALTON TEACHING HOSPITALS NHS FOUNDATION TRUST,739,535,72.39512855209743,11.515625,26.6175,1,0,0,64.6421196117963,7.753008940301129,63.0
2024-12-01,RWG,WEST HERTFORDSHIRE TEACHING HOSPITALS NHS TRUST,664,480,72.28915662650603,10.75,27.7057142857143,6,0,0,64.6421196117963,7.647037014709724,64.0
2024-12-01,RGR,WEST SUFFOLK NHS FOUNDATION TRUST,221,198,89.59276018099548,3.625,21.44,0,0,0,64.6421196117963,24.95064056919918,21.0
2024-12-01,RKE,WHITTINGTON HEALTH NHS TRUST,453,368,81.23620309050773,10.2619047619048,26.69,0,0,0,64.6421196117963,16.594083478711426,37.0
2024-12-01,RBL,WIRRAL UNIVERSITY TEACHING HOSPITAL NHS FOUNDATION TRUST,1205,472,39.170124481327804,23.54,48.5272727272727,36,0,0,64.6421196117963,-25.4719951304685,116.0
2024-12-01,RWP,WORCESTERSHIRE ACUTE HOSPITALS NHS TRUST,835,573,68.62275449101797,11.6590909090909,29.8133333333333,2,0,0,64.6421196117963,3.980634879221668,75.0
2024-12-01,RRF,"WRIGHTINGTON, WIGAN AND LEIGH NHS FOUNDATION TRUST",1114,821,73.69838420107719,12.5178571428571,25.0586666666667,1,0,0,64.6421196117963,9.056264589280886,61.0
2024-12-01,RLQ,WYE VALLEY NHS TRUST,490,308,62.857142857142854,13.6428571428571,35.38,2,0,0,64.6421196117963,-1.7849767546534494,84.0
2024-12-01,RCB,YORK AND SCARBOROUGH TEACHING HOSPITALS NHS FOUNDATION TRUST,380,264,69.47368421052632,11.1428571428571,34.3,3,0,0,64.6421196117963,4.8315645987300115,73.0
2025-01-01,RCF,AIREDALE NHS FOUNDATION TRUST,326,292,89.57055214723927,8.7,20.384,0,0,0,64.41177928709534,25.158772860143927,22.0
2025-01-01,RBS,ALDER HEY CHILDREN'S NHS FOUNDATION TRUST,0,0,,,,0,0,0,64.41177928709534,,
2025-01-01,RTK,ASHFORD AND ST PETER'S HOSPITALS NHS FOUNDATION TRUST,190,179,94.21052631578948,6.5,16.9,0,0,0,64.41177928709534,29.798747028694137,13.0
2025-01-01,RF4,"BARKING, HAVERING AND REDBRIDGE UNIVERSITY HOSPITALS NHS TRUST",260,238,91.53846153846153,4.5,18.6,0,0,0,64.41177928709534,27.12668225136619,16.0
2025-01-01,RFF,BARNSLEY HOSPITAL NHS FOUNDATION TRUST,276,259,93.84057971014492,6.37037037037037,17.492,0,0,0,64.41177928709534,29.42880042304958,14.0
2025-01-01,R1H,BARTS HEALTH NHS TRUST,1413,1131,80.04246284501062,9.71774193548387,28.896,2,0,0,64.41177928709534,15.630683557915276,43.0
2025-01-01,RC9,BEDFORDSHIRE HOSPITALS NHS FOUNDATION TRUST,1070,722,67.4766355140187,11.3225806451613,33.675,6,0,0,64.41177928709534,3.0648562269233537,70.0
2025-01-01,RWX,BERKSHIRE HEALTHCARE NHS FOUNDATION TRUST,0,0,,,,0,0,0,64.41177928709534,,
2025-01-01,RYW,BIRMINGHAM COMMUNITY HEALTHCARE NHS FOUNDATION TRUST,0,0,,,,0,0,0,64.41177928709534,,
2025-01-01,RQ3,BIRMINGHAM WOMEN'S AND CHILDREN'S NHS FOUNDATION TRUST,0,0,,,,0,0,0,64.41177928709534,,
2025-01-01,RXL,BLACKPOOL TEACHING HOSPITALS NHS FOUNDATION TRUST,775,448,57.80645161290323,14.6071428571429,35.0,0,0,0,64.41177928709534,-6.605327674192111,92.0
2025-01-01,RMC,BOLTON NHS FOUNDATION TRUST,777,442,56.88545688545689,15.34375,41.0442105263158,2,0,0,64.41177928709534,-7.526322401638453,95.0
2025-01-01,TAD,BRADFORD DISTRICT CARE NHS FOUNDATION TRUST,0,0,,,,0,0,0,64.41177928709534,,
2025-01-01,RAE,BRADFORD TEACHING HOSPITALS NHS FOUNDATION TRUST,449,396,88.19599109131403,6.13157894736842,20.5828571428571,0,0,0,64.41177928709534,23.784211804218685,26.0
2025-01-01,RXQ,BUCKINGHAMSHIRE HEALTHCARE NHS TRUST,1063,499,46.94261523988711,19.6041666666667,48.83,34,0,0,64.41177928709534,-17.46916404720823,110.0
2025-01-01,RWY,CALDERDALE AND HUDDERSFIELD NHS FOUNDATION TRUST,1156,685,59.2560553633218,15.0731707317073,31.376,0,0,0,64.41177928709534,-5.155723923773543,90.0
2025-01-01,RGT,CAMBRIDGE UNIVERSITY HOSPITALS NHS FOUNDATION TRUST,1904,1551,81.46008403361344,8.27272727272727,26.0425,2,0,0,64.41177928709534,17.0483047465181,39.0
2025-01-01,RT1,CAMBRIDGESHIRE AND PETERBOROUGH NHS FOUNDATION TRUST,0,0,,,,0,0,0,64.41177928709534,,
2025-01-01,RV3,CENTRAL AND NORTH WEST LONDON NHS FOUNDATION TRUST,0,0,,,,0,0,0,64.41177928709534,,
2025-01-01,RQM,CHELSEA AND WESTMINSTER HOSPITAL NHS FOUNDATION TRUST,1207,829,68.68268434134217,11.7564102564103,30.4133333333333,1,0,0,64.41177928709534,4.270905054246825,69.0
2025-01-01,RFS,CHESTERFIELD ROYAL HOSPITAL NHS FOUNDATION TRUST,953,461,48.373557187827906,18.96875,40.8872727272727,29,1,0,64.41177928709534,-16.038222099267436,108.0
2025-01-01,RJ8,CORNWALL PARTNERSHIP NHS FOUNDATION TRUST,0,0,,,,0,0,0,64.41177928709534,,
2025-01-01,RJR,COUNTESS OF CHESTER HOSPITAL NHS FOUNDATION TRUST,625,272,43.519999999999996,21.5625,46.9,19,0,0,64.41177928709534,-20.891779287095346,113.0
2025-01-01,RXP,COUNTY DURHAM AND DARLINGTON NHS FOUNDATION TRUST,804,557,69.27860696517413,11.4871794871795,31.96,1,0,0,64.41177928709534,4.866827678078792,66.0
2025-01-01,RJ6,CROYDON HEALTH SERVICES NHS TRUST,987,640,64.84295845997974,13.5,29.9494736842105,0,0,0,64.41177928709534,0.43117917288439855,75.0
2025-01-01,RX4,"CUMBRIA, NORTHUMBERLAND, TYNE AND WEAR NHS FOUNDATION TRUST",0,0,,,,0,0,0,64.41177928709534,,
2025-01-01,RN7,DARTFORD AND GRAVESHAM NHS TRUST,0,0,,,,0,0,0,64.41177928709534,,
2025-01-01,RP5,DONCASTER AND BASSETLAW TEACHING HOSPITALS NHS FOUNDATION TRUST,1155,671,58.0952380952381,14.7452830188679,31.275,1,0,0,64.41177928709534,-6.31654119185724,91.0
2025-01-01,RBD,DORSET COUNTY HOSPITAL NHS FOUNDATION TRUST,3,0,0.0,,,0,0,0,64.41177928709534,-64.41177928709534,122.0
2025-01-01,RWH,EAST AND NORTH HERTFORDSHIRE NHS TRUST,1116,582,52.1505376344086,17.04,36.8688,9,0,0,64.41177928709534,-12.261241652686742,104.0
2025-01-01,RJN,EAST CHESHIRE NHS TRUST,0,0,,,,0,0,0,64.41177928709534,,
2025-01-01,RVV,EAST KENT HOSPITALS UNIVERSITY NHS FOUNDATION TRUST,3096,1147,37.047803617571056,25.2413793103448,45.6049230769231,56,0,0,64.41177928709534,-27.363975669524287,117.0
2025-01-01,RXR,EAST LANCASHIRE HOSPITALS NHS TRUST,993,654,65.86102719033232,12.6477272727273,32.4266666666667,0,0,0,64.41177928709534,1.44924790323698,73.0
2025-01-01,RDE,EAST SUFFOLK AND NORTH ESSEX NHS FOUNDATION TRUST,1264,1160,91.77215189873418,7.3495145631068,18.1252173913044,0,0,0,64.41177928709534,27.360372611638837,15.0
2025-01-01,RXC,EAST SUSSEX HEALTHCARE NHS TRUST,653,620,94.94640122511485,5.46428571428571,16.3066666666667,0,0,0,64.41177928709534,30.534621938019512,10.0
2025-01-01,RVR,EPSOM AND ST HELIER UNIVERSITY HOSPITALS NHS TRUST,473,368,77.80126849894292,8.46875,37.0266666666667,8,1,0,64.41177928709534,13.389489211847575,50.0
2025-01-01,RDU,FRIMLEY HEALTH NHS FOUNDATION TRUST,697,561,80.48780487804879,8.18965517241379,24.7485714285714,1,0,0,64.41177928709534,16.07602559095345,41.0
2025-01-01,RR7,GATESHEAD HEALTH NHS FOUNDATION TRUST,515,370,71.84466019417476,12.3269230769231,25.95,0,0,0,64.41177928709534,7.432880907079422,61.0
2025-01-01,RLT,GEORGE ELIOT HOSPITAL NHS TRUST,257,245,95.3307392996109,6.95454545454546,16.488,0,0,0,64.41177928709534,30.918960012515555,8.0
2025-01-01,RTE,GLOUCESTERSHIRE HOSPITALS NHS FOUNDATION TRUST,1132,730,64.48763250883393,11.5813953488372,34.0847058823529,5,0,0,64.41177928709534,0.07585322173858344,77.0
2025-01-01,RP4,GREAT ORMOND STREET HOSPITAL FOR CHILDREN NHS FOUNDATION TRUST,0,0,,,,0,0,0,64.41177928709534,,
2025-01-01,RN3,GREAT WESTERN HOSPITALS NHS FOUNDATION TRUST,305,236,77.37704918032787,7.27777777777778,28.32,0,0,0,64.41177928709534,12.96526989323253,51.0
2025-01-01,RJ1,GUY'S AND ST THOMAS' NHS FOUNDATION TRUST,356,341,95.78651685393258,4.5,13.952,0,0,0,64.41177928709534,31.37473756683724,7.0
2025-01-01,RW1,HAMPSHIRE AND ISLE OF WIGHT HEALTHCARE NHS FOUNDATION TRUST,66,66,100.0,3.2,10.86,0,0,0,64.41177928709534,35.58822071290466,1.0
2025-01-01,RN5,HAMPSHIRE HOSPITALS NHS FOUNDATION TRUST,1891,1063,56.21364357482813,15.5833333333333,44.3371428571429,74,2,0,64.41177928709534,-8.19813571226721,97.0
2025-01-01,RCD,HARROGATE AND DISTRICT NHS FOUNDATION TRUST,379,305,80.47493403693932,8.6875,23.936,0,0,0,64.41177928709534,16.063154749843974,42.0
2025-01-01,R1A,HEREFORDSHIRE AND WORCESTERSHIRE HEALTH AND CARE NHS TRUST,0,0,,,,0,0,0,64.41177928709534,,
2025-01-01,RQX,HOMERTON HEALTHCARE NHS FOUNDATION TRUST,137,137,100.0,3.1875,9.808,0,0,0,64.41177928709534,35.58822071290466,1.0
2025-01-01,RWA,HULL UNIVERSITY TEACHING HOSPITALS NHS TRUST,1037,547,52.74831243972999,17.3372093023256,41.63,14,0,0,64.41177928709534,-11.663466847365349,103.0
2025-01-01,RYJ,IMPERIAL COLLEGE HEALTHCARE NHS TRUST,1006,654,65.00994035785288,13.9230769230769,31.1506666666667,1,0,0,64.41177928709534,0.5981610707575413,74.0
2025-01-01,R1F,ISLE OF WIGHT NHS TRUST,496,440,88.70967741935483,7.23684210526316,19.0533333333333,0,0,0,64.41177928709534,24.29789813225949,24.0
2025-01-01,RGP,JAMES PAGET UNIVERSITY HOSPITALS NHS FOUNDATION TRUST,260,247,95.0,5.94736842105263,16.04,0,0,0,64.41177928709534,30.588220712904658,9.0
2025-01-01,RYY,KENT COMMUNITY HEALTH NHS FOUNDATION TRUST,0,0,,,,0,0,0,64.41177928709534,,
2025-01-01,RNQ,KETTERING GENERAL HOSPITAL NHS FOUNDATION TRUST,1040,824,79.23076923076923,9.5,26.9666666666667,1,0,0,64.41177928709534,14.818989943673884,46.0
2025-01-01,RJZ,KING'S COLLEGE HOSPITAL NHS FOUNDATION TRUST,1084,856,78.96678966789668,8.80487804878049,27.1753846153846,0,0,0,64.41177928709534,14.555010380801335,47.0
2025-01-01,RAX,KINGSTON AND RICHMOND NHS FOUNDATION TRUST,636,617,97.0125786163522,6.97560975609756,15.5963636363636,0,0,0,64.41177928709534,32.60079932925686,4.0
2025-01-01,RW5,LANCASHIRE & SOUTH CUMBRIA NHS FOUNDATION TRUST,437,393,89.93135011441647,7.25862068965517,18.6026666666667,0,0,0,64.41177928709534,25.519570827321132,21.0
2025-01-01,RXN,LANCASHIRE TEACHING HOSPITALS NHS FOUNDATION TRUST,0,0,,,,0,0,0,64.41177928709534,,
2025-01-01,RY6,LEEDS COMMUNITY HEALTHCARE NHS TRUST,0,0,,,,0,0,0,64.41177928709534,,
2025-01-01,RR8,LEEDS TEACHING HOSPITALS NHS TRUST,2502,1780,71.14308553157474,11.3376623376623,26.9215094339623,0,0,0,64.41177928709534,6.7313062444793985,63.0
2025-01-01,RJ2,LEWISHAM AND GREENWICH NHS TRUST,1041,814,78.1940441882805,8.7051282051282,32.4766666666667,1,0,0,64.41177928709534,13.782264901185158,48.0
2025-01-01,RP7,LINCOLNSHIRE PARTNERSHIP NHS FOUNDATION TRUST,0,0,,,,0,0,0,64.41177928709534,,
2025-01-01,RBQ,LIVERPOOL HEART AND CHEST HOSPITAL NHS FOUNDATION TRUST,0,0,,,,0,0,0,64.41177928709534,,
2025-01-01,REM,LIVERPOOL UNIVERSITY HOSPITALS NHS FOUNDATION TRUST,586,469,80.03412969283276,9.22222222222222,24.3745454545455,0,0,0,64.41177928709534,15.622350405737421,44.0
2025-01-01,REP,LIVERPOOL WOMEN'S NHS FOUNDATION TRUST,0,0,,,,0,0,0,64.41177928709534,,
2025-01-01,R1K,LONDON NORTH WEST UNIVERSITY HEALTHCARE NHS TRUST,657,545,82.95281582952816,7.37096774193548,24.2218181818182,0,0,0,64.41177928709534,18.54103654243282,35.0
2025-01-01,RWF,MAIDSTONE AND TUNBRIDGE WELLS NHS TRUST,639,486,76.05633802816901,8.07575757575758,29.888,0,0,0,64.41177928709534,11.644558741073666,52.0
2025-01-01,R0A,MANCHESTER UNIVERSITY NHS FOUNDATION TRUST,1583,986,62.28679722046747,12.2435897435897,39.5344,1,0,0,64.41177928709534,-2.1249820666278723,81.0
2025-01-01,RPA,MEDWAY NHS FOUNDATION TRUST,3066,1038,33.85518590998043,26.3,51.9466666666667,244,31,0,64.41177928709534,-30.556593377114915,119.0
2025-01-01,RBN,MERSEY AND WEST LANCASHIRE TEACHING HOSPITALS NHS TRUST,1336,809,60.55389221556886,13.6923076923077,37.695,10,0,0,64.41177928709534,-3.857887071526484,86.0
2025-01-01,RW4,MERSEY CARE NHS FOUNDATION TRUST,0,0,,,,0,0,0,64.41177928709534,,
2025-01-01,RAJ,MID AND SOUTH ESSEX NHS FOUNDATION TRUST,2610,1557,59.6551724137931,14.1846153846154,42.408,45,0,0,64.41177928709534,-4.756606873302239,89.0
2025-01-01,RBT,MID CHESHIRE HOSPITALS NHS FOUNDATION TRUST,1339,468,34.95145631067961,25.609375,55.988,165,23,0,64.41177928709534,-29.460322976415732,118.0
2025-01-01,RXF,MID YORKSHIRE TEACHING NHS TRUST,806,461,57.19602977667494,15.7058823529412,34.1381818181818,2,0,0,64.41177928709534,-7.215749510420402,94.0
2025-01-01,RRE,MIDLANDS PARTNERSHIP UNIVERSITY NHS FOUNDATION TRUST,3473,3339,96.14166426720413,1.9920049200492,12.9549206349206,0,0,0,64.41177928709534,31.729884980108793,6.0
2025-01-01,RD8,MILTON KEYNES UNIVERSITY HOSPITAL NHS FOUNDATION TRUST,977,327,33.469805527123846,24.225,46.4033333333333,35,0,0,64.41177928709534,-30.941973759971496,120.0
2025-01-01,RP6,MOORFIELDS EYE HOSPITAL NHS FOUNDATION TRUST,0,0,,,,0,0,0,64.41177928709534,,
2025-01-01,RM1,NORFOLK AND NORWICH UNIVERSITY HOSPITALS NHS FOUNDATION TRUST,798,669,83.83458646616542,8.23076923076923,25.5266666666667,1,0,0,64.41177928709534,19.422807179070077,34.0
2025-01-01,RVJ,NORTH BRISTOL NHS TRUST,685,597,87.15328467153284,7.55769230769231,20.8,0,0,0,64.41177928709534,22.741505384437502,27.0
2025-01-01,RNN,NORTH CUMBRIA INTEGRATED CARE NHS FOUNDATION TRUST,1146,632,55.14834205933682,15.90625,36.5911111111111,16,0,0,64.41177928709534,-9.263437227758523,99.0
2025-01-01,RVW,NORTH TEES AND HARTLEPOOL NHS FOUNDATION TRUST,487,403,82.75154004106776,9.58695652173913,24.755,0,0,0,64.41177928709534,18.339760753972413,37.0
2025-01-01,RGN,NORTH WEST ANGLIA NHS FOUNDATION TRUST,1918,978,50.99061522419187,17.5,50.6618181818182,116,0,0,64.41177928709534,-13.421164062903472,105.0
2025-01-01,RNS,NORTHAMPTON GENERAL HOSPITAL NHS TRUST,373,340,91.15281501340483,6.18269230769231,18.79,0,0,0,64.41177928709534,26.74103572630949,18.0
2025-01-01,RM3,NORTHERN CARE ALLIANCE NHS FOUNDATION TRUST,2486,1414,56.878519710378114,15.7866666666667,40.51,38,0,0,64.41177928709534,-7.533259576717228,96.0
2025-01-01,RJL,NORTHERN LINCOLNSHIRE AND GOOLE NHS FOUNDATION TRUST,877,505,57.58266818700114,15.6136363636364,32.3073684210526,0,0,0,64.41177928709534,-6.829111100094202,93.0
2025-01-01,RTF,NORTHUMBRIA HEALTHCARE NHS FOUNDATION TRUST,804,729,90.67164179104478,8.0,18.89,0,0,0,64.41177928709534,26.259862503949435,20.0
2025-01-01,RX1,NOTTINGHAM UNIVERSITY HOSPITALS NHS TRUST,728,513,70.46703296703298,10.7037037037037,27.9270588235294,0,0,0,64.41177928709534,6.0552536799376355,64.0
2025-01-01,RTH,OXFORD UNIVERSITY HOSPITALS NHS FOUNDATION TRUST,1892,1174,62.05073995771671,13.7142857142857,37.032,12,0,0,64.41177928709534,-2.3610393293786345,84.0
2025-01-01,RPG,OXLEAS NHS FOUNDATION TRUST,0,0,,,,0,0,0,64.41177928709534,,
2025-01-01,RHU,PORTSMOUTH HOSPITALS UNIVERSITY NATIONAL HEALTH SERVICE TRUST,331,326,98.48942598187311,2.42045454545455,9.065,0,0,0,64.41177928709534,34.07764669477777,3.0
2025-01-01,RPC,QUEEN VICTORIA HOSPITAL NHS FOUNDATION TRUST,28,24,85.71428571428571,11.5,20.88,0,0,0,64.41177928709534,21.302506427190366,30.0
2025-01-01,RHW,ROYAL BERKSHIRE NHS FOUNDATION TRUST,229,196,85.58951965065502,8.94444444444444,20.736,0,0,0,64.41177928709534,21.17774036355968,31.0
2025-01-01,REF,ROYAL CORNWALL HOSPITALS NHS TRUST,632,612,96.83544303797468,6.29166666666667,14.7866666666667,0,0,0,64.41177928709534,32.42366375087934,5.0
2025-01-01,RH8,ROYAL DEVON UNIVERSITY HEALTHCARE NHS FOUNDATION TRUST,529,413,78.0718336483932,8.46774193548387,29.92,4,0,0,64.41177928709534,13.660054361297853,49.0
2025-01-01,RAL,ROYAL FREE LONDON NHS FOUNDATION TRUST,3617,2195,60.68565109206525,14.4950980392157,38.6657142857143,1,0,0,64.41177928709534,-3.7261281950300926,85.0
2025-01-01,RAN,ROYAL NATIONAL ORTHOPAEDIC HOSPITAL NHS TRUST,116,103,88.79310344827587,8.0,22.72,0,0,0,64.41177928709534,24.38132416118053,23.0
2025-01-01,RGM,ROYAL PAPWORTH HOSPITAL NHS FOUNDATION TRUST,0,0,,,,0,0,0,64.41177928709534,,
2025-01-01,RA2,ROYAL SURREY COUNTY HOSPITAL NHS FOUNDATION TRUST,240,227,94.58333333333333,6.11538461538461,16.975,0,0,0,64.41177928709534,30.171554046237986,11.0
2025-01-01,RD1,ROYAL UNITED HOSPITALS BATH NHS FOUNDATION TRUST,1343,986,73.41772151898735,10.9910714285714,25.3978947368421,0,0,0,64.41177928709534,9.005942231892007,58.0
2025-01-01,RNZ,SALISBURY NHS FOUNDATION TRUST,862,415,48.14385150812065,18.8421052631579,43.1569230769231,4,0,0,64.41177928709534,-16.267927778974695,109.0
2025-01-01,RXK,SANDWELL AND WEST BIRMINGHAM HOSPITALS NHS TRUST,725,453,62.48275862068966,12.5967741935484,34.2727272727273,9,0,0,64.41177928709534,-1.929020666405684,80.0
2025-01-01,RCU,SHEFFIELD CHILDREN'S NHS FOUNDATION TRUST,0,0,,,,0,0,0,64.41177928709534,,
2025-01-01,RHQ,SHEFFIELD TEACHING HOSPITALS NHS FOUNDATION TRUST,1382,1040,75.2532561505065,9.7,27.2033333333333,5,0,0,64.41177928709534,10.84147686341116,55.0
2025-01-01,RK5,SHERWOOD FOREST HOSPITALS NHS FOUNDATION TRUST,243,222,91.35802469135803,7.29166666666667,18.52,0,0,0,64.41177928709534,26.946245404262683,17.0
2025-01-01,R1D,SHROPSHIRE COMMUNITY HEALTH NHS TRUST,5,4,80.0,,,0,0,0,64.41177928709534,15.588220712904658,45.0
2025-01-01,RH5,SOMERSET NHS FOUNDATION TRUST,836,585,69.97607655502392,12.0,32.1766666666667,2,0,0,64.41177928709534,5.5642972679285805,65.0
2025-01-01,RTR,SOUTH TEES HOSPITALS NHS FOUNDATION TRUST,1365,821,60.146520146520146,14.25,36.7090909090909,19,0,0,64.41177928709534,-4.265259140575196,87.0
2025-01-01,R0B,SOUTH TYNESIDE AND SUNDERLAND NHS FOUNDATION TRUST,1427,987,69.16608269096005,11.0277777777778,30.3733333333333,0,0,0,64.41177928709534,4.754303403864711,68.0
2025-01-01,RJC,SOUTH WARWICKSHIRE UNIVERSITY NHS FOUNDATION TRUST,524,448,85.49618320610686,10.0232558139535,23.8466666666667,0,0,0,64.41177928709534,21.08440391901152,33.0
2025-01-01,RXG,SOUTH WEST YORKSHIRE PARTNERSHIP NHS FOUNDATION TRUST,0,0,,,,0,0,0,64.41177928709534,,
2025-01-01,RJ7,ST GEORGE'S UNIVERSITY HOSPITALS NHS FOUNDATION TRUST,1078,810,75.139146567718,10.3518518518519,29.3066666666667,9,0,0,64.41177928709534,10.727367280622659,56.0
2025-01-01,RWJ,STOCKPORT NHS FOUNDATION TRUST,1173,659,56.18073316283036,14.8636363636364,41.8685714285714,6,0,0,64.41177928709534,-8.231046124264985,98.0
2025-01-01,RTP,SURREY AND SUSSEX HEALTHCARE NHS TRUST,825,532,64.48484848484848,12.2045454545455,37.1333333333333,0,0,0,64.41177928709534,0.07306919775314213,78.0
2025-01-01,RDR,SUSSEX COMMUNITY NHS FOUNDATION TRUST,409,356,87.04156479217605,7.91176470588235,21.2072727272727,0,0,0,64.41177928709534,22.629785505080704,28.0
2025-01-01,RMP,TAMESIDE AND GLOSSOP INTEGRATED CARE NHS FOUNDATION TRUST,334,315,94.311377245509,7.77272727272727,14.928,0,0,0,64.41177928709534,29.89959795841365,12.0
2025-01-01,RBV,THE CHRISTIE NHS FOUNDATION TRUST,0,0,,,,0,0,0,64.41177928709534,,
2025-01-01,REN,THE CLATTERBRIDGE CANCER CENTRE NHS FOUNDATION TRUST,0,0,,,,0,0,0,64.41177928709534,,
2025-01-01,RNA,THE DUDLEY GROUP NHS FOUNDATION TRUST,762,474,62.20472440944882,13.16,34.64,4,0,0,64.41177928709534,-2.20705487764652,82.0
2025-01-01,RAS,THE HILLINGDON HOSPITALS NHS FOUNDATION TRUST,940,155,16.48936170212766,29.1162790697674,46.6736842105263,17,0,0,64.41177928709534,-47.92241758496768,121.0
2025-01-01,RTD,THE NEWCASTLE UPON TYNE HOSPITALS NHS FOUNDATION TRUST,1177,856,72.72727272727273,11.9222222222222,33.9866666666667,16,0,0,64.41177928709534,8.315493440177391,59.0
2025-01-01,RQW,THE PRINCESS ALEXANDRA HOSPITAL NHS TRUST,1292,651,50.38699690402477,17.8717948717949,41.9028571428572,33,1,0,64.41177928709534,-14.024782383070573,106.0
2025-01-01,RCX,"THE QUEEN ELIZABETH HOSPITAL, KING'S LYNN, NHS FOUNDATION TRUST",905,438,48.39779005524862,19.3125,46.6142857142857,18,0,0,64.41177928709534,-16.013989231846722,107.0
2025-01-01,RL1,THE ROBERT JONES AND AGNES HUNT ORTHOPAEDIC HOSPITAL NHS FOUNDATION TRUST,1696,648,38.20754716981132,23.8478260869565,49.4528,92,1,0,64.41177928709534,-26.204232117284022,116.0
2025-01-01,RFR,THE ROTHERHAM NHS FOUNDATION TRUST,892,768,86.09865470852019,10.5131578947368,21.0911111111111,1,0,0,64.41177928709534,21.686875421424844,29.0
2025-01-01,RPY,THE ROYAL MARSDEN NHS FOUNDATION TRUST,0,0,,,,0,0,0,64.41177928709534,,
2025-01-01,RRJ,THE ROYAL ORTHOPAEDIC HOSPITAL NHS FOUNDATION TRUST,0,0,,,,0,0,0,64.41177928709534,,
2025-01-01,RL4,THE ROYAL WOLVERHAMPTON NHS TRUST,2961,1382,46.673421141506246,19.2094594594595,37.1343396226415,2,0,0,64.41177928709534,-17.738358145589096,111.0
2025-01-01,RXW,THE SHREWSBURY AND TELFORD HOSPITAL NHS TRUST,0,0,,,,0,0,0,64.41177928709534,,
2025-01-01,RET,THE WALTON CENTRE NHS FOUNDATION TRUST,0,0,,,,0,0,0,64.41177928709534,,
2025-01-01,RA9,TORBAY AND SOUTH DEVON NHS FOUNDATION TRUST,590,489,82.88135593220339,6.53846153846154,25.9714285714286,3,0,0,64.41177928709534,18.46957664510805,36.0
2025-01-01,RWD,UNITED LINCOLNSHIRE TEACHING HOSPITALS NHS TRUST,1793,766,42.72169548243168,21.1363636363636,49.1318518518519,83,1,0,64.41177928709534,-21.690083804663665,114.0
2025-01-01,RRV,UNIVERSITY COLLEGE LONDON HOSPITALS NHS FOUNDATION TRUST,1453,785,54.02615278733654,16.2428571428571,41.3133333333333,34,1,0,64.41177928709534,-10.3856264997588,100.0
2025-01-01,RHM,UNIVERSITY HOSPITAL SOUTHAMPTON NHS FOUNDATION TRUST,675,512,75.85185185185185,9.453125,29.4285714285714,2,0,0,64.41177928709534,11.440072564756505,54.0
2025-01-01,RRK,UNIVERSITY HOSPITALS BIRMINGHAM NHS FOUNDATION TRUST,677,579,85.52437223042836,6.67592592592593,23.3066666666667,1,0,0,64.41177928709534,21.112592943333013,32.0
2025-01-01,RA7,UNIVERSITY HOSPITALS BRISTOL AND WESTON NHS FOUNDATION TRUST,812,543,66.87192118226602,11.2,41.408,11,0,0,64.41177928709534,2.460141895170679,71.0
2025-01-01,RKB,UNIVERSITY HOSPITALS COVENTRY AND WARWICKSHIRE NHS TRUST,844,685,81.1611374407583,9.0,23.79,1,0,0,64.41177928709534,16.749358153662953,40.0
2025-01-01,R0D,UNIVERSITY HOSPITALS DORSET NHS FOUNDATION TRUST,1363,987,72.41379310344827,10.7065217391304,27.74,8,0,0,64.41177928709534,8.002013816352928,60.0
2025-01-01,RTG,UNIVERSITY HOSPITALS OF DERBY AND BURTON NHS FOUNDATION TRUST,2434,1298,53.327855382087094,16.75,43.8566666666667,38,0,0,64.41177928709534,-11.083923905008248,102.0
2025-01-01,RWE,UNIVERSITY HOSPITALS OF LEICESTER NHS TRUST,3919,2519,64.27660117376882,13.3146551724138,36.6866666666667,50,1,0,64.41177928709534,-0.13517811332651775,79.0
2025-01-01,RTX,UNIVERSITY HOSPITALS OF MORECAMBE BAY NHS FOUNDATION TRUST,680,617,90.73529411764706,6.62,19.325,0,0,0,64.41177928709534,26.323514830551716,19.0
2025-01-01,RJE,UNIVERSITY HOSPITALS OF NORTH MIDLANDS NHS TRUST,5,3,60.0,,,0,0,0,64.41177928709534,-4.411779287095342,88.0
2025-01-01,RK9,UNIVERSITY HOSPITALS PLYMOUTH NHS TRUST,538,440,81.78438661710037,9.2,28.6533333333333,14,4,0,64.41177928709534,17.372607330005025,38.0
2025-01-01,RYR,UNIVERSITY HOSPITALS SUSSEX NHS FOUNDATION TRUST,2128,958,45.0187969924812,21.4285714285714,52.0361904761905,171,24,0,64.41177928709534,-19.392982294614143,112.0
2025-01-01,RBK,WALSALL HEALTHCARE NHS TRUST,1048,563,53.721374045801525,16.44,35.6975,5,0,0,64.41177928709534,-10.690405241293817,101.0
2025-01-01,RWW,WARRINGTON AND HALTON TEACHING HOSPITALS NHS FOUNDATION TRUST,710,459,64.64788732394366,13.9,29.46,1,0,0,64.41177928709534,0.2361080368483215,76.0
2025-01-01,RWG,WEST HERTFORDSHIRE TEACHING HOSPITALS NHS TRUST,598,446,74.5819397993311,10.75,30.3466666666667,5,0,0,64.41177928709534,10.170160512235753,57.0
2025-01-01,RGR,WEST SUFFOLK NHS FOUNDATION TRUST,255,226,88.62745098039215,3.02173913043478,22.32,0,0,0,64.41177928709534,24.215671693296812,25.0
2025-01-01,RKE,WHITTINGTON HEALTH NHS TRUST,387,294,75.96899224806202,8.5,22.76,0,0,0,64.41177928709534,11.55721296096668,53.0
2025-01-01,RBL,WIRRAL UNIVERSITY TEACHING HOSPITAL NHS FOUNDATION TRUST,1087,458,42.1343146274149,22.1842105263158,46.0693333333333,24,0,0,64.41177928709534,-22.27746465968044,115.0
2025-01-01,RWP,WORCESTERSHIRE ACUTE HOSPITALS NHS TRUST,699,484,69.241773962804,10.6627906976744,30.26,0,0,0,64.41177928709534,4.829994675708662,67.0
2025-01-01,RRF,"WRIGHTINGTON, WIGAN AND LEIGH NHS FOUNDATION TRUST",1100,733,66.63636363636364,14.1555555555556,27.8421052631579,2,0,0,64.41177928709534,2.224584349268298,72.0
2025-01-01,RLQ,WYE VALLEY NHS TRUST,506,314,62.055335968379445,12.9230769230769,36.0742857142857,1,0,0,64.41177928709534,-2.356443318715897,83.0
2025-01-01,RCB,YORK AND SCARBOROUGH TEACHING HOSPITALS NHS FOUNDATION TRUST,319,228,71.47335423197492,10.1923076923077,32.37,4,0,0,64.41177928709534,7.061574944879581,62.0
2025-02-01,RCF,AIREDALE NHS FOUNDATION TRUST,315,269,85.39682539682539,8.38888888888889,20.96,0,0,0,64.6982937994174,20.698531597407992,33.0
2025-02-01,RBS,ALDER HEY CHILDREN'S NHS FOUNDATION TRUST,0,0,,,,0,0,0,64.6982937994174,,
2025-02-01,RTK,ASHFORD AND ST PETER'S HOSPITALS NHS FOUNDATION TRUST,278,265,95.32374100719424,3.82142857142857,15.3942857142857,0,0,0,64.6982937994174,30.625447207776844,8.0
2025-02-01,RF4,"BARKING, HAVERING AND REDBRIDGE UNIVERSITY HOSPITALS NHS TRUST",339,313,92.33038348082596,3.45121951219512,17.776,0,0,0,64.6982937994174,27.63208968140856,20.0
2025-02-01,RFF,BARNSLEY HOSPITAL NHS FOUNDATION TRUST,271,251,92.619926199262,4.88636363636364,16.83,0,0,0,64.6982937994174,27.921632399844597,17.0
2025-02-01,R1H,BARTS HEALTH NHS TRUST,1368,1041,76.09649122807018,9.32352941176471,30.07,1,1,0,64.6982937994174,11.398197428652779,59.0
2025-02-01,RC9,BEDFORDSHIRE HOSPITALS NHS FOUNDATION TRUST,1094,702,64.16819012797075,12.1935483870968,35.96,6,0,0,64.6982937994174,-0.5301036714466534,78.0
2025-02-01,RWX,BERKSHIRE HEALTHCARE NHS FOUNDATION TRUST,0,0,,,,0,0,0,64.6982937994174,,
2025-02-01,RYW,BIRMINGHAM COMMUNITY HEALTHCARE NHS FOUNDATION TRUST,0,0,,,,0,0,0,64.6982937994174,,
2025-02-01,RQ3,BIRMINGHAM WOMEN'S AND CHILDREN'S NHS FOUNDATION TRUST,0,0,,,,0,0,0,64.6982937994174,,
2025-02-01,RXL,BLACKPOOL TEACHING HOSPITALS NHS FOUNDATION TRUST,792,450,56.81818181818182,15.3181818181818,36.3569230769231,0,0,0,64.6982937994174,-7.880111981235579,96.0
2025-02-01,RMC,BOLTON NHS FOUNDATION TRUST,637,373,58.55572998430141,14.6428571428571,40.0030769230769,0,0,0,64.6982937994174,-6.142563815115992,93.0
2025-02-01,TAD,BRADFORD DISTRICT CARE NHS FOUNDATION TRUST,0,0,,,,0,0,0,64.6982937994174,,
2025-02-01,RAE,BRADFORD TEACHING HOSPITALS NHS FOUNDATION TRUST,494,443,89.67611336032388,5.24,20.1644444444444,0,0,0,64.6982937994174,24.977819560906482,24.0
2025-02-01,RXQ,BUCKINGHAMSHIRE HEALTHCARE NHS TRUST,1066,502,47.091932457786115,19.8333333333333,50.9813333333333,65,0,0,64.6982937994174,-17.606361341631285,108.0
2025-02-01,RWY,CALDERDALE AND HUDDERSFIELD NHS FOUNDATION TRUST,1112,647,58.18345323741008,14.6086956521739,32.18875,0,0,0,64.6982937994174,-6.514840562007322,94.0
2025-02-01,RGT,CAMBRIDGE UNIVERSITY HOSPITALS NHS FOUNDATION TRUST,1872,1531,81.78418803418803,8.515625,24.5352380952381,1,1,0,64.6982937994174,17.085894234770635,43.0
2025-02-01,RT1,CAMBRIDGESHIRE AND PETERBOROUGH NHS FOUNDATION TRUST,0,0,,,,0,0,0,64.6982937994174,,
2025-02-01,RV3,CENTRAL AND NORTH WEST LONDON NHS FOUNDATION TRUST,0,0,,,,0,0,0,64.6982937994174,,
2025-02-01,RQM,CHELSEA AND WESTMINSTER HOSPITAL NHS FOUNDATION TRUST,1119,835,74.62019660411082,10.8020833333333,27.2175,0,0,0,64.6982937994174,9.921902804693417,61.0
2025-02-01,RFS,CHESTERFIELD ROYAL HOSPITAL NHS FOUNDATION TRUST,957,486,50.78369905956113,17.6428571428571,41.0488888888889,25,0,0,64.6982937994174,-13.91459473985627,105.0
2025-02-01,RJ8,CORNWALL PARTNERSHIP NHS FOUNDATION TRUST,0,0,,,,0,0,0,64.6982937994174,,
2025-02-01,RJR,COUNTESS OF CHESTER HOSPITAL NHS FOUNDATION TRUST,661,301,45.53706505295008,20.5666666666667,48.2355555555556,20,0,0,64.6982937994174,-19.161228746467323,110.0
2025-02-01,RXP,COUNTY DURHAM AND DARLINGTON NHS FOUNDATION TRUST,863,591,68.48203939745076,11.7857142857143,33.6622222222222,1,0,0,64.6982937994174,3.783745598033363,71.0
2025-02-01,RJ6,CROYDON HEALTH SERVICES NHS TRUST,973,627,64.4398766700925,13.0138888888889,30.36,0,0,0,64.6982937994174,-0.25841712932489713,77.0
2025-02-01,RX4,"CUMBRIA, NORTHUMBERLAND, TYNE AND WEAR NHS FOUNDATION TRUST",0,0,,,,0,0,0,64.6982937994174,,
2025-02-01,RN7,DARTFORD AND GRAVESHAM NHS TRUST,0,0,,,,0,0,0,64.6982937994174,,
2025-02-01,RP5,DONCASTER AND BASSETLAW TEACHING HOSPITALS NHS FOUNDATION TRUST,1118,640,57.24508050089445,15.5217391304348,32.317037037037,0,0,0,64.6982937994174,-7.453213298522947,95.0
2025-02-01,RBD,DORSET COUNTY HOSPITAL NHS FOUNDATION TRUST,0,0,,,,0,0,0,64.6982937994174,,
2025-02-01,RWH,EAST AND NORTH HERTFORDSHIRE NHS TRUST,1047,577,55.10983763132761,16.2428571428571,35.6866666666667,6,0,0,64.6982937994174,-9.588456168089792,102.0
2025-02-01,RJN,EAST CHESHIRE NHS TRUST,0,0,,,,0,0,0,64.6982937994174,,
2025-02-01,RVV,EAST KENT HOSPITALS UNIVERSITY NHS FOUNDATION TRUST,3131,1150,36.72947939955286,24.5104166666667,46.0094545454545,54,0,0,64.6982937994174,-27.96881439986454,117.0
2025-02-01,RXR,EAST LANCASHIRE HOSPITALS NHS TRUST,997,644,64.5937813440321,13.5735294117647,33.8533333333333,2,0,0,64.6982937994174,-0.10451245538530429,76.0
2025-02-01,RDE,EAST SUFFOLK AND NORTH ESSEX NHS FOUNDATION TRUST,1319,1188,90.06823351023503,6.90151515151515,18.7077777777778,0,0,0,64.6982937994174,25.369939710817633,23.0
2025-02-01,RXC,EAST SUSSEX HEALTHCARE NHS TRUST,653,620,94.94640122511485,5.07758620689655,15.4430769230769,0,0,0,64.6982937994174,30.248107425697455,10.0
2025-02-01,RVR,EPSOM AND ST HELIER UNIVERSITY HOSPITALS NHS TRUST,464,368,79.3103448275862,8.5,32.2933333333333,6,1,0,64.6982937994174,14.612051028168807,48.0
2025-02-01,RDU,FRIMLEY HEALTH NHS FOUNDATION TRUST,693,559,80.66378066378066,6.484375,24.1733333333333,2,0,0,64.6982937994174,15.965486864363257,46.0
2025-02-01,RR7,GATESHEAD HEALTH NHS FOUNDATION TRUST,560,403,71.96428571428571,12.2,24.3714285714286,0,0,0,64.6982937994174,7.265991914868309,66.0
2025-02-01,RLT,GEORGE ELIOT HOSPITAL NHS TRUST,281,267,95.01779359430606,5.1,14.304,0,0,0,64.6982937994174,30.319499794888657,9.0
2025-02-01,RTE,GLOUCESTERSHIRE HOSPITALS NHS FOUNDATION TRUST,1149,785,68.32027850304613,12.015625,33.5644444444445,6,0,0,64.6982937994174,3.6219847036287263,72.0
2025-02-01,RP4,GREAT ORMOND STREET HOSPITAL FOR CHILDREN NHS FOUNDATION TRUST,0,0,,,,0,0,0,64.6982937994174,,
2025-02-01,RN3,GREAT WESTERN HOSPITALS NHS FOUNDATION TRUST,260,213,81.92307692307692,5.64285714285714,28.2,0,0,0,64.6982937994174,17.22478312365952,42.0
2025-02-01,RJ1,GUY'S AND ST THOMAS' NHS FOUNDATION TRUST,365,361,98.9041095890411,4.12857142857143,11.6,0,0,0,64.6982937994174,34.2058157896237,5.0
2025-02-01,RW1,HAMPSHIRE AND ISLE OF WIGHT HEALTHCARE NHS FOUNDATION TRUST,52,52,100.0,3.0,7.28,0,0,0,64.6982937994174,35.3017062005826,1.0
2025-02-01,RN5,HAMPSHIRE HOSPITALS NHS FOUNDATION TRUST,1871,1035,55.31801175841796,15.9888888888889,43.7965217391304,51,2,0,64.6982937994174,-9.38028204099944,99.0
2025-02-01,RCD,HARROGATE AND DISTRICT NHS FOUNDATION TRUST,362,307,84.80662983425414,6.44,22.0057142857143,1,0,0,64.6982937994174,20.10833603483674,36.0
2025-02-01,R1A,HEREFORDSHIRE AND WORCESTERSHIRE HEALTH AND CARE NHS TRUST,0,0,,,,0,0,0,64.6982937994174,,
2025-02-01,RQX,HOMERTON HEALTHCARE NHS FOUNDATION TRUST,141,140,99.29078014184397,2.11363636363636,11.72,0,0,0,64.6982937994174,34.59248634242657,3.0
2025-02-01,RWA,HULL UNIVERSITY TEACHING HOSPITALS NHS TRUST,940,552,58.723404255319146,14.75,41.1142857142857,14,0,0,64.6982937994174,-5.974889544098254,91.0
2025-02-01,RYJ,IMPERIAL COLLEGE HEALTHCARE NHS TRUST,972,587,60.390946502057616,14.0,34.0126315789474,2,0,0,64.6982937994174,-4.307347297359783,86.0
2025-02-01,R1F,ISLE OF WIGHT NHS TRUST,385,327,84.93506493506493,7.60526315789474,20.6888888888889,0,0,0,64.6982937994174,20.23677113564753,35.0
2025-02-01,RGP,JAMES PAGET UNIVERSITY HOSPITALS NHS FOUNDATION TRUST,301,282,93.68770764119601,6.15909090909091,16.48,1,0,0,64.6982937994174,28.989413841778614,14.0
2025-02-01,RYY,KENT COMMUNITY HEALTH NHS FOUNDATION TRUST,0,0,,,,0,0,0,64.6982937994174,,
2025-02-01,RNQ,KETTERING GENERAL HOSPITAL NHS FOUNDATION TRUST,966,742,76.81159420289855,10.0196078431373,27.6433333333333,1,0,0,64.6982937994174,12.113300403481148,56.0
2025-02-01,RJZ,KING'S COLLEGE HOSPITAL NHS FOUNDATION TRUST,1231,1006,81.72217709179529,7.19,26.904,0,0,0,64.6982937994174,17.02388329237789,44.0
2025-02-01,RAX,KINGSTON AND RICHMOND NHS FOUNDATION TRUST,556,534,96.0431654676259,7.11666666666667,15.568,0,0,0,64.6982937994174,31.344871668208498,7.0
2025-02-01,RW5,LANCASHIRE & SOUTH CUMBRIA NHS FOUNDATION TRUST,354,312,88.13559322033898,8.9375,18.8047058823529,0,0,0,64.6982937994174,23.437299420921576,27.0
2025-02-01,RXN,LANCASHIRE TEACHING HOSPITALS NHS FOUNDATION TRUST,0,0,,,,0,0,0,64.6982937994174,,
2025-02-01,RY6,LEEDS COMMUNITY HEALTHCARE NHS TRUST,0,0,,,,0,0,0,64.6982937994174,,
2025-02-01,RR8,LEEDS TEACHING HOSPITALS NHS TRUST,2530,1839,72.68774703557312,9.92647058823529,26.951724137931,0,0,0,64.6982937994174,7.989453236155725,64.0
2025-02-01,RJ2,LEWISHAM AND GREENWICH NHS TRUST,957,752,78.57889237199582,6.40909090909091,34.18,6,0,0,64.6982937994174,13.880598572578421,53.0
2025-02-01,RP7,LINCOLNSHIRE PARTNERSHIP NHS FOUNDATION TRUST,0,0,,,,0,0,0,64.6982937994174,,
2025-02-01,RBQ,LIVERPOOL HEART AND CHEST HOSPITAL NHS FOUNDATION TRUST,0,0,,,,0,0,0,64.6982937994174,,
2025-02-01,REM,LIVERPOOL UNIVERSITY HOSPITALS NHS FOUNDATION TRUST,557,440,78.99461400359067,7.56451612903226,23.7155555555556,0,0,0,64.6982937994174,14.29632020417327,50.0
2025-02-01,REP,LIVERPOOL WOMEN'S NHS FOUNDATION TRUST,0,0,,,,0,0,0,64.6982937994174,,
2025-02-01,R1K,LONDON NORTH WEST UNIVERSITY HEALTHCARE NHS TRUST,741,617,83.26585695006747,5.61428571428571,25.1323076923077,0,0,0,64.6982937994174,18.567563150650074,39.0
2025-02-01,RWF,MAIDSTONE AND TUNBRIDGE WELLS NHS TRUST,554,438,79.06137184115524,7.16666666666667,28.28,0,0,0,64.6982937994174,14.363078041737836,49.0
2025-02-01,R0A,MANCHESTER UNIVERSITY NHS FOUNDATION TRUST,1536,902,58.723958333333336,14.3333333333333,41.7288888888889,2,0,0,64.6982937994174,-5.974335466084064,90.0
2025-02-01,RPA,MEDWAY NHS FOUNDATION TRUST,3113,1112,35.72116929007388,24.7698412698413,51.9324444444444,246,51,0,64.6982937994174,-28.97712450934352,119.0
2025-02-01,RBN,MERSEY AND WEST LANCASHIRE TEACHING HOSPITALS NHS TRUST,1445,880,60.89965397923876,13.6621621621622,39.4923076923077,13,1,0,64.6982937994174,-3.798639820178643,85.0
2025-02-01,RW4,MERSEY CARE NHS FOUNDATION TRUST,0,0,,,,0,0,0,64.6982937994174,,
2025-02-01,RAJ,MID AND SOUTH ESSEX NHS FOUNDATION TRUST,2649,1644,62.06115515288788,12.4466666666667,44.0245454545455,54,0,0,64.6982937994174,-2.6371386465295217,83.0
2025-02-01,RBT,MID CHESHIRE HOSPITALS NHS FOUNDATION TRUST,1280,463,36.171875,25.2903225806452,54.8727272727273,131,24,0,64.6982937994174,-28.5264187994174,118.0
2025-02-01,RXF,MID YORKSHIRE TEACHING NHS TRUST,871,491,56.371986222732495,15.075,34.8707692307692,1,0,0,64.6982937994174,-8.326307576684904,98.0
2025-02-01,RRE,MIDLANDS PARTNERSHIP UNIVERSITY NHS FOUNDATION TRUST,3578,3397,94.94130799329234,1.95272353545735,14.2503225806452,0,0,0,64.6982937994174,30.24301419387494,11.0
2025-02-01,RD8,MILTON KEYNES UNIVERSITY HOSPITAL NHS FOUNDATION TRUST,887,252,28.410372040586246,26.3095238095238,48.608,42,0,0,64.6982937994174,-36.28792175883115,120.0
2025-02-01,RP6,MOORFIELDS EYE HOSPITAL NHS FOUNDATION TRUST,0,0,,,,0,0,0,64.6982937994174,,
2025-02-01,RM1,NORFOLK AND NORWICH UNIVERSITY HOSPITALS NHS FOUNDATION TRUST,784,654,83.41836734693877,6.27272727272727,25.04,1,0,0,64.6982937994174,18.720073547521366,37.0
2025-02-01,RVJ,NORTH BRISTOL NHS TRUST,739,616,83.35588633288228,7.203125,22.2088888888889,0,0,0,64.6982937994174,18.65759253346488,38.0
2025-02-01,RNN,NORTH CUMBRIA INTEGRATED CARE NHS FOUNDATION TRUST,1175,648,55.14893617021277,15.948275862069,36.8095238095238,21,2,1,64.6982937994174,-9.549357629204628,100.0
2025-02-01,RVW,NORTH TEES AND HARTLEPOOL NHS FOUNDATION TRUST,533,407,76.36022514071294,10.6176470588235,27.09,1,0,0,64.6982937994174,11.661931341295542,58.0
2025-02-01,RGN,NORTH WEST ANGLIA NHS FOUNDATION TRUST,1896,927,48.892405063291136,18.6,50.8731034482759,125,0,0,64.6982937994174,-15.805888736126263,107.0
2025-02-01,RNS,NORTHAMPTON GENERAL HOSPITAL NHS TRUST,373,346,92.76139410187668,5.70512820512821,17.5266666666667,0,0,0,64.6982937994174,28.063100302459276,16.0
2025-02-01,RM3,NORTHERN CARE ALLIANCE NHS FOUNDATION TRUST,2248,1317,58.58540925266904,14.9350649350649,38.5314285714286,32,0,0,64.6982937994174,-6.1128845467483615,92.0
2025-02-01,RJL,NORTHERN LINCOLNSHIRE AND GOOLE NHS FOUNDATION TRUST,867,478,55.13264129181085,15.8833333333333,33.4218181818182,0,0,0,64.6982937994174,-9.56565250760655,101.0
2025-02-01,RTF,NORTHUMBRIA HEALTHCARE NHS FOUNDATION TRUST,802,726,90.52369077306733,8.44827586206897,19.5377777777778,0,0,0,64.6982937994174,25.82539697364993,21.0
2025-02-01,RX1,NOTTINGHAM UNIVERSITY HOSPITALS NHS TRUST,746,504,67.5603217158177,11.304347826087,28.9011764705882,0,0,0,64.6982937994174,2.8620279164002937,74.0
2025-02-01,RTH,OXFORD UNIVERSITY HOSPITALS NHS FOUNDATION TRUST,1815,1131,62.314049586776854,13.2211538461538,37.4857142857143,9,0,0,64.6982937994174,-2.384244212640546,82.0
2025-02-01,RPG,OXLEAS NHS FOUNDATION TRUST,0,0,,,,0,0,0,64.6982937994174,,
2025-02-01,RHU,PORTSMOUTH HOSPITALS UNIVERSITY NATIONAL HEALTH SERVICE TRUST,274,272,99.27007299270073,2.375,8.27,0,0,0,64.6982937994174,34.571779193283334,4.0
2025-02-01,RPC,QUEEN VICTORIA HOSPITAL NHS FOUNDATION TRUST,43,37,86.04651162790698,5.5,20.78,0,0,0,64.6982937994174,21.34821782848958,31.0
2025-02-01,RHW,ROYAL BERKSHIRE NHS FOUNDATION TRUST,226,194,85.84070796460178,10.047619047619,22.92,0,0,0,64.6982937994174,21.142414165184377,32.0
2025-02-01,REF,ROYAL CORNWALL HOSPITALS NHS TRUST,660,637,96.51515151515152,5.4,15.2,0,0,0,64.6982937994174,31.816857715734116,6.0
2025-02-01,RH8,ROYAL DEVON UNIVERSITY HEALTHCARE NHS FOUNDATION TRUST,541,426,78.74306839186691,7.32352941176471,30.86,3,0,0,64.6982937994174,14.044774592449514,52.0
2025-02-01,RAL,ROYAL FREE LONDON NHS FOUNDATION TRUST,3424,2049,59.842289719626166,14.4711538461538,38.62,2,0,0,64.6982937994174,-4.856004079791234,89.0
2025-02-01,RAN,ROYAL NATIONAL ORTHOPAEDIC HOSPITAL NHS TRUST,127,113,88.9763779527559,6.21428571428571,20.92,1,1,0,64.6982937994174,24.278084153338497,25.0
2025-02-01,RGM,ROYAL PAPWORTH HOSPITAL NHS FOUNDATION TRUST,0,0,,,,0,0,0,64.6982937994174,,
2025-02-01,RA2,ROYAL SURREY COUNTY HOSPITAL NHS FOUNDATION TRUST,212,196,92.45283018867924,4.94736842105263,16.04,0,0,0,64.6982937994174,27.754536389261844,18.0
2025-02-01,RD1,ROYAL UNITED HOSPITALS BATH NHS FOUNDATION TRUST,1341,939,70.02237136465325,11.6413043478261,26.8963636363636,0,0,0,64.6982937994174,5.324077565235854,69.0
2025-02-01,RNZ,SALISBURY NHS FOUNDATION TRUST,872,375,43.0045871559633,20.8333333333333,46.28,6,0,0,64.6982937994174,-21.6937066434541,114.0
2025-02-01,RXK,SANDWELL AND WEST BIRMINGHAM HOSPITALS NHS TRUST,489,435,88.95705521472392,7.11666666666667,21.72,4,0,0,64.6982937994174,24.258761415306523,26.0
2025-02-01,RCU,SHEFFIELD CHILDREN'S NHS FOUNDATION TRUST,0,0,,,,0,0,0,64.6982937994174,,
2025-02-01,RHQ,SHEFFIELD TEACHING HOSPITALS NHS FOUNDATION TRUST,1355,1054,77.7859778597786,9.78409090909091,27.2555555555556,6,0,0,64.6982937994174,13.087684060361198,55.0
2025-02-01,RK5,SHERWOOD FOREST HOSPITALS NHS FOUNDATION TRUST,279,264,94.6236559139785,4.43181818181818,16.835,0,0,0,64.6982937994174,29.925362114561096,13.0
2025-02-01,R1D,SHROPSHIRE COMMUNITY HEALTH NHS TRUST,2,2,100.0,,,0,0,0,64.6982937994174,35.3017062005826,1.0
2025-02-01,RH5,SOMERSET NHS FOUNDATION TRUST,833,565,67.82713085234093,12.4342105263158,33.0276923076923,5,0,0,64.6982937994174,3.1288370529235294,73.0
2025-02-01,RTR,SOUTH TEES HOSPITALS NHS FOUNDATION TRUST,1463,883,60.355434039644564,14.7444444444444,37.592,25,0,0,64.6982937994174,-4.342859759772836,88.0
2025-02-01,R0B,SOUTH TYNESIDE AND SUNDERLAND NHS FOUNDATION TRUST,1356,979,72.1976401179941,10.36,27.0894117647059,0,0,0,64.6982937994174,7.499346318576698,65.0
2025-02-01,RJC,SOUTH WARWICKSHIRE UNIVERSITY NHS FOUNDATION TRUST,497,428,86.11670020120724,8.80769230769231,23.648,3,0,0,64.6982937994174,21.418406401789838,30.0
2025-02-01,RXG,SOUTH WEST YORKSHIRE PARTNERSHIP NHS FOUNDATION TRUST,0,0,,,,0,0,0,64.6982937994174,,
2025-02-01,RJ7,ST GEORGE'S UNIVERSITY HOSPITALS NHS FOUNDATION TRUST,1177,878,74.5964316057774,10.0113636363636,29.6314285714286,9,0,0,64.6982937994174,9.898137806359998,62.0
2025-02-01,RWJ,STOCKPORT NHS FOUNDATION TRUST,1210,687,56.776859504132226,14.7741935483871,41.6,13,0,0,64.6982937994174,-7.921434295285174,97.0
2025-02-01,RTP,SURREY AND SUSSEX HEALTHCARE NHS TRUST,858,560,65.26806526806527,11.2333333333333,35.2266666666667,1,0,0,64.6982937994174,0.5697714686478719,75.0
2025-02-01,RDR,SUSSEX COMMUNITY NHS FOUNDATION TRUST,354,327,92.37288135593221,4.85714285714286,17.8114285714286,0,0,0,64.6982937994174,27.67458755651481,19.0
2025-02-01,RMP,TAMESIDE AND GLOSSOP INTEGRATED CARE NHS FOUNDATION TRUST,306,290,94.77124183006535,6.75,15.815,0,0,0,64.6982937994174,30.07294803064795,12.0
2025-02-01,RBV,THE CHRISTIE NHS FOUNDATION TRUST,0,0,,,,0,0,0,64.6982937994174,,
2025-02-01,REN,THE CLATTERBRIDGE CANCER CENTRE NHS FOUNDATION TRUST,0,0,,,,0,0,0,64.6982937994174,,
2025-02-01,RNA,THE DUDLEY GROUP NHS FOUNDATION TRUST,739,471,63.734776725304464,11.5,33.74,3,0,0,64.6982937994174,-0.9635170741129357,80.0
2025-02-01,RAS,THE HILLINGDON HOSPITALS NHS FOUNDATION TRUST,1086,263,24.21731123388582,27.1282051282051,45.7717647058824,25,0,0,64.6982937994174,-40.480982565531576,121.0
2025-02-01,RTD,THE NEWCASTLE UPON TYNE HOSPITALS NHS FOUNDATION TRUST,1110,865,77.92792792792793,10.3684210526316,25.22,6,1,0,64.6982937994174,13.229634128510526,54.0
2025-02-01,RQW,THE PRINCESS ALEXANDRA HOSPITAL NHS TRUST,1381,696,50.3982621288921,17.828125,44.16,43,0,0,64.6982937994174,-14.3000316705253,106.0
2025-02-01,RCX,"THE QUEEN ELIZABETH HOSPITAL, KING'S LYNN, NHS FOUNDATION TRUST",891,398,44.668911335578,20.3695652173913,46.672,17,0,0,64.6982937994174,-20.029382463839397,112.0
2025-02-01,RL1,THE ROBERT JONES AND AGNES HUNT ORTHOPAEDIC HOSPITAL NHS FOUNDATION TRUST,1739,670,38.52788959171938,23.9107142857143,50.28,77,0,0,64.6982937994174,-26.17040420769802,116.0
2025-02-01,RFR,THE ROTHERHAM NHS FOUNDATION TRUST,866,702,81.06235565819861,10.8039215686275,20.4628571428571,0,0,0,64.6982937994174,16.364061858781213,45.0
2025-02-01,RPY,THE ROYAL MARSDEN NHS FOUNDATION TRUST,0,0,,,,0,0,0,64.6982937994174,,
2025-02-01,RRJ,THE ROYAL ORTHOPAEDIC HOSPITAL NHS FOUNDATION TRUST,0,0,,,,0,0,0,64.6982937994174,,
2025-02-01,RL4,THE ROYAL WOLVERHAMPTON NHS TRUST,2971,1367,46.01144395826321,19.467032967033,38.6270588235294,0,0,0,64.6982937994174,-18.686849841154192,109.0
2025-02-01,RXW,THE SHREWSBURY AND TELFORD HOSPITAL NHS TRUST,0,0,,,,0,0,0,64.6982937994174,,
2025-02-01,RET,THE WALTON CENTRE NHS FOUNDATION TRUST,0,0,,,,0,0,0,64.6982937994174,,
2025-02-01,RA9,TORBAY AND SOUTH DEVON NHS FOUNDATION TRUST,699,579,82.83261802575107,6.32051282051282,24.808,0,0,0,64.6982937994174,18.134324226333675,40.0
2025-02-01,RWD,UNITED LINCOLNSHIRE TEACHING HOSPITALS NHS TRUST,1749,784,44.82561463693539,20.1153846153846,46.4581818181818,52,2,0,64.6982937994174,-19.872679162482008,111.0
2025-02-01,RRV,UNIVERSITY COLLEGE LONDON HOSPITALS NHS FOUNDATION TRUST,1389,761,54.78761699064075,16.280487804878,42.188,35,1,0,64.6982937994174,-9.91067680877665,103.0
2025-02-01,RHM,UNIVERSITY HOSPITAL SOUTHAMPTON NHS FOUNDATION TRUST,689,543,78.80986937590711,8.97368421052632,28.8133333333333,0,0,0,64.6982937994174,14.111575576489713,51.0
2025-02-01,RRK,UNIVERSITY HOSPITALS BIRMINGHAM NHS FOUNDATION TRUST,669,580,86.6965620328849,5.70833333333333,22.4133333333333,1,0,0,64.6982937994174,21.9982682334675,29.0
2025-02-01,RA7,UNIVERSITY HOSPITALS BRISTOL AND WESTON NHS FOUNDATION TRUST,781,546,69.91037131882202,10.275,36.96,5,0,0,64.6982937994174,5.212077519404616,70.0
2025-02-01,RKB,UNIVERSITY HOSPITALS COVENTRY AND WARWICKSHIRE NHS TRUST,880,669,76.02272727272728,10.0540540540541,24.8833333333333,1,0,0,64.6982937994174,11.324433473309881,60.0
2025-02-01,R0D,UNIVERSITY HOSPITALS DORSET NHS FOUNDATION TRUST,1331,945,70.9992486851991,11.0918367346939,29.1733333333333,10,0,0,64.6982937994174,6.300954885781707,67.0
2025-02-01,RTG,UNIVERSITY HOSPITALS OF DERBY AND BURTON NHS FOUNDATION TRUST,2452,1301,53.058727569331154,16.6229508196721,44.7630769230769,59,1,0,64.6982937994174,-11.639566230086245,104.0
2025-02-01,RWE,UNIVERSITY HOSPITALS OF LEICESTER NHS TRUST,4069,2521,61.9562546080118,14.1213235294118,35.17125,34,1,0,64.6982937994174,-2.7420391914056026,84.0
2025-02-01,RTX,UNIVERSITY HOSPITALS OF MORECAMBE BAY NHS FOUNDATION TRUST,645,583,90.3875968992248,6.03488372093023,20.04,0,0,0,64.6982937994174,25.689303099807404,22.0
2025-02-01,RJE,UNIVERSITY HOSPITALS OF NORTH MIDLANDS NHS TRUST,5,4,80.0,,,0,0,0,64.6982937994174,15.3017062005826,47.0
2025-02-01,RK9,UNIVERSITY HOSPITALS PLYMOUTH NHS TRUST,576,476,82.63888888888889,7.25806451612903,25.23,13,2,0,64.6982937994174,17.940595089471486,41.0
2025-02-01,RYR,UNIVERSITY HOSPITALS SUSSEX NHS FOUNDATION TRUST,2000,868,43.4,20.6031746031746,50.375,121,5,0,64.6982937994174,-21.2982937994174,113.0
2025-02-01,RBK,WALSALL HEALTHCARE NHS TRUST,826,579,70.09685230024213,10.6774193548387,30.88,4,0,0,64.6982937994174,5.398558500824734,68.0
2025-02-01,RWW,WARRINGTON AND HALTON TEACHING HOSPITALS NHS FOUNDATION TRUST,747,451,60.37483266398929,13.9166666666667,30.8533333333333,1,0,0,64.6982937994174,-4.323461135428111,87.0
2025-02-01,RWG,WEST HERTFORDSHIRE TEACHING HOSPITALS NHS TRUST,536,456,85.07462686567165,8.0,24.03,2,0,0,64.6982937994174,20.376333066254247,34.0
2025-02-01,RGR,WEST SUFFOLK NHS FOUNDATION TRUST,245,213,86.93877551020408,2.96341463414634,22.4666666666667,0,0,0,64.6982937994174,22.240481710786682,28.0
2025-02-01,RKE,WHITTINGTON HEALTH NHS TRUST,326,303,92.94478527607362,6.5,16.3066666666667,0,0,0,64.6982937994174,28.246491476656217,15.0
2025-02-01,RBL,WIRRAL UNIVERSITY TEACHING HOSPITAL NHS FOUNDATION TRUST,1124,477,42.437722419928825,22.1666666666667,46.34,38,0,0,64.6982937994174,-22.260571379488574,115.0
2025-02-01,RWP,WORCESTERSHIRE ACUTE HOSPITALS NHS TRUST,699,518,74.10586552217453,10.3275862068966,29.4676923076923,2,0,0,64.6982937994174,9.407571722757126,63.0
2025-02-01,RRF,"WRIGHTINGTON, WIGAN AND LEIGH NHS FOUNDATION TRUST",1139,719,63.125548726953475,14.1216216216216,30.4914285714286,3,0,0,64.6982937994174,-1.572745072463924,81.0
2025-02-01,RLQ,WYE VALLEY NHS TRUST,506,324,64.03162055335969,11.6428571428571,36.5866666666667,2,0,0,64.6982937994174,-0.6666732460577123,79.0
2025-02-01,RCB,YORK AND SCARBOROUGH TEACHING HOSPITALS NHS FOUNDATION TRUST,331,254,76.73716012084593,8.4375,28.76,3,0,0,64.6982937994174,12.038866321428529,57.0
2025-03-01,RCF,AIREDALE NHS FOUNDATION TRUST,334,277,82.93413173652695,7.0,22.256,0,0,0,65.6623213132133,17.271810423313653,44.0
2025-03-01,RBS,ALDER HEY CHILDREN'S NHS FOUNDATION TRUST,0,0,,,,0,0,0,65.6623213132133,,
2025-03-01,RTK,ASHFORD AND ST PETER'S HOSPITALS NHS FOUNDATION TRUST,253,237,93.67588932806325,5.175,16.44,0,0,0,65.6623213132133,28.01356801484995,15.0
2025-03-01,RF4,"BARKING, HAVERING AND REDBRIDGE UNIVERSITY HOSPITALS NHS TRUST",372,332,89.24731182795699,4.35483870967742,20.048,0,0,0,65.6623213132133,23.584990514743694,26.0
2025-03-01,RFF,BARNSLEY HOSPITAL NHS FOUNDATION TRUST,313,302,96.48562300319489,5.07894736842105,15.245,0,0,0,65.6623213132133,30.82330168998159,7.0
2025-03-01,R1H,BARTS HEALTH NHS TRUST,1256,924,73.56687898089172,9.72151898734177,28.5927272727273,1,0,0,65.6623213132133,7.904557667678418,66.0
2025-03-01,RC9,BEDFORDSHIRE HOSPITALS NHS FOUNDATION TRUST,1237,809,65.40016168148746,10.5729166666667,36.7533333333333,7,0,0,65.6623213132133,-0.26215963172583656,81.0
2025-03-01,RWX,BERKSHIRE HEALTHCARE NHS FOUNDATION TRUST,0,0,,,,0,0,0,65.6623213132133,,
2025-03-01,RYW,BIRMINGHAM COMMUNITY HEALTHCARE NHS FOUNDATION TRUST,0,0,,,,0,0,0,65.6623213132133,,
2025-03-01,RQ3,BIRMINGHAM WOMEN'S AND CHILDREN'S NHS FOUNDATION TRUST,0,0,,,,0,0,0,65.6623213132133,,
2025-03-01,RXL,BLACKPOOL TEACHING HOSPITALS NHS FOUNDATION TRUST,832,469,56.370192307692314,15.1739130434783,37.7466666666667,1,0,0,65.6623213132133,-9.292129005520984,98.0
2025-03-01,RMC,BOLTON NHS FOUNDATION TRUST,525,384,73.14285714285714,9.26,28.7857142857143,0,0,0,65.6623213132133,7.480535829643841,67.0
2025-03-01,TAD,BRADFORD DISTRICT CARE NHS FOUNDATION TRUST,0,0,,,,0,0,0,65.6623213132133,,
2025-03-01,RAE,BRADFORD TEACHING HOSPITALS NHS FOUNDATION TRUST,546,484,88.64468864468864,6.02631578947368,21.08,0,0,0,65.6623213132133,22.982367331475345,28.0
2025-03-01,RXQ,BUCKINGHAMSHIRE HEALTHCARE NHS TRUST,1074,529,49.25512104283054,18.6153846153846,52.5828571428572,90,0,0,65.6623213132133,-16.40720027038276,107.0
2025-03-01,RWY,CALDERDALE AND HUDDERSFIELD NHS FOUNDATION TRUST,1129,642,56.86448184233836,15.0555555555556,33.6673684210526,0,0,0,65.6623213132133,-8.79783947087494,97.0
2025-03-01,RGT,CAMBRIDGE UNIVERSITY HOSPITALS NHS FOUNDATION TRUST,1972,1624,82.35294117647058,8.42574257425743,24.0476923076923,1,0,0,65.6623213132133,16.690619863257282,46.0
2025-03-01,RT1,CAMBRIDGESHIRE AND PETERBOROUGH NHS FOUNDATION TRUST,0,0,,,,0,0,0,65.6623213132133,,
2025-03-01,RQM,CHELSEA AND WESTMINSTER HOSPITAL NHS FOUNDATION TRUST,1194,900,75.37688442211056,9.24324324324324,26.655,0,0,0,65.6623213132133,9.714563108897266,62.0
2025-03-01,RFS,CHESTERFIELD ROYAL HOSPITAL NHS FOUNDATION TRUST,967,510,52.74043433298863,17.0535714285714,41.415,23,0,0,65.6623213132133,-12.92188698022467,105.0
2025-03-01,RJ8,CORNWALL PARTNERSHIP NHS FOUNDATION TRUST,0,0,,,,0,0,0,65.6623213132133,,
2025-03-01,RJR,COUNTESS OF CHESTER HOSPITAL NHS FOUNDATION TRUST,686,316,46.06413994169096,20.1333333333333,48.5933333333333,26,0,0,65.6623213132133,-19.598181371522337,111.0
2025-03-01,RXP,COUNTY DURHAM AND DARLINGTON NHS FOUNDATION TRUST,805,561,69.68944099378882,11.2894736842105,30.575,1,0,0,65.6623213132133,4.027119680575524,69.0
2025-03-01,RJ6,CROYDON HEALTH SERVICES NHS TRUST,983,655,66.63275686673448,11.2625,30.1046153846154,0,0,0,65.6623213132133,0.9704355535211846,76.0
2025-03-01,RX4,"CUMBRIA, NORTHUMBERLAND, TYNE AND WEAR NHS FOUNDATION TRUST",0,0,,,,0,0,0,65.6623213132133,,
2025-03-01,RN7,DARTFORD AND GRAVESHAM NHS TRUST,0,0,,,,0,0,0,65.6623213132133,,
2025-03-01,RP5,DONCASTER AND BASSETLAW TEACHING HOSPITALS NHS FOUNDATION TRUST,980,571,58.265306122448976,15.3333333333333,32.6909090909091,0,0,0,65.6623213132133,-7.397015190764321,93.0
2025-03-01,RBD,DORSET COUNTY HOSPITAL NHS FOUNDATION TRUST,0,0,,,,0,0,0,65.6623213132133,,
2025-03-01,RWH,EAST AND NORTH HERTFORDSHIRE NHS TRUST,1074,584,54.37616387337057,16.25,35.5446153846154,8,0,0,65.6623213132133,-11.286157439842725,102.0
2025-03-01,RJN,EAST CHESHIRE NHS TRUST,0,0,,,,0,0,0,65.6623213132133,,
2025-03-01,RVV,EAST KENT HOSPITALS UNIVERSITY NHS FOUNDATION TRUST,3195,1217,38.09076682316119,23.8482142857143,46.525,53,0,0,65.6623213132133,-27.571554490052108,117.0
2025-03-01,RXR,EAST LANCASHIRE HOSPITALS NHS TRUST,982,616,62.729124236252545,11.375,33.4933333333333,8,0,0,65.6623213132133,-2.9331970769607523,85.0
2025-03-01,RDE,EAST SUFFOLK AND NORTH ESSEX NHS FOUNDATION TRUST,1387,1262,90.98774333093006,6.78971962616822,18.468,0,0,0,65.6623213132133,25.32542201771676,23.0
2025-03-01,RXC,EAST SUSSEX HEALTHCARE NHS TRUST,677,637,94.09158050221565,4.85344827586207,15.7284210526316,0,0,0,65.6623213132133,28.42925918900235,14.0
2025-03-01,RVR,EPSOM AND ST HELIER UNIVERSITY HOSPITALS NHS TRUST,503,398,79.12524850894633,8.22413793103448,28.96,5,0,0,65.6623213132133,13.46292719573303,57.0
2025-03-01,RDU,FRIMLEY HEALTH NHS FOUNDATION TRUST,666,554,83.18318318318319,7.03571428571429,24.2457142857143,1,0,0,65.6623213132133,17.52086186996989,43.0
2025-03-01,RR7,GATESHEAD HEALTH NHS FOUNDATION TRUST,552,367,66.48550724637681,11.9130434782609,26.584,0,0,0,65.6623213132133,0.823185933163515,77.0
2025-03-01,RLT,GEORGE ELIOT HOSPITAL NHS TRUST,277,263,94.94584837545126,4.1551724137931,12.64,0,0,0,65.6623213132133,29.283527062237965,12.0
2025-03-01,RTE,GLOUCESTERSHIRE HOSPITALS NHS FOUNDATION TRUST,1112,720,64.74820143884892,11.2285714285714,32.755,1,0,0,65.6623213132133,-0.9141198743643741,84.0
2025-03-01,RP4,GREAT ORMOND STREET HOSPITAL FOR CHILDREN NHS FOUNDATION TRUST,0,0,,,,0,0,0,65.6623213132133,,
2025-03-01,RN3,GREAT WESTERN HOSPITALS NHS FOUNDATION TRUST,274,241,87.95620437956204,4.0,26.54,0,0,0,65.6623213132133,22.29388306634874,30.0
2025-03-01,RJ1,GUY'S AND ST THOMAS' NHS FOUNDATION TRUST,275,272,98.9090909090909,2.93421052631579,11.5714285714286,0,0,0,65.6623213132133,33.24676959587761,6.0
2025-03-01,RW1,HAMPSHIRE AND ISLE OF WIGHT HEALTHCARE NHS FOUNDATION TRUST,79,79,100.0,4.20833333333333,8.56,0,0,0,65.6623213132133,34.3376786867867,1.0
2025-03-01,RN5,HAMPSHIRE HOSPITALS NHS FOUNDATION TRUST,1861,991,53.25094035464804,16.7717391304348,44.6325,61,0,0,65.6623213132133,-12.41138095856526,103.0
2025-03-01,RCD,HARROGATE AND DISTRICT NHS FOUNDATION TRUST,373,325,87.1313672922252,6.36111111111111,21.832,0,0,0,65.6623213132133,21.46904597901191,32.0
2025-03-01,R1A,HEREFORDSHIRE AND WORCESTERSHIRE HEALTH AND CARE NHS TRUST,0,0,,,,0,0,0,65.6623213132133,,
2025-03-01,RQX,HOMERTON HEALTHCARE NHS FOUNDATION TRUST,175,174,99.42857142857143,2.328125,8.33333333333333,0,0,0,65.6623213132133,33.76625011535813,4.0
2025-03-01,RWA,HULL UNIVERSITY TEACHING HOSPITALS NHS TRUST,888,578,65.09009009009009,11.7241379310345,40.9933333333333,17,0,0,65.6623213132133,-0.572231223123211,83.0
2025-03-01,RYJ,IMPERIAL COLLEGE HEALTHCARE NHS TRUST,927,605,65.26429341963322,10.8243243243243,33.48,1,1,0,65.6623213132133,-0.3980278935800783,82.0
2025-03-01,R1F,ISLE OF WIGHT NHS TRUST,486,388,79.83539094650206,6.0,22.26,0,0,0,65.6623213132133,14.173069633288762,54.0
2025-03-01,RGP,JAMES PAGET UNIVERSITY HOSPITALS NHS FOUNDATION TRUST,329,300,91.1854103343465,5.41304347826087,19.136,0,0,0,65.6623213132133,25.523089021133202,22.0
2025-03-01,RYY,KENT COMMUNITY HEALTH NHS FOUNDATION TRUST,0,0,,,,0,0,0,65.6623213132133,,
2025-03-01,RNQ,KETTERING GENERAL HOSPITAL NHS FOUNDATION TRUST,994,744,74.84909456740442,9.09302325581395,27.4984615384615,1,0,0,65.6623213132133,9.186773254191124,63.0
2025-03-01,RJZ,KING'S COLLEGE HOSPITAL NHS FOUNDATION TRUST,1248,999,80.04807692307693,6.50847457627119,26.316,1,0,0,65.6623213132133,14.385755609863637,50.0
2025-03-01,RAX,KINGSTON AND RICHMOND NHS FOUNDATION TRUST,503,499,99.20477137176938,6.06818181818182,12.6552380952381,0,0,0,65.6623213132133,33.542450058556085,5.0
2025-03-01,RW5,LANCASHIRE & SOUTH CUMBRIA NHS FOUNDATION TRUST,461,409,88.72017353579176,4.71052631578947,18.72,0,0,0,65.6623213132133,23.05785222257846,27.0
2025-03-01,RXN,LANCASHIRE TEACHING HOSPITALS NHS FOUNDATION TRUST,0,0,,,,0,0,0,65.6623213132133,,
2025-03-01,RY6,LEEDS COMMUNITY HEALTHCARE NHS TRUST,0,0,,,,0,0,0,65.6623213132133,,
2025-03-01,RR8,LEEDS TEACHING HOSPITALS NHS TRUST,2456,1779,72.43485342019544,8.7741935483871,27.1004444444444,0,0,0,65.6623213132133,6.7725321069821405,68.0
2025-03-01,RJ2,LEWISHAM AND GREENWICH NHS TRUST,1026,833,81.18908382066277,6.91044776119403,31.74,7,0,0,65.6623213132133,15.526762507449476,48.0
2025-03-01,RP7,LINCOLNSHIRE PARTNERSHIP NHS FOUNDATION TRUST,0,0,,,,0,0,0,65.6623213132133,,
2025-03-01,RBQ,LIVERPOOL HEART AND CHEST HOSPITAL NHS FOUNDATION TRUST,0,0,,,,0,0,0,65.6623213132133,,
2025-03-01,REM,LIVERPOOL UNIVERSITY HOSPITALS NHS FOUNDATION TRUST,608,486,79.93421052631578,6.35714285714286,22.6966666666667,0,0,0,65.6623213132133,14.271889213102483,53.0
2025-03-01,REP,LIVERPOOL WOMEN'S NHS FOUNDATION TRUST,0,0,,,,0,0,0,65.6623213132133,,
2025-03-01,R1K,LONDON NORTH WEST UNIVERSITY HEALTHCARE NHS TRUST,815,687,84.29447852760737,5.31159420289855,24.9818181818182,0,0,0,65.6623213132133,18.63215721439407,39.0
2025-03-01,RWF,MAIDSTONE AND TUNBRIDGE WELLS NHS TRUST,518,488,94.20849420849422,5.03030303030303,15.84,0,0,0,65.6623213132133,28.546172895280918,13.0
2025-03-01,R0A,MANCHESTER UNIVERSITY NHS FOUNDATION TRUST,1476,872,59.078590785907856,12.0666666666667,40.8109090909091,4,0,0,65.6623213132133,-6.583730527305441,90.0
2025-03-01,RPA,MEDWAY NHS FOUNDATION TRUST,3148,1150,36.53113087674714,24.8636363636364,51.0064,227,32,0,65.6623213132133,-29.131190436466156,119.0
2025-03-01,RBN,MERSEY AND WEST LANCASHIRE TEACHING HOSPITALS NHS TRUST,1441,843,58.50104094378904,12.9404761904762,39.8070588235294,22,0,0,65.6623213132133,-7.161280369424254,92.0
2025-03-01,RW4,MERSEY CARE NHS FOUNDATION TRUST,0,0,,,,0,0,0,65.6623213132133,,
2025-03-01,RAJ,MID AND SOUTH ESSEX NHS FOUNDATION TRUST,2743,1533,55.88771418155304,15.6688311688312,44.317037037037,42,0,0,65.6623213132133,-9.774607131660261,100.0
2025-03-01,RBT,MID CHESHIRE HOSPITALS NHS FOUNDATION TRUST,1098,450,40.98360655737705,22.6571428571429,47.56,52,5,0,65.6623213132133,-24.678714755836246,115.0
2025-03-01,RXF,MID YORKSHIRE TEACHING NHS TRUST,907,525,57.88313120176406,14.5,34.9066666666667,0,0,0,65.6623213132133,-7.779190111449239,95.0
2025-03-01,RRE,MIDLANDS PARTNERSHIP UNIVERSITY NHS FOUNDATION TRUST,4157,3994,96.0789030550878,2.36276595744681,12.56,2,0,0,65.6623213132133,30.41658174187451,9.0
2025-03-01,RD8,MILTON KEYNES UNIVERSITY HOSPITAL NHS FOUNDATION TRUST,808,211,26.113861386138616,28.64,49.0514285714286,46,0,0,65.6623213132133,-39.54845992707468,120.0
2025-03-01,RP6,MOORFIELDS EYE HOSPITAL NHS FOUNDATION TRUST,0,0,,,,0,0,0,65.6623213132133,,
2025-03-01,RM1,NORFOLK AND NORWICH UNIVERSITY HOSPITALS NHS FOUNDATION TRUST,809,688,85.04326328800988,5.80263157894737,24.3890909090909,0,0,0,65.6623213132133,19.380941974796585,36.0
2025-03-01,RVJ,NORTH BRISTOL NHS TRUST,754,610,80.90185676392572,7.73913043478261,23.6914285714286,0,0,0,65.6623213132133,15.239535450712424,49.0
2025-03-01,RNN,NORTH CUMBRIA INTEGRATED CARE NHS FOUNDATION TRUST,1230,680,55.28455284552846,16.03125,37.1454545454546,19,0,0,65.6623213132133,-10.377768467684838,101.0
2025-03-01,RVW,NORTH TEES AND HARTLEPOOL NHS FOUNDATION TRUST,568,430,75.70422535211267,8.79310344827586,26.14,1,0,0,65.6623213132133,10.041904038899375,60.0
2025-03-01,RGN,NORTH WEST ANGLIA NHS FOUNDATION TRUST,1817,823,45.29444138690148,20.6739130434783,52.5082352941177,154,0,0,65.6623213132133,-20.367879926311815,112.0
2025-03-01,RNS,NORTHAMPTON GENERAL HOSPITAL NHS TRUST,361,335,92.797783933518,6.56578947368421,17.52,0,0,0,65.6623213132133,27.135462620304708,17.0
2025-03-01,RM3,NORTHERN CARE ALLIANCE NHS FOUNDATION TRUST,2178,1301,59.733700642791554,14.5892857142857,38.9114285714286,24,0,0,65.6623213132133,-5.9286206704217435,89.0
2025-03-01,RJL,NORTHERN LINCOLNSHIRE AND GOOLE NHS FOUNDATION TRUST,930,524,56.344086021505376,15.5454545454545,34.3,0,0,0,65.6623213132133,-9.318235291707921,99.0
2025-03-01,RTF,NORTHUMBRIA HEALTHCARE NHS FOUNDATION TRUST,777,721,92.7927927927928,8.175,17.7066666666667,0,0,0,65.6623213132133,27.130471479579498,18.0
2025-03-01,RX1,NOTTINGHAM UNIVERSITY HOSPITALS NHS TRUST,790,531,67.21518987341773,9.74074074074074,29.0727272727273,1,0,0,65.6623213132133,1.5528685602044305,75.0
2025-03-01,RTH,OXFORD UNIVERSITY HOSPITALS NHS FOUNDATION TRUST,1677,1146,68.33631484794276,9.67424242424242,36.48,9,0,0,65.6623213132133,2.673993534729462,71.0
2025-03-01,RPG,OXLEAS NHS FOUNDATION TRUST,0,0,,,,0,0,0,65.6623213132133,,
2025-03-01,RHU,PORTSMOUTH HOSPITALS UNIVERSITY NATIONAL HEALTH SERVICE TRUST,286,285,99.65034965034964,1.77570093457944,7.44571428571429,0,0,0,65.6623213132133,33.98802833713634,3.0
2025-03-01,RPC,QUEEN VICTORIA HOSPITAL NHS FOUNDATION TRUST,41,39,95.1219512195122,5.8125,15.72,0,0,0,65.6623213132133,29.4596299062989,11.0
2025-03-01,RHW,ROYAL BERKSHIRE NHS FOUNDATION TRUST,261,216,82.75862068965517,8.25,21.7066666666667,0,0,0,65.6623213132133,17.096299376441877,45.0
2025-03-01,REF,ROYAL CORNWALL HOSPITALS NHS TRUST,687,656,95.48762736535662,6.17924528301887,15.5490909090909,0,0,0,65.6623213132133,29.82530605214332,10.0
2025-03-01,RH8,ROYAL DEVON UNIVERSITY HEALTHCARE NHS FOUNDATION TRUST,621,497,80.03220611916264,6.02173913043478,30.0533333333333,2,0,0,65.6623213132133,14.36988480594934,51.0
2025-03-01,RAL,ROYAL FREE LONDON NHS FOUNDATION TRUST,3350,1924,57.43283582089552,15.3804347826087,38.8648648648649,3,0,0,65.6623213132133,-8.229485492317778,96.0
2025-03-01,RAN,ROYAL NATIONAL ORTHOPAEDIC HOSPITAL NHS TRUST,162,135,83.33333333333334,7.33333333333333,23.04,1,1,0,65.6623213132133,17.671012020120045,42.0
2025-03-01,RGM,ROYAL PAPWORTH HOSPITAL NHS FOUNDATION TRUST,0,0,,,,0,0,0,65.6623213132133,,
2025-03-01,RA2,ROYAL SURREY COUNTY HOSPITAL NHS FOUNDATION TRUST,177,164,92.65536723163842,5.16666666666667,16.84,1,0,0,65.6623213132133,26.993045918425125,19.0
2025-03-01,RD1,ROYAL UNITED HOSPITALS BATH NHS FOUNDATION TRUST,1410,933,66.17021276595744,12.5925925925926,28.05,0,0,0,65.6623213132133,0.5078914527441469,78.0
2025-03-01,RNZ,SALISBURY NHS FOUNDATION TRUST,890,353,39.662921348314605,23.0,49.4,45,0,0,65.6623213132133,-25.999399964898693,116.0
2025-03-01,RXK,SANDWELL AND WEST BIRMINGHAM HOSPITALS NHS TRUST,559,489,87.47763864042933,5.6375,19.96,1,0,0,65.6623213132133,21.815317327216036,31.0
2025-03-01,RCU,SHEFFIELD CHILDREN'S NHS FOUNDATION TRUST,0,0,,,,0,0,0,65.6623213132133,,
2025-03-01,RHQ,SHEFFIELD TEACHING HOSPITALS NHS FOUNDATION TRUST,1360,1084,79.70588235294119,7.51612903225806,23.71,1,0,0,65.6623213132133,14.04356103972789,55.0
2025-03-01,RK5,SHERWOOD FOREST HOSPITALS NHS FOUNDATION TRUST,318,294,92.45283018867924,5.42307692307692,17.712,0,0,0,65.6623213132133,26.790508875465946,20.0
2025-03-01,R1D,SHROPSHIRE COMMUNITY HEALTH NHS TRUST,5,5,100.0,,,0,0,0,65.6623213132133,34.3376786867867,1.0
2025-03-01,RH5,SOMERSET NHS FOUNDATION TRUST,801,528,65.91760299625467,10.03125,31.992,3,0,0,65.6623213132133,0.25528168304137466,79.0
2025-03-01,RTR,SOUTH TEES HOSPITALS NHS FOUNDATION TRUST,1484,895,60.309973045822105,14.2307692307692,38.6369230769231,21,0,0,65.6623213132133,-5.352348267391193,87.0
2025-03-01,R0B,SOUTH TYNESIDE AND SUNDERLAND NHS FOUNDATION TRUST,1235,932,75.46558704453442,9.60909090909091,25.0631578947368,0,0,0,65.6623213132133,9.803265731321119,61.0
2025-03-01,RJC,SOUTH WARWICKSHIRE UNIVERSITY NHS FOUNDATION TRUST,476,406,85.29411764705883,7.2,25.73,1,0,0,65.6623213132133,19.63179633384553,35.0
2025-03-01,RXG,SOUTH WEST YORKSHIRE PARTNERSHIP NHS FOUNDATION TRUST,0,0,,,,0,0,0,65.6623213132133,,
2025-03-01,RJ7,ST GEORGE'S UNIVERSITY HOSPITALS NHS FOUNDATION TRUST,1197,887,74.10192147034252,8.5530303030303,30.324,12,1,0,65.6623213132133,8.43960015712922,65.0
2025-03-01,RWJ,STOCKPORT NHS FOUNDATION TRUST,1215,714,58.76543209876544,13.6304347826087,41.4833333333333,17,0,0,65.6623213132133,-6.89688921444786,91.0
2025-03-01,RTP,SURREY AND SUSSEX HEALTHCARE NHS TRUST,894,585,65.43624161073825,11.4137931034483,38.1233333333333,1,0,0,65.6623213132133,-0.22607970247504738,80.0
2025-03-01,RDR,SUSSEX COMMUNITY NHS FOUNDATION TRUST,403,375,93.05210918114145,5.82,17.6145454545455,0,0,0,65.6623213132133,27.38978786792815,16.0
2025-03-01,RMP,TAMESIDE AND GLOSSOP INTEGRATED CARE NHS FOUNDATION TRUST,318,294,92.45283018867924,6.35714285714286,17.7942857142857,0,0,0,65.6623213132133,26.790508875465946,20.0
2025-03-01,RBV,THE CHRISTIE NHS FOUNDATION TRUST,0,0,,,,0,0,0,65.6623213132133,,
2025-03-01,REN,THE CLATTERBRIDGE CANCER CENTRE NHS FOUNDATION TRUST,0,0,,,,0,0,0,65.6623213132133,,
2025-03-01,RNA,THE DUDLEY GROUP NHS FOUNDATION TRUST,749,505,67.42323097463284,8.77083333333333,33.0061538461539,2,0,0,65.6623213132133,1.7609096614195465,74.0
2025-03-01,RAS,THE HILLINGDON HOSPITALS NHS FOUNDATION TRUST,1030,238,23.106796116504853,28.7647058823529,47.6857142857143,42,0,0,65.6623213132133,-42.555525196708444,121.0
2025-03-01,RTD,THE NEWCASTLE UPON TYNE HOSPITALS NHS FOUNDATION TRUST,1080,913,84.53703703703704,8.19230769230769,24.36,4,0,0,65.6623213132133,18.87471572382374,38.0
2025-03-01,RQW,THE PRINCESS ALEXANDRA HOSPITAL NHS TRUST,1511,755,49.9669093315685,18.0142857142857,46.608,44,0,0,65.6623213132133,-15.695411981644796,106.0
2025-03-01,RCX,"THE QUEEN ELIZABETH HOSPITAL, KING'S LYNN, NHS FOUNDATION TRUST",919,426,46.354733405875955,20.34375,47.0925,14,0,0,65.6623213132133,-19.307587907337343,110.0
2025-03-01,RL1,THE ROBERT JONES AND AGNES HUNT ORTHOPAEDIC HOSPITAL NHS FOUNDATION TRUST,1714,640,37.33955659276546,24.6333333333333,49.255652173913,64,0,0,65.6623213132133,-28.322764720447836,118.0
2025-03-01,RFR,THE ROTHERHAM NHS FOUNDATION TRUST,844,708,83.88625592417061,10.16,21.72,0,0,0,65.6623213132133,18.223934610957315,41.0
2025-03-01,RPY,THE ROYAL MARSDEN NHS FOUNDATION TRUST,0,0,,,,0,0,0,65.6623213132133,,
2025-03-01,RRJ,THE ROYAL ORTHOPAEDIC HOSPITAL NHS FOUNDATION TRUST,0,0,,,,0,0,0,65.6623213132133,,
2025-03-01,RL4,THE ROYAL WOLVERHAMPTON NHS TRUST,2800,1335,47.67857142857143,19.078125,37.6724137931034,0,0,0,65.6623213132133,-17.983749884641867,109.0
2025-03-01,RXW,THE SHREWSBURY AND TELFORD HOSPITAL NHS TRUST,0,0,,,,0,0,0,65.6623213132133,,
2025-03-01,RET,THE WALTON CENTRE NHS FOUNDATION TRUST,0,0,,,,0,0,0,65.6623213132133,,
2025-03-01,RA9,TORBAY AND SOUTH DEVON NHS FOUNDATION TRUST,707,609,86.13861386138613,7.14473684210526,22.87,0,0,0,65.6623213132133,20.476292548172836,33.0
2025-03-01,RWD,UNITED LINCOLNSHIRE TEACHING HOSPITALS NHS TRUST,1788,790,44.183445190156604,20.8181818181818,45.99875,48,1,0,65.6623213132133,-21.478876123056693,114.0
2025-03-01,RRV,UNIVERSITY COLLEGE LONDON HOSPITALS NHS FOUNDATION TRUST,1409,745,52.87437899219305,17.0795454545455,42.656,39,0,0,65.6623213132133,-12.787942321020246,104.0
2025-03-01,RHM,UNIVERSITY HOSPITAL SOUTHAMPTON NHS FOUNDATION TRUST,703,571,81.22332859174965,8.31944444444444,25.46,0,0,0,65.6623213132133,15.561007278536351,47.0
2025-03-01,RRK,UNIVERSITY HOSPITALS BIRMINGHAM NHS FOUNDATION TRUST,703,620,88.19345661450924,5.62,21.1085714285714,0,0,0,65.6623213132133,22.531135301295947,29.0
2025-03-01,RA7,UNIVERSITY HOSPITALS BRISTOL AND WESTON NHS FOUNDATION TRUST,597,415,69.5142378559464,9.20833333333333,37.8733333333333,0,0,0,65.6623213132133,3.8519165427331075,70.0
2025-03-01,RKB,UNIVERSITY HOSPITALS COVENTRY AND WARWICKSHIRE NHS TRUST,888,700,78.82882882882883,8.95238095238095,25.8542857142857,0,0,0,65.6623213132133,13.166507515615535,58.0
2025-03-01,R0D,UNIVERSITY HOSPITALS DORSET NHS FOUNDATION TRUST,1163,900,77.38607050730867,9.15625,32.16,15,0,0,65.6623213132133,11.723749194095376,59.0
2025-03-01,RTG,UNIVERSITY HOSPITALS OF DERBY AND BURTON NHS FOUNDATION TRUST,2258,1314,58.19309123117803,14.4769230769231,43.2076190476191,18,0,0,65.6623213132133,-7.469230082035267,94.0
2025-03-01,RWE,UNIVERSITY HOSPITALS OF LEICESTER NHS TRUST,4096,2458,60.009765625,14.5546875,34.1316666666667,24,0,0,65.6623213132133,-5.6525556882132975,88.0
2025-03-01,RTX,UNIVERSITY HOSPITALS OF MORECAMBE BAY NHS FOUNDATION TRUST,700,631,90.14285714285715,5.875,19.1111111111111,1,0,0,65.6623213132133,24.480535829643856,24.0
2025-03-01,RJE,UNIVERSITY HOSPITALS OF NORTH MIDLANDS NHS TRUST,7,6,85.71428571428571,,,0,0,0,65.6623213132133,20.05196440107241,34.0
2025-03-01,RK9,UNIVERSITY HOSPITALS PLYMOUTH NHS TRUST,564,447,79.25531914893617,8.0625,23.788,2,0,0,65.6623213132133,13.59299783572287,56.0
2025-03-01,RYR,UNIVERSITY HOSPITALS SUSSEX NHS FOUNDATION TRUST,1970,877,44.51776649746193,20.6,50.8466666666667,144,0,0,65.6623213132133,-21.14455481575137,113.0
2025-03-01,RBK,WALSALL HEALTHCARE NHS TRUST,792,587,74.11616161616162,9.94444444444444,28.22,0,0,0,65.6623213132133,8.453840302948322,64.0
2025-03-01,RWW,WARRINGTON AND HALTON TEACHING HOSPITALS NHS FOUNDATION TRUST,796,490,61.55778894472361,12.8461538461538,31.5431578947368,2,0,0,65.6623213132133,-4.104532368489686,86.0
2025-03-01,RWG,WEST HERTFORDSHIRE TEACHING HOSPITALS NHS TRUST,530,449,84.71698113207547,7.44444444444444,23.12,2,0,0,65.6623213132133,19.054659818862177,37.0
2025-03-01,RGR,WEST SUFFOLK NHS FOUNDATION TRUST,287,258,89.89547038327527,3.3375,21.02,0,0,0,65.6623213132133,24.23314907006197,25.0
2025-03-01,RKE,WHITTINGTON HEALTH NHS TRUST,293,282,96.24573378839591,6.03333333333333,15.7966666666667,0,0,0,65.6623213132133,30.583412475182612,8.0
2025-03-01,RBL,WIRRAL UNIVERSITY TEACHING HOSPITAL NHS FOUNDATION TRUST,1097,528,48.13126709206928,19.0833333333333,44.8533333333333,31,0,0,65.6623213132133,-17.531054221144018,108.0
2025-03-01,RWP,WORCESTERSHIRE ACUTE HOSPITALS NHS TRUST,676,541,80.02958579881657,8.18518518518519,27.88,0,0,0,65.6623213132133,14.367264485603272,52.0
2025-03-01,RRF,"WRIGHTINGTON, WIGAN AND LEIGH NHS FOUNDATION TRUST",1139,772,67.77875329236171,10.9418604651163,28.9933333333333,0,0,0,65.6623213132133,2.116431979148416,72.0
2025-03-01,RLQ,WYE VALLEY NHS TRUST,547,369,67.45886654478977,11.0277777777778,35.655,4,0,0,65.6623213132133,1.7965452315764736,73.0
2025-03-01,RCB,YORK AND SCARBOROUGH TEACHING HOSPITALS NHS FOUNDATION TRUST,387,325,83.97932816537468,6.22,25.76,3,0,0,65.6623213132133,18.317006852161384,40.0
2025-04-01,RCF,AIREDALE NHS FOUNDATION TRUST,341,273,80.05865102639295,7.525,23.96,1,0,0,66.14287233433403,13.915778692058922,49.0
2025-04-01,RBS,ALDER HEY CHILDREN'S NHS FOUNDATION TRUST,0,0,,,,0,0,0,66.14287233433403,,
2025-04-01,RTK,ASHFORD AND ST PETER'S HOSPITALS NHS FOUNDATION TRUST,295,257,87.11864406779661,7.11904761904762,20.2,0,0,0,66.14287233433403,20.97577173346258,35.0
2025-04-01,RF4,"BARKING, HAVERING AND REDBRIDGE UNIVERSITY HOSPITALS NHS TRUST",458,411,89.73799126637554,4.77551020408163,20.84,0,0,0,66.14287233433403,23.595118932041515,25.0
2025-04-01,RFF,BARNSLEY HOSPITAL NHS FOUNDATION TRUST,361,354,98.06094182825484,5.19642857142857,13.224,0,0,0,66.14287233433403,31.91806949392081,7.0
2025-04-01,R1H,BARTS HEALTH NHS TRUST,1266,974,76.93522906793049,9.24,29.045,3,0,0,66.14287233433403,10.792356733596463,58.0
2025-04-01,RC9,BEDFORDSHIRE HOSPITALS NHS FOUNDATION TRUST,1233,815,66.09894566098946,10.2916666666667,36.468,10,0,0,66.14287233433403,-0.04392667334457201,78.0
2025-04-01,RWX,BERKSHIRE HEALTHCARE NHS FOUNDATION TRUST,0,0,,,,0,0,0,66.14287233433403,,
2025-04-01,RYW,BIRMINGHAM COMMUNITY HEALTHCARE NHS FOUNDATION TRUST,0,0,,,,0,0,0,66.14287233433403,,
2025-04-01,RQ3,BIRMINGHAM WOMEN'S AND CHILDREN'S NHS FOUNDATION TRUST,0,0,,,,0,0,0,66.14287233433403,,
2025-04-01,RXL,BLACKPOOL TEACHING HOSPITALS NHS FOUNDATION TRUST,814,457,56.14250614250614,14.2105263157895,38.5733333333333,1,0,0,66.14287233433403,-10.000366191827887,97.0
2025-04-01,RMC,BOLTON NHS FOUNDATION TRUST,423,373,88.17966903073287,7.46428571428571,20.645,1,0,0,66.14287233433403,22.036796696398838,31.0
2025-04-01,TAD,BRADFORD DISTRICT CARE NHS FOUNDATION TRUST,0,0,,,,0,0,0,66.14287233433403,,
2025-04-01,RAE,BRADFORD TEACHING HOSPITALS NHS FOUNDATION TRUST,540,473,87.5925925925926,6.8,21.2571428571429,0,0,0,66.14287233433403,21.449720258258566,33.0
2025-04-01,RXQ,BUCKINGHAMSHIRE HEALTHCARE NHS TRUST,1061,528,49.764373232799244,18.125,53.7717647058824,106,0,0,66.14287233433403,-16.378499101534786,108.0
2025-04-01,RWY,CALDERDALE AND HUDDERSFIELD NHS FOUNDATION TRUST,1072,643,59.98134328358209,13.7,32.2496,0,0,0,66.14287233433403,-6.161529050751938,89.0
2025-04-01,RGT,CAMBRIDGE UNIVERSITY HOSPITALS NHS FOUNDATION TRUST,1731,1336,77.18082033506644,8.54615384615385,25.544347826087,1,0,0,66.14287233433403,11.037948000732413,56.0
2025-04-01,RT1,CAMBRIDGESHIRE AND PETERBOROUGH NHS FOUNDATION TRUST,0,0,,,,0,0,0,66.14287233433403,,
2025-04-01,RQM,CHELSEA AND WESTMINSTER HOSPITAL NHS FOUNDATION TRUST,1263,884,69.99208234362628,10.2840909090909,28.698,0,0,0,66.14287233433403,3.84921000929225,74.0
2025-04-01,RFS,CHESTERFIELD ROYAL HOSPITAL NHS FOUNDATION TRUST,984,497,50.50813008130082,17.6428571428571,41.764,19,1,0,66.14287233433403,-15.63474225303321,107.0
2025-04-01,RJ8,CORNWALL PARTNERSHIP NHS FOUNDATION TRUST,0,0,,,,0,0,0,66.14287233433403,,
2025-04-01,RJR,COUNTESS OF CHESTER HOSPITAL NHS FOUNDATION TRUST,647,264,40.80370942812983,23.5,52.77,61,0,0,66.14287233433403,-25.3391629062042,117.0
2025-04-01,RXP,COUNTY DURHAM AND DARLINGTON NHS FOUNDATION TRUST,777,559,71.94337194337194,12.5,31.7028571428571,0,0,0,66.14287233433403,5.800499609037914,69.0
2025-04-01,RJ6,CROYDON HEALTH SERVICES NHS TRUST,1016,703,69.19291338582677,11.3243243243243,29.6046153846154,0,0,0,66.14287233433403,3.050041051492741,75.0
2025-04-01,RX4,"CUMBRIA, NORTHUMBERLAND, TYNE AND WEAR NHS FOUNDATION TRUST",0,0,,,,0,0,0,66.14287233433403,,
2025-04-01,RN7,DARTFORD AND GRAVESHAM NHS TRUST,0,0,,,,0,0,0,66.14287233433403,,
2025-04-01,RP5,DONCASTER AND BASSETLAW TEACHING HOSPITALS NHS FOUNDATION TRUST,947,535,56.49419218585005,14.9594594594595,31.9161904761905,0,0,0,66.14287233433403,-9.648680148483976,96.0
2025-04-01,RBD,DORSET COUNTY HOSPITAL NHS FOUNDATION TRUST,0,0,,,,0,0,0,66.14287233433403,,
2025-04-01,RWH,EAST AND NORTH HERTFORDSHIRE NHS TRUST,1024,570,55.6640625,15.5151515151515,34.34,5,0,0,66.14287233433403,-10.47880983433403,99.0
2025-04-01,RJN,EAST CHESHIRE NHS TRUST,0,0,,,,0,0,0,66.14287233433403,,
2025-04-01,RVV,EAST KENT HOSPITALS UNIVERSITY NHS FOUNDATION TRUST,3406,1444,42.39577216676453,22.4468085106383,46.9240677966102,76,0,0,66.14287233433403,-23.7471001675695,114.0
2025-04-01,RXR,EAST LANCASHIRE HOSPITALS NHS TRUST,1007,615,61.072492552135046,12.8636363636364,35.5854545454546,1,0,0,66.14287233433403,-5.070379782198984,85.0
2025-04-01,RDE,EAST SUFFOLK AND NORTH ESSEX NHS FOUNDATION TRUST,1536,1369,89.12760416666666,7.87128712871287,19.6184615384615,0,0,0,66.14287233433403,22.984731832332628,27.0
2025-04-01,RXC,EAST SUSSEX HEALTHCARE NHS TRUST,772,720,93.26424870466322,6.31506849315068,15.224,0,0,0,66.14287233433403,27.121376370329187,18.0
2025-04-01,RVR,EPSOM AND ST HELIER UNIVERSITY HOSPITALS NHS TRUST,553,416,75.22603978300181,9.23684210526316,28.952,9,1,0,66.14287233433403,9.08316744866778,62.0
2025-04-01,RDU,FRIMLEY HEALTH NHS FOUNDATION TRUST,659,585,88.77086494688923,6.65151515151515,20.38,0,0,0,66.14287233433403,22.627992612555204,28.0
2025-04-01,RR7,GATESHEAD HEALTH NHS FOUNDATION TRUST,564,356,63.12056737588653,13.375,28.588,0,0,0,66.14287233433403,-3.0223049584474992,82.0
2025-04-01,RLT,GEORGE ELIOT HOSPITAL NHS TRUST,274,263,95.98540145985402,5.28125,14.54,0,0,0,66.14287233433403,29.842529125519988,11.0
2025-04-01,RTE,GLOUCESTERSHIRE HOSPITALS NHS FOUNDATION TRUST,1124,735,65.39145907473309,11.3111111111111,33.1223529411765,0,0,0,66.14287233433403,-0.7514132596009375,80.0
2025-04-01,RP4,GREAT ORMOND STREET HOSPITAL FOR CHILDREN NHS FOUNDATION TRUST,0,0,,,,0,0,0,66.14287233433403,,
2025-04-01,RN3,GREAT WESTERN HOSPITALS NHS FOUNDATION TRUST,262,230,87.78625954198473,5.52,26.02,0,0,0,66.14287233433403,21.643387207650704,32.0
2025-04-01,RJ1,GUY'S AND ST THOMAS' NHS FOUNDATION TRUST,361,353,97.78393351800554,3.55263157894737,12.024,0,0,0,66.14287233433403,31.64106118367151,8.0
2025-04-01,RW1,HAMPSHIRE AND ISLE OF WIGHT HEALTHCARE NHS FOUNDATION TRUST,69,69,100.0,4.91666666666667,9.87,0,0,0,66.14287233433403,33.85712766566597,1.0
2025-04-01,RN5,HAMPSHIRE HOSPITALS NHS FOUNDATION TRUST,1808,932,51.54867256637168,16.84,46.2725,67,1,0,66.14287233433403,-14.594199767962351,106.0
2025-04-01,RCD,HARROGATE AND DISTRICT NHS FOUNDATION TRUST,358,320,89.3854748603352,8.0,19.42,0,0,0,66.14287233433403,23.242602526001164,26.0
2025-04-01,R1A,HEREFORDSHIRE AND WORCESTERSHIRE HEALTH AND CARE NHS TRUST,0,0,,,,0,0,0,66.14287233433403,,
2025-04-01,RQX,HOMERTON HEALTHCARE NHS FOUNDATION TRUST,153,151,98.69281045751634,3.39583333333333,7.82285714285715,0,0,0,66.14287233433403,32.549938123182315,6.0
2025-04-01,RWA,HULL UNIVERSITY TEACHING HOSPITALS NHS TRUST,940,662,70.42553191489361,9.84375,37.225,17,0,0,66.14287233433403,4.2826595805595815,72.0
2025-04-01,RYJ,IMPERIAL COLLEGE HEALTHCARE NHS TRUST,967,654,67.63185108583247,11.734375,34.72,6,0,0,66.14287233433403,1.4889787514984363,77.0
2025-04-01,R1F,ISLE OF WIGHT NHS TRUST,523,434,82.98279158699809,7.12162162162162,22.616,0,0,0,66.14287233433403,16.83991925266406,42.0
2025-04-01,RGP,JAMES PAGET UNIVERSITY HOSPITALS NHS FOUNDATION TRUST,372,335,90.05376344086021,6.7,20.12,1,0,0,66.14287233433403,23.91089110652618,24.0
2025-04-01,RYY,KENT COMMUNITY HEALTH NHS FOUNDATION TRUST,0,0,,,,0,0,0,66.14287233433403,,
2025-04-01,RNQ,KETTERING GENERAL HOSPITAL NHS FOUNDATION TRUST,1006,751,74.6520874751491,8.72881355932203,26.9657142857143,0,0,0,66.14287233433403,8.509215140815073,64.0
2025-04-01,RJZ,KING'S COLLEGE HOSPITAL NHS FOUNDATION TRUST,1233,1000,81.10300081103001,7.3375,25.4329411764706,0,0,0,66.14287233433403,14.960128476695985,46.0
2025-04-01,RAX,KINGSTON AND RICHMOND NHS FOUNDATION TRUST,540,535,99.07407407407408,6.36,13.7,0,0,0,66.14287233433403,32.93120173974005,5.0
2025-04-01,RW5,LANCASHIRE & SOUTH CUMBRIA NHS FOUNDATION TRUST,471,440,93.41825902335457,5.60576923076923,16.8423529411765,0,0,0,66.14287233433403,27.275386689020536,17.0
2025-04-01,RXN,LANCASHIRE TEACHING HOSPITALS NHS FOUNDATION TRUST,0,0,,,,0,0,0,66.14287233433403,,
2025-04-01,RY6,LEEDS COMMUNITY HEALTHCARE NHS TRUST,0,0,,,,0,0,0,66.14287233433403,,
2025-04-01,RR8,LEEDS TEACHING HOSPITALS NHS TRUST,2594,1901,73.28450269853508,9.09183673469388,27.6694339622642,0,0,0,66.14287233433403,7.141630364201049,66.0
2025-04-01,RJ2,LEWISHAM AND GREENWICH NHS TRUST,861,674,78.28106852497096,7.22826086956522,30.28,4,0,0,66.14287233433403,12.138196190636933,54.0
2025-04-01,RP7,LINCOLNSHIRE PARTNERSHIP NHS FOUNDATION TRUST,0,0,,,,0,0,0,66.14287233433403,,
2025-04-01,RBQ,LIVERPOOL HEART AND CHEST HOSPITAL NHS FOUNDATION TRUST,0,0,,,,0,0,0,66.14287233433403,,
2025-04-01,REM,LIVERPOOL UNIVERSITY HOSPITALS NHS FOUNDATION TRUST,638,512,80.25078369905955,7.29032258064516,24.1088888888889,1,0,0,66.14287233433403,14.107911364725524,48.0
2025-04-01,REP,LIVERPOOL WOMEN'S NHS FOUNDATION TRUST,0,0,,,,0,0,0,66.14287233433403,,
2025-04-01,R1K,LONDON NORTH WEST UNIVERSITY HEALTHCARE NHS TRUST,733,626,85.40245566166439,6.11,23.3371428571429,1,0,0,66.14287233433403,19.25958332733036,40.0
2025-04-01,RWF,MAIDSTONE AND TUNBRIDGE WELLS NHS TRUST,543,530,97.60589318600368,5.54761904761905,12.956,0,0,0,66.14287233433403,31.463020851669654,9.0
2025-04-01,R0A,MANCHESTER UNIVERSITY NHS FOUNDATION TRUST,1469,885,60.24506466984343,11.1607142857143,40.6295652173913,1,0,0,66.14287233433403,-5.8978076644906,87.0
2025-04-01,RPA,MEDWAY NHS FOUNDATION TRUST,3104,1214,39.11082474226804,24.134328358209,48.1376470588235,145,1,0,66.14287233433403,-27.032047592065986,118.0
2025-04-01,RBN,MERSEY AND WEST LANCASHIRE TEACHING HOSPITALS NHS TRUST,1433,819,57.15282623866015,14.25,41.6430769230769,29,0,0,66.14287233433403,-8.990046095673883,95.0
2025-04-01,RW4,MERSEY CARE NHS FOUNDATION TRUST,0,0,,,,0,0,0,66.14287233433403,,
2025-04-01,RAJ,MID AND SOUTH ESSEX NHS FOUNDATION TRUST,3015,1632,54.12935323383085,15.6011235955056,44.4,40,0,0,66.14287233433403,-12.013519100503181,102.0
2025-04-01,RBT,MID CHESHIRE HOSPITALS NHS FOUNDATION TRUST,1061,440,41.470311027332706,22.1730769230769,44.4577777777778,45,13,0,66.14287233433403,-24.672561307001324,115.0
2025-04-01,RXF,MID YORKSHIRE TEACHING NHS TRUST,864,531,61.458333333333336,13.0833333333333,35.4114285714286,0,0,0,66.14287233433403,-4.684539001000694,84.0
2025-04-01,RRE,MIDLANDS PARTNERSHIP UNIVERSITY NHS FOUNDATION TRUST,4051,3898,96.22315477659838,3.18350168350168,13.1233333333333,2,0,0,66.14287233433403,30.080282442264348,10.0
2025-04-01,RD8,MILTON KEYNES UNIVERSITY HOSPITAL NHS FOUNDATION TRUST,750,166,22.133333333333333,31.0454545454545,49.8333333333333,43,0,0,66.14287233433403,-44.0095390010007,120.0
2025-04-01,RP6,MOORFIELDS EYE HOSPITAL NHS FOUNDATION TRUST,0,0,,,,0,0,0,66.14287233433403,,
2025-04-01,RM1,NORFOLK AND NORWICH UNIVERSITY HOSPITALS NHS FOUNDATION TRUST,855,756,88.42105263157895,5.84328358208955,22.325,2,0,0,66.14287233433403,22.278180297244916,30.0
2025-04-01,RVJ,NORTH BRISTOL NHS TRUST,857,673,78.52975495915986,8.078125,26.2033333333333,0,0,0,66.14287233433403,12.38688262482583,51.0
2025-04-01,RNN,NORTH CUMBRIA INTEGRATED CARE NHS FOUNDATION TRUST,1229,650,52.88852725793328,16.625,37.52,15,0,0,66.14287233433403,-13.254345076400746,105.0
2025-04-01,RVW,NORTH TEES AND HARTLEPOOL NHS FOUNDATION TRUST,574,448,78.04878048780488,8.68421052631579,28.5644444444444,1,0,0,66.14287233433403,11.905908153470847,55.0
2025-04-01,RGN,NORTH WEST ANGLIA NHS FOUNDATION TRUST,1931,956,49.508026929052306,18.296875,53.776,182,0,0,66.14287233433403,-16.634845405281723,109.0
2025-04-01,RNS,NORTHAMPTON GENERAL HOSPITAL NHS TRUST,442,413,93.43891402714932,5.93548387096774,16.2733333333333,0,0,0,66.14287233433403,27.296041692815294,16.0
2025-04-01,RM3,NORTHERN CARE ALLIANCE NHS FOUNDATION TRUST,2173,1297,59.68706856879889,13.6904761904762,40.8773333333333,33,0,0,66.14287233433403,-6.455803765535137,90.0
2025-04-01,RJL,NORTHERN LINCOLNSHIRE AND GOOLE NHS FOUNDATION TRUST,930,509,54.73118279569893,14.8333333333333,33.5846153846154,0,0,0,66.14287233433403,-11.411689538635102,101.0
2025-04-01,RTF,NORTHUMBRIA HEALTHCARE NHS FOUNDATION TRUST,778,727,93.44473007712082,8.27027027027027,17.438,0,0,0,66.14287233433403,27.301857742786794,15.0
2025-04-01,RX1,NOTTINGHAM UNIVERSITY HOSPITALS NHS TRUST,800,503,62.875,11.7894736842105,30.9230769230769,0,0,0,66.14287233433403,-3.2678723343340295,83.0
2025-04-01,RTH,OXFORD UNIVERSITY HOSPITALS NHS FOUNDATION TRUST,1517,1108,73.03889255108767,9.91791044776119,35.4044444444445,7,0,0,66.14287233433403,6.896020216753641,67.0
2025-04-01,RPG,OXLEAS NHS FOUNDATION TRUST,0,0,,,,0,0,0,66.14287233433403,,
2025-04-01,RHU,PORTSMOUTH HOSPITALS UNIVERSITY NHS TRUST,356,353,99.15730337078652,3.31034482758621,8.28,0,0,0,66.14287233433403,33.01443103645249,4.0
2025-04-01,RPC,QUEEN VICTORIA HOSPITAL NHS FOUNDATION TRUST,41,41,100.0,8.25,12.72,0,0,0,66.14287233433403,33.85712766566597,1.0
2025-04-01,RHW,ROYAL BERKSHIRE NHS FOUNDATION TRUST,363,301,82.92011019283747,6.31666666666667,21.98,0,0,0,66.14287233433403,16.77723785850344,43.0
2025-04-01,REF,ROYAL CORNWALL HOSPITALS NHS TRUST,676,639,94.5266272189349,6.08,15.7377777777778,0,0,0,66.14287233433403,28.383754884600876,12.0
2025-04-01,RH8,ROYAL DEVON UNIVERSITY HEALTHCARE NHS FOUNDATION TRUST,678,532,78.46607669616519,6.93103448275862,28.7933333333333,0,0,0,66.14287233433403,12.32320436183116,53.0
2025-04-01,RAL,ROYAL FREE LONDON NHS FOUNDATION TRUST,3414,1911,55.975395430579965,14.7752808988764,40.402962962963,5,0,0,66.14287233433403,-10.167476903754064,98.0
2025-04-01,RAN,ROYAL NATIONAL ORTHOPAEDIC HOSPITAL NHS TRUST,137,111,81.02189781021897,7.68181818181818,26.0133333333333,1,1,0,66.14287233433403,14.879025475884944,47.0
2025-04-01,RGM,ROYAL PAPWORTH HOSPITAL NHS FOUNDATION TRUST,0,0,,,,0,0,0,66.14287233433403,,
2025-04-01,RA2,ROYAL SURREY COUNTY HOSPITAL NHS FOUNDATION TRUST,168,147,87.5,5.45454545454545,20.8533333333333,2,0,0,66.14287233433403,21.35712766566597,34.0
2025-04-01,RD1,ROYAL UNITED HOSPITALS BATH NHS FOUNDATION TRUST,1534,991,64.60234680573663,12.6271186440678,28.4630303030303,0,0,0,66.14287233433403,-1.5405255285973993,81.0
2025-04-01,RNZ,SALISBURY NHS FOUNDATION TRUST,991,433,43.69323915237134,23.0384615384615,52.2861538461539,83,0,0,66.14287233433403,-22.44963318196269,113.0
2025-04-01,RXK,SANDWELL AND WEST BIRMINGHAM HOSPITALS NHS TRUST,532,487,91.54135338345864,6.3448275862069,18.305,0,0,0,66.14287233433403,25.398481049124612,21.0
2025-04-01,RCU,SHEFFIELD CHILDREN'S NHS FOUNDATION TRUST,0,0,,,,0,0,0,66.14287233433403,,
2025-04-01,RHQ,SHEFFIELD TEACHING HOSPITALS NHS FOUNDATION TRUST,1324,1003,75.75528700906344,8.76,24.4488888888889,0,0,0,66.14287233433403,9.612414674729408,60.0
2025-04-01,RK5,SHERWOOD FOREST HOSPITALS NHS FOUNDATION TRUST,280,258,92.14285714285714,7.0,17.8,0,0,0,66.14287233433403,25.99998480852311,19.0
2025-04-01,R1D,SHROPSHIRE COMMUNITY HEALTH NHS TRUST,7,7,100.0,,,0,0,0,66.14287233433403,33.85712766566597,1.0
2025-04-01,RH5,SOMERSET NHS FOUNDATION TRUST,846,559,66.07565011820331,10.3513513513514,33.664,4,1,0,66.14287233433403,-0.0672222161307161,79.0
2025-04-01,RTR,SOUTH TEES HOSPITALS NHS FOUNDATION TRUST,1561,951,60.92248558616271,13.6818181818182,38.8507692307692,27,2,0,66.14287233433403,-5.220386748171322,86.0
2025-04-01,R0B,SOUTH TYNESIDE AND SUNDERLAND NHS FOUNDATION TRUST,1283,964,75.13639906469213,9.64893617021277,24.63625,0,0,0,66.14287233433403,8.993526730358099,63.0
2025-04-01,RJC,SOUTH WARWICKSHIRE UNIVERSITY NHS FOUNDATION TRUST,488,419,85.86065573770492,7.72,26.5657142857143,1,0,0,66.14287233433403,19.717783403370888,39.0
2025-04-01,RXG,SOUTH WEST YORKSHIRE PARTNERSHIP NHS FOUNDATION TRUST,0,0,,,,0,0,0,66.14287233433403,,
2025-04-01,RJ7,ST GEORGE'S UNIVERSITY HOSPITALS NHS FOUNDATION TRUST,1251,911,72.82174260591526,9.79838709677419,31.3015384615385,9,4,0,66.14287233433403,6.678870271581232,68.0
2025-04-01,RWJ,STOCKPORT NHS FOUNDATION TRUST,1212,702,57.920792079207914,13.8,41.56,21,0,0,66.14287233433403,-8.222080255126116,92.0
2025-04-01,RTP,SURREY AND SUSSEX HEALTHCARE NHS TRUST,960,678,70.625,9.96491228070176,38.0181818181818,0,0,0,66.14287233433403,4.4821276656659705,71.0
2025-04-01,RDR,SUSSEX COMMUNITY NHS FOUNDATION TRUST,399,377,94.48621553884712,5.91025641025641,14.908,0,0,0,66.14287233433403,28.34334320451309,13.0
2025-04-01,RMP,TAMESIDE AND GLOSSOP INTEGRATED CARE NHS FOUNDATION TRUST,352,323,91.76136363636364,7.65217391304348,18.21,0,0,0,66.14287233433403,25.61849130202961,20.0
2025-04-01,RBV,THE CHRISTIE NHS FOUNDATION TRUST,0,0,,,,0,0,0,66.14287233433403,,
2025-04-01,REN,THE CLATTERBRIDGE CANCER CENTRE NHS FOUNDATION TRUST,0,0,,,,0,0,0,66.14287233433403,,
2025-04-01,RNA,THE DUDLEY GROUP NHS FOUNDATION TRUST,835,616,73.77245508982035,7.73214285714286,31.65,3,0,0,66.14287233433403,7.629582755486325,65.0
2025-04-01,RAS,THE HILLINGDON HOSPITALS NHS FOUNDATION TRUST,964,198,20.539419087136928,30.037037037037,49.4925,50,0,0,66.14287233433403,-45.6034532471971,121.0
2025-04-01,RTD,THE NEWCASTLE UPON TYNE HOSPITALS NHS FOUNDATION TRUST,1066,837,78.51782363977486,9.5609756097561,24.2866666666667,2,1,0,66.14287233433403,12.374951305440831,52.0
2025-04-01,RQW,THE PRINCESS ALEXANDRA HOSPITAL NHS TRUST,1611,792,49.162011173184354,18.3292682926829,45.39,51,0,0,66.14287233433403,-16.980861161149676,110.0
2025-04-01,RCX,"THE QUEEN ELIZABETH HOSPITAL, KING'S LYNN, NHS FOUNDATION TRUST",903,404,44.73975636766335,20.425,46.838,13,0,0,66.14287233433403,-21.403115966670683,112.0
2025-04-01,RL1,THE ROBERT JONES AND AGNES HUNT ORTHOPAEDIC HOSPITAL NHS FOUNDATION TRUST,1658,598,36.06755126658625,24.9411764705882,48.9136842105263,68,0,0,66.14287233433403,-30.07532106774778,119.0
2025-04-01,RFR,THE ROTHERHAM NHS FOUNDATION TRUST,854,735,86.0655737704918,9.39024390243902,21.0425,0,0,0,66.14287233433403,19.922701436157766,38.0
2025-04-01,RPY,THE ROYAL MARSDEN NHS FOUNDATION TRUST,0,0,,,,0,0,0,66.14287233433403,,
2025-04-01,RRJ,THE ROYAL ORTHOPAEDIC HOSPITAL NHS FOUNDATION TRUST,0,0,,,,0,0,0,66.14287233433403,,
2025-04-01,RL4,THE ROYAL WOLVERHAMPTON NHS TRUST,2522,1339,53.09278350515464,16.2553191489362,35.3433333333333,2,0,0,66.14287233433403,-13.050088829179387,103.0
2025-04-01,RXW,THE SHREWSBURY AND TELFORD HOSPITAL NHS TRUST,0,0,,,,0,0,0,66.14287233433403,,
2025-04-01,RET,THE WALTON CENTRE NHS FOUNDATION TRUST,0,0,,,,0,0,0,66.14287233433403,,
2025-04-01,RA9,TORBAY AND SOUTH DEVON NHS FOUNDATION TRUST,804,698,86.81592039800995,7.92982456140351,22.36,0,0,0,66.14287233433403,20.67304806367592,37.0
2025-04-01,RWD,UNITED LINCOLNSHIRE TEACHING HOSPITALS NHS TRUST,1757,718,40.8651109846329,21.6354166666667,47.4290909090909,51,1,0,66.14287233433403,-25.27776134970113,116.0
2025-04-01,RRV,UNIVERSITY COLLEGE LONDON HOSPITALS NHS FOUNDATION TRUST,1428,758,53.0812324929972,15.8108108108108,42.384,35,0,0,66.14287233433403,-13.061639841336827,104.0
2025-04-01,RHM,UNIVERSITY HOSPITAL SOUTHAMPTON NHS FOUNDATION TRUST,809,660,81.58220024721878,8.04285714285714,23.056,1,0,0,66.14287233433403,15.43932791288475,45.0
2025-04-01,RRK,UNIVERSITY HOSPITALS BIRMINGHAM NHS FOUNDATION TRUST,757,671,88.63936591809775,6.54878048780488,21.4184615384615,2,0,0,66.14287233433403,22.496493583763723,29.0
2025-04-01,RA7,UNIVERSITY HOSPITALS BRISTOL AND WESTON NHS FOUNDATION TRUST,571,401,70.2276707530648,9.05,37.8866666666667,0,0,0,66.14287233433403,4.08479841873077,73.0
2025-04-01,RKB,UNIVERSITY HOSPITALS COVENTRY AND WARWICKSHIRE NHS TRUST,904,697,77.10176991150442,9.36363636363636,26.28,0,0,0,66.14287233433403,10.95889757717039,57.0
2025-04-01,R0D,UNIVERSITY HOSPITALS DORSET NHS FOUNDATION TRUST,1236,940,76.05177993527508,9.23404255319149,31.6866666666667,13,0,0,66.14287233433403,9.908907600941049,59.0
2025-04-01,RTG,UNIVERSITY HOSPITALS OF DERBY AND BURTON NHS FOUNDATION TRUST,2255,1296,57.472283813747225,13.7985074626866,44.4076923076923,12,0,0,66.14287233433403,-8.670588520586804,94.0
2025-04-01,RWE,UNIVERSITY HOSPITALS OF LEICESTER NHS TRUST,4168,2446,58.685220729366605,14.1418439716312,32.9771428571429,14,0,0,66.14287233433403,-7.457651604967424,91.0
2025-04-01,RTX,UNIVERSITY HOSPITALS OF MORECAMBE BAY NHS FOUNDATION TRUST,699,638,91.27324749642347,5.84868421052632,19.2369230769231,1,0,0,66.14287233433403,25.130375162089436,22.0
2025-04-01,RJE,UNIVERSITY HOSPITALS OF NORTH MIDLANDS NHS TRUST,5,3,60.0,,,0,0,0,66.14287233433403,-6.1428723343340295,88.0
2025-04-01,RK9,UNIVERSITY HOSPITALS PLYMOUTH NHS TRUST,607,485,79.9011532125206,8.70454545454546,24.0488888888889,1,0,0,66.14287233433403,13.758280878186568,50.0
2025-04-01,RYR,UNIVERSITY HOSPITALS SUSSEX NHS FOUNDATION TRUST,2022,916,45.30168150346192,20.4864864864865,52.53875,179,0,0,66.14287233433403,-20.841190830872108,111.0
2025-04-01,RBK,WALSALL HEALTHCARE NHS TRUST,796,599,75.25125628140702,10.5789473684211,28.4836363636364,0,0,0,66.14287233433403,9.108383947072994,61.0
2025-04-01,RWW,WARRINGTON AND HALTON TEACHING HOSPITALS NHS FOUNDATION TRUST,822,474,57.66423357664233,13.64,34.36,1,0,0,66.14287233433403,-8.478638757691698,93.0
2025-04-01,RWG,WEST HERTFORDSHIRE TEACHING HOSPITALS NHS TRUST,572,498,87.06293706293707,7.17948717948718,24.04,2,0,0,66.14287233433403,20.920064728603037,36.0
2025-04-01,RGR,WEST SUFFOLK NHS FOUNDATION TRUST,315,295,93.65079365079364,4.7125,14.1333333333333,1,0,0,66.14287233433403,27.507921316459615,14.0
2025-04-01,RKE,WHITTINGTON HEALTH NHS TRUST,346,314,90.7514450867052,6.57142857142857,18.432,0,0,0,66.14287233433403,24.608572752371174,23.0
2025-04-01,RBL,WIRRAL UNIVERSITY TEACHING HOSPITAL NHS FOUNDATION TRUST,918,503,54.79302832244009,14.6153846153846,46.4725,23,1,0,66.14287233433403,-11.349844011893943,100.0
2025-04-01,RWP,WORCESTERSHIRE ACUTE HOSPITALS NHS TRUST,646,547,84.6749226006192,6.97368421052632,25.83,0,0,0,66.14287233433403,18.532050266285168,41.0
2025-04-01,RRF,"WRIGHTINGTON, WIGAN AND LEIGH NHS FOUNDATION TRUST",1143,814,71.21609798775154,10.6630434782609,29.6066666666667,0,0,0,66.14287233433403,5.073225653417509,70.0
2025-04-01,RLQ,WYE VALLEY NHS TRUST,610,413,67.70491803278689,11.0,36.0222222222222,2,0,0,66.14287233433403,1.562045698452863,76.0
2025-04-01,RCB,YORK AND SCARBOROUGH TEACHING HOSPITALS NHS FOUNDATION TRUST,380,315,82.89473684210526,6.1,24.2,0,0,0,66.14287233433403,16.75186450777123,44.0
2025-05-01,RCF,AIREDALE NHS FOUNDATION TRUST,382,316,82.72251308900523,8.11764705882353,25.944,0,0,0,67.6566327453269,15.06588034367833,47.0
2025-05-01,RBS,ALDER HEY CHILDREN'S NHS FOUNDATION TRUST,0,0,,,,0,0,0,67.6566327453269,,
2025-05-01,RTK,ASHFORD AND ST PETER'S HOSPITALS NHS FOUNDATION TRUST,296,259,87.5,6.18181818181818,20.664,0,0,0,67.6566327453269,19.843367254673097,39.0
2025-05-01,RF4,"BARKING, HAVERING AND REDBRIDGE UNIVERSITY HOSPITALS NHS TRUST",472,420,88.98305084745762,5.33333333333333,21.848,1,1,0,67.6566327453269,21.326418102130717,32.0
2025-05-01,RFF,BARNSLEY HOSPITAL NHS FOUNDATION TRUST,423,413,97.63593380614657,5.58888888888889,13.3511111111111,0,0,0,67.6566327453269,29.979301060819665,8.0
2025-05-01,R1H,BARTS HEALTH NHS TRUST,1270,965,75.98425196850394,8.3695652173913,31.54,3,0,0,67.6566327453269,8.327619223177038,63.0
2025-05-01,RC9,BEDFORDSHIRE HOSPITALS NHS FOUNDATION TRUST,1068,870,81.46067415730337,8.03389830508475,30.956,9,0,0,67.6566327453269,13.80404141197647,49.0
2025-05-01,RWX,BERKSHIRE HEALTHCARE NHS FOUNDATION TRUST,0,0,,,,0,0,0,67.6566327453269,,
2025-05-01,RYW,BIRMINGHAM COMMUNITY HEALTHCARE NHS FOUNDATION TRUST,0,0,,,,0,0,0,67.6566327453269,,
2025-05-01,RQ3,BIRMINGHAM WOMEN'S AND CHILDREN'S NHS FOUNDATION TRUST,0,0,,,,0,0,0,67.6566327453269,,
2025-05-01,RXL,BLACKPOOL TEACHING HOSPITALS NHS FOUNDATION TRUST,747,454,60.776439089692104,14.6739130434783,35.024,5,0,0,67.6566327453269,-6.880193655634798,87.0
2025-05-01,RMC,BOLTON NHS FOUNDATION TRUST,351,339,96.58119658119658,6.22916666666667,14.48,0,0,0,67.6566327453269,28.924563835869677,9.0
2025-05-01,TAD,BRADFORD DISTRICT CARE NHS FOUNDATION TRUST,0,0,,,,0,0,0,67.6566327453269,,
2025-05-01,RAE,BRADFORD TEACHING HOSPITALS NHS FOUNDATION TRUST,527,476,90.32258064516128,7.375,19.4057142857143,0,0,0,67.6566327453269,22.66594789983438,27.0
2025-05-01,RXQ,BUCKINGHAMSHIRE HEALTHCARE NHS TRUST,1093,574,52.516010978957,16.8809523809524,54.856,116,0,0,67.6566327453269,-15.140621766369904,105.0
2025-05-01,RWY,CALDERDALE AND HUDDERSFIELD NHS FOUNDATION TRUST,1111,668,60.12601260126013,14.3382352941176,34.46,1,0,0,67.6566327453269,-7.5306201440667735,89.0
2025-05-01,RGT,CAMBRIDGE UNIVERSITY HOSPITALS NHS FOUNDATION TRUST,1754,1392,79.36145952109464,8.17910447761194,25.1116666666667,0,0,0,67.6566327453269,11.704826775767742,55.0
2025-05-01,RT1,CAMBRIDGESHIRE AND PETERBOROUGH NHS FOUNDATION TRUST,0,0,,,,0,0,0,67.6566327453269,,
2025-05-01,RQM,CHELSEA AND WESTMINSTER HOSPITAL NHS FOUNDATION TRUST,1344,928,69.04761904761905,11.9666666666667,30.9105882352941,0,0,0,67.6566327453269,1.3909863022921485,77.0
2025-05-01,RFS,CHESTERFIELD ROYAL HOSPITAL NHS FOUNDATION TRUST,1018,515,50.58939096267191,17.6666666666667,43.7136842105263,14,0,0,67.6566327453269,-17.067241782654996,108.0
2025-05-01,RJ8,CORNWALL PARTNERSHIP NHS FOUNDATION TRUST,0,0,,,,0,0,0,67.6566327453269,,
2025-05-01,RJR,COUNTESS OF CHESTER HOSPITAL NHS FOUNDATION TRUST,690,270,39.130434782608695,26.0,57.15,94,3,0,67.6566327453269,-28.526197962718207,118.0
2025-05-01,RXP,COUNTY DURHAM AND DARLINGTON NHS FOUNDATION TRUST,720,550,76.38888888888889,12.0975609756098,27.2181818181818,0,0,0,67.6566327453269,8.732256143561983,62.0
2025-05-01,RJ6,CROYDON HEALTH SERVICES NHS TRUST,1019,710,69.67615309126595,12.1826923076923,30.7094736842105,1,0,0,67.6566327453269,2.0195203459390427,76.0
2025-05-01,RX4,"CUMBRIA, NORTHUMBERLAND, TYNE AND WEAR NHS FOUNDATION TRUST",0,0,,,,0,0,0,67.6566327453269,,
2025-05-01,RN7,DARTFORD AND GRAVESHAM NHS TRUST,0,0,,,,0,0,0,67.6566327453269,,
2025-05-01,RP5,DONCASTER AND BASSETLAW TEACHING HOSPITALS NHS FOUNDATION TRUST,1032,619,59.98062015503876,14.5714285714286,32.6459259259259,0,0,0,67.6566327453269,-7.6760125902881455,90.0
2025-05-01,RBD,DORSET COUNTY HOSPITAL NHS FOUNDATION TRUST,0,0,,,,0,0,0,67.6566327453269,,
2025-05-01,RWH,EAST AND NORTH HERTFORDSHIRE NHS TRUST,1047,592,56.5425023877746,15.2678571428571,34.2492307692308,7,0,0,67.6566327453269,-11.114130357552305,99.0
2025-05-01,RJN,EAST CHESHIRE NHS TRUST,0,0,,,,0,0,0,67.6566327453269,,
2025-05-01,RVV,EAST KENT HOSPITALS UNIVERSITY NHS FOUNDATION TRUST,3378,1497,44.316163410301954,20.96875,47.7453846153846,62,0,0,67.6566327453269,-23.34046933502495,113.0
2025-05-01,RXR,EAST LANCASHIRE HOSPITALS NHS TRUST,964,590,61.20331950207469,12.8780487804878,37.0517647058824,4,0,0,67.6566327453269,-6.453313243252211,86.0
2025-05-01,RDE,EAST SUFFOLK AND NORTH ESSEX NHS FOUNDATION TRUST,1643,1461,88.92270237370663,8.60555555555556,19.6163636363636,0,0,0,67.6566327453269,21.266069628379725,33.0
2025-05-01,RXC,EAST SUSSEX HEALTHCARE NHS TRUST,822,772,93.91727493917274,7.05882352941176,16.48,1,0,0,67.6566327453269,26.26064219384584,18.0
2025-05-01,RVR,EPSOM AND ST HELIER UNIVERSITY HOSPITALS NHS TRUST,593,430,72.51264755480608,10.425,31.2844444444444,10,2,0,67.6566327453269,4.856014809479177,71.0
2025-05-01,RDU,FRIMLEY HEALTH NHS FOUNDATION TRUST,617,555,89.9513776337115,5.95714285714286,19.16,0,0,0,67.6566327453269,22.2947448883846,29.0
2025-05-01,RR7,GATESHEAD HEALTH NHS FOUNDATION TRUST,539,325,60.29684601113172,15.0833333333333,30.4066666666667,0,0,0,67.6566327453269,-7.359786734195183,88.0
2025-05-01,RLT,GEORGE ELIOT HOSPITAL NHS TRUST,280,266,95.0,4.93103448275862,14.92,0,0,0,67.6566327453269,27.343367254673097,15.0
2025-05-01,RTE,GLOUCESTERSHIRE HOSPITALS NHS FOUNDATION TRUST,1123,749,66.69634906500445,12.1285714285714,34.858,0,0,0,67.6566327453269,-0.9602836803224477,81.0
2025-05-01,RP4,GREAT ORMOND STREET HOSPITAL FOR CHILDREN NHS FOUNDATION TRUST,0,0,,,,0,0,0,67.6566327453269,,
2025-05-01,RN3,GREAT WESTERN HOSPITALS NHS FOUNDATION TRUST,260,239,91.92307692307692,5.27777777777778,18.05,0,0,0,67.6566327453269,24.266444177750017,23.0
2025-05-01,RJ1,GUY'S AND ST THOMAS' NHS FOUNDATION TRUST,309,295,95.46925566343042,4.07352941176471,13.056,0,0,0,67.6566327453269,27.812622918103514,11.0
2025-05-01,RW1,HAMPSHIRE AND ISLE OF WIGHT HEALTHCARE NHS FOUNDATION TRUST,83,83,100.0,4.5,9.72666666666667,0,0,0,67.6566327453269,32.3433672546731,1.0
2025-05-01,RN5,HAMPSHIRE HOSPITALS NHS FOUNDATION TRUST,1840,951,51.684782608695656,17.0882352941176,46.8533333333333,86,1,0,67.6566327453269,-15.971850136631247,106.0
2025-05-01,RCD,HARROGATE AND DISTRICT NHS FOUNDATION TRUST,369,338,91.59891598915989,7.58,18.4933333333333,0,0,0,67.6566327453269,23.94228324383299,24.0
2025-05-01,R1A,HEREFORDSHIRE AND WORCESTERSHIRE HEALTH AND CARE NHS TRUST,0,0,,,,0,0,0,67.6566327453269,,
2025-05-01,RQX,HOMERTON HEALTHCARE NHS FOUNDATION TRUST,173,172,99.42196531791907,2.91935483870968,10.4514285714286,0,0,0,67.6566327453269,31.765332572592172,5.0
2025-05-01,RWA,HULL UNIVERSITY TEACHING HOSPITALS NHS TRUST,965,696,72.12435233160622,10.3970588235294,36.76,15,0,0,67.6566327453269,4.4677195862793155,72.0
2025-05-01,RYJ,IMPERIAL COLLEGE HEALTHCARE NHS TRUST,947,648,68.42661034846886,11.95,34.3742857142857,5,0,0,67.6566327453269,0.7699776031419532,79.0
2025-05-01,R1F,ISLE OF WIGHT NHS TRUST,506,445,87.94466403162056,7.06451612903226,19.9466666666667,0,0,0,67.6566327453269,20.28803128629366,37.0
2025-05-01,RGP,JAMES PAGET UNIVERSITY HOSPITALS NHS FOUNDATION TRUST,356,333,93.53932584269663,7.22727272727273,16.304,2,0,0,67.6566327453269,25.882693097369724,20.0
2025-05-01,RYY,KENT COMMUNITY HEALTH NHS FOUNDATION TRUST,0,0,,,,0,0,0,67.6566327453269,,
2025-05-01,RNQ,KETTERING GENERAL HOSPITAL NHS FOUNDATION TRUST,994,715,71.93158953722335,9.91666666666667,29.2254545454545,0,0,0,67.6566327453269,4.274956791896443,74.0
2025-05-01,RJZ,KING'S COLLEGE HOSPITAL NHS FOUNDATION TRUST,1171,934,79.76088812980359,8.01063829787234,27.165,3,0,0,67.6566327453269,12.104255384476687,53.0
2025-05-01,RAX,KINGSTON AND RICHMOND NHS FOUNDATION TRUST,547,522,95.42961608775137,6.925,13.3854545454545,0,0,0,67.6566327453269,27.772983342424467,13.0
2025-05-01,RW5,LANCASHIRE & SOUTH CUMBRIA NHS FOUNDATION TRUST,511,435,85.12720156555773,8.38888888888889,20.5295238095238,0,0,0,67.6566327453269,17.470568820230824,46.0
2025-05-01,RXN,LANCASHIRE TEACHING HOSPITALS NHS FOUNDATION TRUST,0,0,,,,0,0,0,67.6566327453269,,
2025-05-01,RY6,LEEDS COMMUNITY HEALTHCARE NHS TRUST,0,0,,,,0,0,0,67.6566327453269,,
2025-05-01,RR8,LEEDS TEACHING HOSPITALS NHS TRUST,2633,1950,74.06000759589821,10.0867346938776,29.3445161290323,0,0,0,67.6566327453269,6.403374850571311,69.0
2025-05-01,RJ2,LEWISHAM AND GREENWICH NHS TRUST,832,637,76.5625,8.15,32.7771428571429,9,0,0,67.6566327453269,8.905867254673097,61.0
2025-05-01,RP7,LINCOLNSHIRE PARTNERSHIP NHS FOUNDATION TRUST,0,0,,,,0,0,0,67.6566327453269,,
2025-05-01,RBQ,LIVERPOOL HEART AND CHEST HOSPITAL NHS FOUNDATION TRUST,0,0,,,,0,0,0,67.6566327453269,,
2025-05-01,REM,LIVERPOOL UNIVERSITY HOSPITALS NHS FOUNDATION TRUST,629,515,81.87599364069952,9.05,23.312,0,0,0,67.6566327453269,14.219360895372617,48.0
2025-05-01,REP,LIVERPOOL WOMEN'S NHS FOUNDATION TRUST,0,0,,,,0,0,0,67.6566327453269,,
2025-05-01,R1K,LONDON NORTH WEST UNIVERSITY HEALTHCARE NHS TRUST,788,698,88.57868020304569,6.12903225806452,20.745,0,0,0,67.6566327453269,20.92204745771879,34.0
2025-05-01,RWF,MAIDSTONE AND TUNBRIDGE WELLS NHS TRUST,553,542,98.01084990958408,6.24418604651163,12.32,0,0,0,67.6566327453269,30.35421716425718,7.0
2025-05-01,R0A,MANCHESTER UNIVERSITY NHS FOUNDATION TRUST,1411,866,61.374911410347266,11.0555555555556,41.1413333333333,0,0,0,67.6566327453269,-6.281721334979636,85.0
2025-05-01,RPA,MEDWAY NHS FOUNDATION TRUST,3093,1312,42.418364047849984,24.6282051282051,48.1646153846154,96,1,1,67.6566327453269,-25.23826869747692,116.0
2025-05-01,RBN,MERSEY AND WEST LANCASHIRE TEACHING HOSPITALS NHS TRUST,1385,746,53.86281588447653,16.2166666666667,42.6,41,2,0,67.6566327453269,-13.79381686085037,104.0
2025-05-01,RW4,MERSEY CARE NHS FOUNDATION TRUST,0,0,,,,0,0,0,67.6566327453269,,
2025-05-01,RAJ,MID AND SOUTH ESSEX NHS FOUNDATION TRUST,2916,1661,56.96159122085048,14.5606060606061,46.5312820512821,58,1,0,67.6566327453269,-10.695041524476423,97.0
2025-05-01,RBT,MID CHESHIRE HOSPITALS NHS FOUNDATION TRUST,1009,432,42.81466798810703,21.85,45.52,36,11,0,67.6566327453269,-24.84196475721987,114.0
2025-05-01,RXF,MID YORKSHIRE TEACHING NHS TRUST,836,500,59.80861244019139,14.9375,35.695,0,0,0,67.6566327453269,-7.848020305135513,91.0
2025-05-01,RRE,MIDLANDS PARTNERSHIP UNIVERSITY NHS FOUNDATION TRUST,3892,3715,95.45220966084275,4.46710526315789,13.6287323943662,1,0,0,67.6566327453269,27.795576915515852,12.0
2025-05-01,RD8,MILTON KEYNES UNIVERSITY HOSPITAL NHS FOUNDATION TRUST,780,194,24.871794871794872,28.9545454545455,49.56,34,1,0,67.6566327453269,-42.78483787353203,119.0
2025-05-01,RP6,MOORFIELDS EYE HOSPITAL NHS FOUNDATION TRUST,0,0,,,,0,0,0,67.6566327453269,,
2025-05-01,RM1,NORFOLK AND NORWICH UNIVERSITY HOSPITALS NHS FOUNDATION TRUST,865,779,90.05780346820809,7.15178571428571,21.95,3,0,0,67.6566327453269,22.40117072288119,28.0
2025-05-01,RVJ,NORTH BRISTOL NHS TRUST,994,785,78.9738430583501,9.09523809523809,28.29,0,0,0,67.6566327453269,11.317210313023196,57.0
2025-05-01,RNN,NORTH CUMBRIA INTEGRATED CARE NHS FOUNDATION TRUST,1227,661,53.87123064384678,16.3194444444444,37.8338461538462,5,0,0,67.6566327453269,-13.785402101480123,103.0
2025-05-01,RVW,NORTH TEES AND HARTLEPOOL NHS FOUNDATION TRUST,551,430,78.0399274047187,9.68055555555556,32.2433333333333,0,0,0,67.6566327453269,10.383294659391794,59.0
2025-05-01,RGN,NORTH WEST ANGLIA NHS FOUNDATION TRUST,1731,803,46.3893703061814,19.8589743589744,53.2511111111111,151,0,0,67.6566327453269,-21.267262439145505,109.0
2025-05-01,RNS,NORTHAMPTON GENERAL HOSPITAL NHS TRUST,448,419,93.52678571428571,6.32432432432432,17.145,0,0,0,67.6566327453269,25.870152968958806,21.0
2025-05-01,RM3,NORTHERN CARE ALLIANCE NHS FOUNDATION TRUST,2190,1385,63.242009132420094,13.46875,40.8,40,0,0,67.6566327453269,-4.414623612906809,83.0
2025-05-01,RJL,NORTHERN LINCOLNSHIRE AND GOOLE NHS FOUNDATION TRUST,916,518,56.55021834061136,15.4857142857143,35.0553846153846,0,0,0,67.6566327453269,-11.106414404715544,98.0
2025-05-01,RTF,NORTHUMBRIA HEALTHCARE NHS FOUNDATION TRUST,871,815,93.57060849598163,8.125,17.0228571428571,0,0,0,67.6566327453269,25.91397575065473,19.0
2025-05-01,RX1,NOTTINGHAM UNIVERSITY HOSPITALS NHS TRUST,840,576,68.57142857142857,10.3703703703704,30.5428571428572,1,0,0,67.6566327453269,0.9147958261016669,78.0
2025-05-01,RTH,OXFORD UNIVERSITY HOSPITALS NHS FOUNDATION TRUST,1310,982,74.9618320610687,9.54794520547945,33.1333333333333,8,0,0,67.6566327453269,7.3051993157418025,68.0
2025-05-01,RPG,OXLEAS NHS FOUNDATION TRUST,0,0,,,,0,0,0,67.6566327453269,,
2025-05-01,RHU,PORTSMOUTH HOSPITALS UNIVERSITY NHS TRUST,430,429,99.76744186046511,2.80597014925373,7.9,0,0,0,67.6566327453269,32.11080911513821,4.0
2025-05-01,RPC,QUEEN VICTORIA HOSPITAL NHS FOUNDATION TRUST,53,53,100.0,6.75,14.752,0,0,0,67.6566327453269,32.3433672546731,1.0
2025-05-01,RHW,ROYAL BERKSHIRE NHS FOUNDATION TRUST,438,400,91.32420091324201,6.93333333333333,19.1371428571429,0,0,0,67.6566327453269,23.667568167915107,26.0
2025-05-01,REF,ROYAL CORNWALL HOSPITALS NHS TRUST,685,647,94.45255474452556,5.67592592592593,16.7454545454545,0,0,0,67.6566327453269,26.795921999198654,16.0
2025-05-01,RH8,ROYAL DEVON UNIVERSITY HEALTHCARE NHS FOUNDATION TRUST,721,579,80.30513176144244,7.78409090909091,28.7733333333334,1,0,0,67.6566327453269,12.648499016115537,52.0
2025-05-01,RAL,ROYAL FREE LONDON NHS FOUNDATION TRUST,3453,2025,58.644656820156385,14.3072289156626,41.4936842105263,5,0,0,67.6566327453269,-9.011975925170518,94.0
2025-05-01,RAN,ROYAL NATIONAL ORTHOPAEDIC HOSPITAL NHS TRUST,144,127,88.19444444444444,7.58333333333333,24.296,1,1,0,67.6566327453269,20.53781169911754,35.0
2025-05-01,RGM,ROYAL PAPWORTH HOSPITAL NHS FOUNDATION TRUST,0,0,,,,0,0,0,67.6566327453269,,
2025-05-01,RA2,ROYAL SURREY COUNTY HOSPITAL NHS FOUNDATION TRUST,157,137,87.26114649681529,5.6875,24.1466666666667,2,0,0,67.6566327453269,19.604513751488383,42.0
2025-05-01,RD1,ROYAL UNITED HOSPITALS BATH NHS FOUNDATION TRUST,1619,1045,64.54601605929587,12.0957446808511,30.7788235294118,0,0,0,67.6566327453269,-3.1106166860310367,82.0
2025-05-01,RNZ,SALISBURY NHS FOUNDATION TRUST,981,437,44.54638124362895,20.5434782608696,51.47,70,0,0,67.6566327453269,-23.110251501697952,111.0
2025-05-01,RXK,SANDWELL AND WEST BIRMINGHAM HOSPITALS NHS TRUST,656,576,87.8048780487805,7.1063829787234,20.2707692307692,1,0,0,67.6566327453269,20.148245303453592,38.0
2025-05-01,RCU,SHEFFIELD CHILDREN'S NHS FOUNDATION TRUST,0,0,,,,0,0,0,67.6566327453269,,
2025-05-01,RHQ,SHEFFIELD TEACHING HOSPITALS NHS FOUNDATION TRUST,1287,1020,79.25407925407926,9.34459459459459,24.9542857142857,1,0,0,67.6566327453269,11.597446508752355,56.0
2025-05-01,RK5,SHERWOOD FOREST HOSPITALS NHS FOUNDATION TRUST,260,250,96.15384615384616,6.92307692307692,15.85,0,0,0,67.6566327453269,28.497213408519258,10.0
2025-05-01,R1D,SHROPSHIRE COMMUNITY HEALTH NHS TRUST,10,10,100.0,,,0,0,0,67.6566327453269,32.3433672546731,1.0
2025-05-01,RH5,SOMERSET NHS FOUNDATION TRUST,838,559,66.70644391408115,11.4814814814815,34.9933333333333,5,1,0,67.6566327453269,-0.9501888312457538,80.0
2025-05-01,RTR,SOUTH TEES HOSPITALS NHS FOUNDATION TRUST,1539,913,59.32423651721898,15.0288461538462,38.6133333333333,16,1,0,67.6566327453269,-8.332396228107925,93.0
2025-05-01,R0B,SOUTH TYNESIDE AND SUNDERLAND NHS FOUNDATION TRUST,1306,980,75.03828483920367,10.04,24.584,0,0,0,67.6566327453269,7.381652093876767,67.0
2025-05-01,RJC,SOUTH WARWICKSHIRE UNIVERSITY NHS FOUNDATION TRUST,535,468,87.4766355140187,8.57692307692308,27.1,1,0,0,67.6566327453269,19.820002768691793,40.0
2025-05-01,RXG,SOUTH WEST YORKSHIRE PARTNERSHIP NHS FOUNDATION TRUST,0,0,,,,0,0,0,67.6566327453269,,
2025-05-01,RJ7,ST GEORGE'S UNIVERSITY HOSPITALS NHS FOUNDATION TRUST,1254,968,77.19298245614034,10.1016949152542,31.1786666666667,5,1,0,67.6566327453269,9.53634971081344,60.0
2025-05-01,RWJ,STOCKPORT NHS FOUNDATION TRUST,1273,745,58.523173605655934,13.7857142857143,42.0773333333333,22,0,0,67.6566327453269,-9.133459139670968,95.0
2025-05-01,RTP,SURREY AND SUSSEX HEALTHCARE NHS TRUST,794,621,78.21158690176321,11.0789473684211,35.06,0,0,0,67.6566327453269,10.55495415643631,58.0
2025-05-01,RDR,SUSSEX COMMUNITY NHS FOUNDATION TRUST,429,403,93.93939393939394,7.56944444444444,16.668,1,1,0,67.6566327453269,26.282761194067035,17.0
2025-05-01,RMP,TAMESIDE AND GLOSSOP INTEGRATED CARE NHS FOUNDATION TRUST,355,328,92.3943661971831,7.65909090909091,17.65,0,0,0,67.6566327453269,24.7377334518562,22.0
2025-05-01,RBV,THE CHRISTIE NHS FOUNDATION TRUST,0,0,,,,0,0,0,67.6566327453269,,
2025-05-01,REN,THE CLATTERBRIDGE CANCER CENTRE NHS FOUNDATION TRUST,0,0,,,,0,0,0,67.6566327453269,,
2025-05-01,RNA,THE DUDLEY GROUP NHS FOUNDATION TRUST,818,616,75.30562347188264,8.51219512195122,30.695,0,0,0,67.6566327453269,7.648990726555738,64.0
2025-05-01,RAS,THE HILLINGDON HOSPITALS NHS FOUNDATION TRUST,982,222,22.606924643584524,30.2222222222222,49.7775,51,0,0,67.6566327453269,-45.04970810174238,120.0
2025-05-01,RTD,THE NEWCASTLE UPON TYNE HOSPITALS NHS FOUNDATION TRUST,982,738,75.15274949083503,10.5434782608696,25.4973913043478,0,0,0,67.6566327453269,7.496116745508132,66.0
2025-05-01,RQW,THE PRINCESS ALEXANDRA HOSPITAL NHS TRUST,1756,903,51.42369020501138,17.3589743589744,44.076,47,0,0,67.6566327453269,-16.23294254031552,107.0
2025-05-01,RCX,"THE QUEEN ELIZABETH HOSPITAL, KING'S LYNN, NHS FOUNDATION TRUST",907,403,44.432194046306506,20.5526315789474,47.9133333333333,29,0,0,67.6566327453269,-23.224438699020396,112.0
2025-05-01,RL1,THE ROBERT JONES AND AGNES HUNT ORTHOPAEDIC HOSPITAL NHS FOUNDATION TRUST,1531,608,39.712606139777925,23.921875,44.152,55,1,0,67.6566327453269,-27.944026605548977,117.0
2025-05-01,RFR,THE ROTHERHAM NHS FOUNDATION TRUST,906,787,86.86534216335541,10.3055555555556,19.9771428571429,0,0,0,67.6566327453269,19.208709418028505,43.0
2025-05-01,RPY,THE ROYAL MARSDEN NHS FOUNDATION TRUST,0,0,,,,0,0,0,67.6566327453269,,
2025-05-01,RRJ,THE ROYAL ORTHOPAEDIC HOSPITAL NHS FOUNDATION TRUST,0,0,,,,0,0,0,67.6566327453269,,
2025-05-01,RL4,THE ROYAL WOLVERHAMPTON NHS TRUST,2087,1240,59.415428845232384,14.8469387755102,33.6209523809524,0,0,0,67.6566327453269,-8.241203900094519,92.0
2025-05-01,RXW,THE SHREWSBURY AND TELFORD HOSPITAL NHS TRUST,0,0,,,,0,0,0,67.6566327453269,,
2025-05-01,RET,THE WALTON CENTRE NHS FOUNDATION TRUST,0,0,,,,0,0,0,67.6566327453269,,
2025-05-01,RA9,TORBAY AND SOUTH DEVON NHS FOUNDATION TRUST,830,712,85.78313253012048,9.02564102564103,23.46,0,0,0,67.6566327453269,18.12649978479358,45.0
2025-05-01,RWD,UNITED LINCOLNSHIRE TEACHING HOSPITALS NHS TRUST,1787,759,42.47341913822048,23.1078431372549,48.2126315789474,86,0,0,67.6566327453269,-25.183213607106424,115.0
2025-05-01,RRV,UNIVERSITY COLLEGE LONDON HOSPITALS NHS FOUNDATION TRUST,1416,784,55.367231638418076,16.2045454545455,43.3813333333333,35,1,0,67.6566327453269,-12.289401106908826,101.0
2025-05-01,RHM,UNIVERSITY HOSPITAL SOUTHAMPTON NHS FOUNDATION TRUST,828,667,80.55555555555556,9.61904761904762,24.6145454545455,1,0,0,67.6566327453269,12.898922810228655,51.0
2025-05-01,RRK,UNIVERSITY HOSPITALS BIRMINGHAM NHS FOUNDATION TRUST,802,715,89.15211970074813,7.53703703703704,20.8066666666667,1,0,0,67.6566327453269,21.495486955421228,31.0
2025-05-01,RA7,UNIVERSITY HOSPITALS BRISTOL AND WESTON NHS FOUNDATION TRUST,609,439,72.08538587848933,9.3695652173913,38.028,0,0,0,67.6566327453269,4.428753133162431,73.0
2025-05-01,RKB,UNIVERSITY HOSPITALS COVENTRY AND WARWICKSHIRE NHS TRUST,967,727,75.18097207859358,9.96341463414634,27.864,1,0,0,67.6566327453269,7.524339333266681,65.0
2025-05-01,R0D,UNIVERSITY HOSPITALS DORSET NHS FOUNDATION TRUST,1020,826,80.98039215686275,6.68627450980392,32.2666666666667,16,0,0,67.6566327453269,13.323759411535846,50.0
2025-05-01,RTG,UNIVERSITY HOSPITALS OF DERBY AND BURTON NHS FOUNDATION TRUST,2097,1314,62.66094420600859,13.5819672131148,44.162,29,0,0,67.6566327453269,-4.995688539318316,84.0
2025-05-01,RWE,UNIVERSITY HOSPITALS OF LEICESTER NHS TRUST,4246,2482,58.45501648610457,15.2597402597403,33.6294444444444,20,0,0,67.6566327453269,-9.201616259222334,96.0
2025-05-01,RTX,UNIVERSITY HOSPITALS OF MORECAMBE BAY NHS FOUNDATION TRUST,739,675,91.33964817320704,6.13235294117647,18.3753846153846,0,0,0,67.6566327453269,23.683015427880136,25.0
2025-05-01,RJE,UNIVERSITY HOSPITALS OF NORTH MIDLANDS NHS TRUST,0,0,,,,0,0,0,67.6566327453269,,
2025-05-01,RK9,UNIVERSITY HOSPITALS PLYMOUTH NHS TRUST,628,500,79.61783439490446,8.55555555555556,25.72,0,0,0,67.6566327453269,11.96120164957756,54.0
2025-05-01,RYR,UNIVERSITY HOSPITALS SUSSEX NHS FOUNDATION TRUST,1964,893,45.46843177189409,20.2647058823529,53.7339130434783,183,4,0,67.6566327453269,-22.188200973432814,110.0
2025-05-01,RBK,WALSALL HEALTHCARE NHS TRUST,799,572,71.58948685857321,11.82,27.18,0,0,0,67.6566327453269,3.9328541132463073,75.0
2025-05-01,RWW,WARRINGTON AND HALTON TEACHING HOSPITALS NHS FOUNDATION TRUST,836,461,55.14354066985646,15.4210526315789,37.4707692307692,1,0,0,67.6566327453269,-12.51309207547044,102.0
2025-05-01,RWG,WEST HERTFORDSHIRE TEACHING HOSPITALS NHS TRUST,555,495,89.1891891891892,8.41428571428571,21.8,0,0,0,67.6566327453269,21.53255644386229,30.0
2025-05-01,RGR,WEST SUFFOLK NHS FOUNDATION TRUST,356,339,95.2247191011236,6.15,13.304,1,0,0,67.6566327453269,27.568086355796694,14.0
2025-05-01,RKE,WHITTINGTON HEALTH NHS TRUST,279,274,98.2078853046595,7.04545454545455,15.468,0,0,0,67.6566327453269,30.551252559332596,6.0
2025-05-01,RBL,WIRRAL UNIVERSITY TEACHING HOSPITAL NHS FOUNDATION TRUST,957,538,56.21734587251829,15.5952380952381,47.5366666666667,27,1,0,67.6566327453269,-11.439286872808616,100.0
2025-05-01,RWP,WORCESTERSHIRE ACUTE HOSPITALS NHS TRUST,652,570,87.42331288343557,7.79661016949153,20.9466666666667,0,0,0,67.6566327453269,19.76668013810867,41.0
2025-05-01,RRF,"WRIGHTINGTON, WIGAN AND LEIGH NHS FOUNDATION TRUST",1103,802,72.7107887579329,10.8796296296296,30.888,1,0,0,67.6566327453269,5.054156012606001,70.0
2025-05-01,RLQ,WYE VALLEY NHS TRUST,522,460,88.12260536398468,8.64,20.81,0,0,0,67.6566327453269,20.465972618657773,36.0
2025-05-01,RCB,YORK AND SCARBOROUGH TEACHING HOSPITALS NHS FOUNDATION TRUST,422,364,86.25592417061611,5.80645161290323,23.905,1,0,0,67.6566327453269,18.59929142528921,44.0
2025-06-01,RCF,AIREDALE NHS FOUNDATION TRUST,395,325,82.27848101265823,7.28260869565217,23.8,0,0,0,68.4865548618762,13.791926150782032,49.0
2025-06-01,RBS,ALDER HEY CHILDREN'S NHS FOUNDATION TRUST,0,0,,,,0,0,0,68.4865548618762,,
2025-06-01,RTK,ASHFORD AND ST PETER'S HOSPITALS NHS FOUNDATION TRUST,395,351,88.86075949367088,5.80882352941176,22.0666666666667,1,0,0,68.4865548618762,20.374204631794683,37.0
2025-06-01,RF4,"BARKING, HAVERING AND REDBRIDGE UNIVERSITY HOSPITALS NHS TRUST",455,399,87.6923076923077,3.93421052631579,21.8666666666667,0,0,0,68.4865548618762,19.205752830431493,40.0
2025-06-01,RFF,BARNSLEY HOSPITAL NHS FOUNDATION TRUST,445,427,95.95505617977528,7.59615384615385,16.2,0,0,0,68.4865548618762,27.468501317899083,12.0
2025-06-01,R1H,BARTS HEALTH NHS TRUST,1232,952,77.27272727272727,8.28571428571429,33.0366666666667,2,1,0,68.4865548618762,8.786172410851066,60.0
2025-06-01,RC9,BEDFORDSHIRE HOSPITALS NHS FOUNDATION TRUST,951,819,86.1198738170347,7.45,27.184,2,0,0,68.4865548618762,17.6333189551585,42.0
2025-06-01,RWX,BERKSHIRE HEALTHCARE NHS FOUNDATION TRUST,0,0,,,,0,0,0,68.4865548618762,,
2025-06-01,RYW,BIRMINGHAM COMMUNITY HEALTHCARE NHS FOUNDATION TRUST,0,0,,,,0,0,0,68.4865548618762,,
2025-06-01,RQ3,BIRMINGHAM WOMEN'S AND CHILDREN'S NHS FOUNDATION TRUST,0,0,,,,0,0,0,68.4865548618762,,
2025-06-01,RXL,BLACKPOOL TEACHING HOSPITALS NHS FOUNDATION TRUST,839,495,58.99880810488677,15.109375,36.388,8,0,0,68.4865548618762,-9.48774675698943,95.0
2025-06-01,RMC,BOLTON NHS FOUNDATION TRUST,305,299,98.0327868852459,6.73076923076923,13.975,0,0,0,68.4865548618762,29.546232023369697,8.0
2025-06-01,TAD,BRADFORD DISTRICT CARE NHS FOUNDATION TRUST,0,0,,,,0,0,0,68.4865548618762,,
2025-06-01,RAE,BRADFORD TEACHING HOSPITALS NHS FOUNDATION TRUST,566,506,89.39929328621908,6.21212121212121,19.544,0,0,0,68.4865548618762,20.912738424342876,36.0
2025-06-01,RXQ,BUCKINGHAMSHIRE HEALTHCARE NHS TRUST,1019,539,52.89499509322866,16.875,53.79,101,0,0,68.4865548618762,-15.591559768647542,108.0
2025-06-01,RWY,CALDERDALE AND HUDDERSFIELD NHS FOUNDATION TRUST,1152,680,59.02777777777778,14.8461538461538,34.9226666666667,2,0,0,68.4865548618762,-9.458777084098422,94.0
2025-06-01,RGT,CAMBRIDGE UNIVERSITY HOSPITALS NHS FOUNDATION TRUST,1823,1430,78.44212835984641,8.02083333333333,26.058,0,0,0,68.4865548618762,9.955573497970207,58.0
2025-06-01,RT1,CAMBRIDGESHIRE AND PETERBOROUGH NHS FOUNDATION TRUST,0,0,,,,0,0,0,68.4865548618762,,
2025-06-01,RQM,CHELSEA AND WESTMINSTER HOSPITAL NHS FOUNDATION TRUST,1470,997,67.82312925170068,12.4186046511628,32.1411764705882,0,0,0,68.4865548618762,-0.6634256101755227,80.0
2025-06-01,RFS,CHESTERFIELD ROYAL HOSPITAL NHS FOUNDATION TRUST,1003,507,50.54835493519442,17.6333333333333,44.84,8,0,0,68.4865548618762,-17.938199926681783,111.0
2025-06-01,RJ8,CORNWALL PARTNERSHIP NHS FOUNDATION TRUST,0,0,,,,0,0,0,68.4865548618762,,
2025-06-01,RJR,COUNTESS OF CHESTER HOSPITAL NHS FOUNDATION TRUST,777,336,43.24324324324324,22.9722222222222,59.76,124,19,0,68.4865548618762,-25.24331161863296,116.0
2025-06-01,RXP,COUNTY DURHAM AND DARLINGTON NHS FOUNDATION TRUST,768,553,72.00520833333334,13.25,27.5933333333333,0,0,0,68.4865548618762,3.5186534714571422,75.0
2025-06-01,RJ6,CROYDON HEALTH SERVICES NHS TRUST,1037,735,70.87753134040501,11.9857142857143,27.7290909090909,1,0,0,68.4865548618762,2.3909764785288132,76.0
2025-06-01,RX4,"CUMBRIA, NORTHUMBERLAND, TYNE AND WEAR NHS FOUNDATION TRUST",0,0,,,,0,0,0,68.4865548618762,,
2025-06-01,RN7,DARTFORD AND GRAVESHAM NHS TRUST,0,0,,,,0,0,0,68.4865548618762,,
2025-06-01,RP5,DONCASTER AND BASSETLAW TEACHING HOSPITALS NHS FOUNDATION TRUST,1025,652,63.609756097560975,12.1964285714286,31.4666666666667,1,0,0,68.4865548618762,-4.876798764315225,87.0
2025-06-01,RBD,DORSET COUNTY HOSPITAL NHS FOUNDATION TRUST,1,1,100.0,,,0,0,0,68.4865548618762,31.5134451381238,1.0
2025-06-01,RWH,EAST AND NORTH HERTFORDSHIRE NHS TRUST,1027,643,62.6095423563778,13.9107142857143,33.256,4,0,0,68.4865548618762,-5.877012505498399,90.0
2025-06-01,RJN,EAST CHESHIRE NHS TRUST,1,0,0.0,,,0,0,0,68.4865548618762,-68.4865548618762,122.0
2025-06-01,RVV,EAST KENT HOSPITALS UNIVERSITY NHS FOUNDATION TRUST,3421,1576,46.06840105232388,20.06875,46.7208163265306,61,0,0,68.4865548618762,-22.418153809552322,113.0
2025-06-01,RXR,EAST LANCASHIRE HOSPITALS NHS TRUST,907,564,62.18302094818081,13.7291666666667,37.805,1,0,0,68.4865548618762,-6.303533913695389,92.0
2025-06-01,RDE,EAST SUFFOLK AND NORTH ESSEX NHS FOUNDATION TRUST,1720,1457,84.70930232558139,9.22077922077922,21.1454545454545,0,0,0,68.4865548618762,16.22274746370519,46.0
2025-06-01,RXC,EAST SUSSEX HEALTHCARE NHS TRUST,842,779,92.51781472684085,6.31372549019608,17.7577777777778,0,0,0,68.4865548618762,24.031259864964653,23.0
2025-06-01,RVR,EPSOM AND ST HELIER UNIVERSITY HOSPITALS NHS TRUST,633,446,70.45813586097947,10.6333333333333,32.7657142857143,11,1,0,68.4865548618762,1.9715809991032671,77.0
2025-06-01,RDU,FRIMLEY HEALTH NHS FOUNDATION TRUST,652,598,91.71779141104295,6.34285714285714,18.2044444444444,0,0,0,68.4865548618762,23.231236549166752,28.0
2025-06-01,RR7,GATESHEAD HEALTH NHS FOUNDATION TRUST,512,319,62.3046875,14.2857142857143,31.36,0,0,0,68.4865548618762,-6.181867361876201,91.0
2025-06-01,RLT,GEORGE ELIOT HOSPITAL NHS TRUST,266,254,95.48872180451127,5.44444444444444,15.965,0,0,0,68.4865548618762,27.00216694263507,14.0
2025-06-01,RTE,GLOUCESTERSHIRE HOSPITALS NHS FOUNDATION TRUST,1138,767,67.39894551845342,10.7741935483871,32.6327272727273,0,0,0,68.4865548618762,-1.087609343422784,81.0
2025-06-01,RP4,GREAT ORMOND STREET HOSPITAL FOR CHILDREN NHS FOUNDATION TRUST,0,0,,,,0,0,0,68.4865548618762,,
2025-06-01,RN3,GREAT WESTERN HOSPITALS NHS FOUNDATION TRUST,282,266,94.32624113475178,4.63157894736842,15.11,1,0,0,68.4865548618762,25.839686272875582,17.0
2025-06-01,RJ1,GUY'S AND ST THOMAS' NHS FOUNDATION TRUST,324,312,96.29629629629629,3.13953488372093,12.68,0,0,0,68.4865548618762,27.80974143442009,10.0
2025-06-01,RW1,HAMPSHIRE AND ISLE OF WIGHT HEALTHCARE NHS FOUNDATION TRUST,79,79,100.0,3.72222222222222,8.89333333333334,0,0,0,68.4865548618762,31.5134451381238,1.0
2025-06-01,RN5,HAMPSHIRE HOSPITALS NHS FOUNDATION TRUST,1843,980,53.17417254476398,16.758064516129,44.7976470588235,56,2,0,68.4865548618762,-15.312382317112224,107.0
2025-06-01,RCD,HARROGATE AND DISTRICT NHS FOUNDATION TRUST,345,317,91.88405797101449,6.625,18.1,0,0,0,68.4865548618762,23.397503109138285,27.0
2025-06-01,R1A,HEREFORDSHIRE AND WORCESTERSHIRE HEALTH AND CARE NHS TRUST,0,0,,,,0,0,0,68.4865548618762,,
2025-06-01,RQX,HOMERTON HEALTHCARE NHS FOUNDATION TRUST,157,154,98.08917197452229,3.22916666666667,11.72,0,0,0,68.4865548618762,29.602617112646087,7.0
2025-06-01,RWA,HULL UNIVERSITY TEACHING HOSPITALS NHS TRUST,952,713,74.89495798319328,9.7,35.9466666666667,7,0,0,68.4865548618762,6.408403121317079,70.0
2025-06-01,RYJ,IMPERIAL COLLEGE HEALTHCARE NHS TRUST,918,643,70.04357298474946,11.2258064516129,32.7288888888889,6,0,0,68.4865548618762,1.5570181228732594,79.0
2025-06-01,R1F,ISLE OF WIGHT NHS TRUST,501,438,87.42514970059881,6.93243243243243,19.7688888888889,0,0,0,68.4865548618762,18.938594838722608,41.0
2025-06-01,RGP,JAMES PAGET UNIVERSITY HOSPITALS NHS FOUNDATION TRUST,387,356,91.98966408268734,7.07575757575758,18.0066666666667,0,0,0,68.4865548618762,23.50310922081114,25.0
2025-06-01,RYY,KENT COMMUNITY HEALTH NHS FOUNDATION TRUST,0,0,,,,0,0,0,68.4865548618762,,
2025-06-01,RNQ,KETTERING GENERAL HOSPITAL NHS FOUNDATION TRUST,1007,757,75.17378351539226,8.95762711864407,28.5366666666667,0,0,0,68.4865548618762,6.687228653516058,68.0
2025-06-01,RJZ,KING'S COLLEGE HOSPITAL NHS FOUNDATION TRUST,1140,901,79.03508771929825,6.52,24.7714285714286,0,0,0,68.4865548618762,10.548532857422046,57.0
2025-06-01,RAX,KINGSTON AND RICHMOND NHS FOUNDATION TRUST,509,487,95.67779960707269,6.21794871794872,14.4186666666667,0,0,0,68.4865548618762,27.191244745196485,13.0
2025-06-01,RW5,LANCASHIRE & SOUTH CUMBRIA NHS FOUNDATION TRUST,431,417,96.75174013921114,6.40625,14.7023076923077,0,0,0,68.4865548618762,28.265185277334936,9.0
2025-06-01,RXN,LANCASHIRE TEACHING HOSPITALS NHS FOUNDATION TRUST,0,0,,,,0,0,0,68.4865548618762,,
2025-06-01,RY6,LEEDS COMMUNITY HEALTHCARE NHS TRUST,0,0,,,,0,0,0,68.4865548618762,,
2025-06-01,RR8,LEEDS TEACHING HOSPITALS NHS TRUST,2252,1583,70.29307282415631,11.8850574712644,30.0747368421053,0,0,0,68.4865548618762,1.806517962280111,78.0
2025-06-01,RJ2,LEWISHAM AND GREENWICH NHS TRUST,808,643,79.57920792079209,7.78260869565217,33.6228571428571,10,0,0,68.4865548618762,11.092653058915886,55.0
2025-06-01,RP7,LINCOLNSHIRE PARTNERSHIP NHS FOUNDATION TRUST,0,0,,,,0,0,0,68.4865548618762,,
2025-06-01,RBQ,LIVERPOOL HEART AND CHEST HOSPITAL NHS FOUNDATION TRUST,0,0,,,,0,0,0,68.4865548618762,,
2025-06-01,REM,LIVERPOOL UNIVERSITY HOSPITALS NHS FOUNDATION TRUST,660,548,83.03030303030303,9.14705882352941,21.2909090909091,0,0,0,68.4865548618762,14.54374816842683,48.0
2025-06-01,REP,LIVERPOOL WOMEN'S NHS FOUNDATION TRUST,0,0,,,,0,0,0,68.4865548618762,,
2025-06-01,R1K,LONDON NORTH WEST UNIVERSITY HEALTHCARE NHS TRUST,720,638,88.61111111111111,5.85106382978723,20.3090909090909,0,0,0,68.4865548618762,20.124556249234914,38.0
2025-06-01,RWF,MAIDSTONE AND TUNBRIDGE WELLS NHS TRUST,496,490,98.79032258064517,5.43478260869565,12.395,0,0,0,68.4865548618762,30.303767718768967,6.0
2025-06-01,R0A,MANCHESTER UNIVERSITY NHS FOUNDATION TRUST,1386,871,62.84271284271284,10.5769230769231,40.406,2,0,0,68.4865548618762,-5.643842019163358,89.0
2025-06-01,RPA,MEDWAY NHS FOUNDATION TRUST,3045,1312,43.087027914614126,21.4183673469388,47.6230769230769,64,0,0,68.4865548618762,-25.399526947262075,118.0
2025-06-01,RBN,MERSEY AND WEST LANCASHIRE TEACHING HOSPITALS NHS TRUST,1344,731,54.389880952380956,16.28125,42.4463157894737,18,1,0,68.4865548618762,-14.096673909495244,106.0
2025-06-01,RW4,MERSEY CARE NHS FOUNDATION TRUST,0,0,,,,0,0,0,68.4865548618762,,
2025-06-01,RAJ,MID AND SOUTH ESSEX NHS FOUNDATION TRUST,2926,1674,57.21120984278879,14.6666666666667,48.840701754386,125,2,1,68.4865548618762,-11.27534501908741,99.0
2025-06-01,RBT,MID CHESHIRE HOSPITALS NHS FOUNDATION TRUST,1045,449,42.96650717703349,21.2333333333333,47.5222222222222,33,3,0,68.4865548618762,-25.52004768484271,119.0
2025-06-01,RXF,MID YORKSHIRE TEACHING NHS TRUST,895,570,63.687150837988824,13.6875,33.9058823529412,0,0,0,68.4865548618762,-4.7994040238873765,86.0
2025-06-01,RRE,MIDLANDS PARTNERSHIP UNIVERSITY NHS FOUNDATION TRUST,4172,4015,96.23681687440076,4.07083333333333,14.3227777777778,2,0,0,68.4865548618762,27.75026201252456,11.0
2025-06-01,RD8,MILTON KEYNES UNIVERSITY HOSPITAL NHS FOUNDATION TRUST,1296,758,58.48765432098766,13.9677419354839,43.4514285714286,26,1,0,68.4865548618762,-9.998900540888542,98.0
2025-06-01,RP6,MOORFIELDS EYE HOSPITAL NHS FOUNDATION TRUST,0,0,,,,0,0,0,68.4865548618762,,
2025-06-01,RM1,NORFOLK AND NORWICH UNIVERSITY HOSPITALS NHS FOUNDATION TRUST,896,819,91.40625,5.71153846153846,18.532,3,0,0,68.4865548618762,22.9196951381238,29.0
2025-06-01,RVJ,NORTH BRISTOL NHS TRUST,1039,794,76.41963426371511,9.5,27.6971428571429,0,0,0,68.4865548618762,7.93307940183891,61.0
2025-06-01,RNN,NORTH CUMBRIA INTEGRATED CARE NHS FOUNDATION TRUST,1206,667,55.30679933665008,15.65625,37.2707692307692,8,0,0,68.4865548618762,-13.17975552522612,104.0
2025-06-01,RVW,NORTH TEES AND HARTLEPOOL NHS FOUNDATION TRUST,540,411,76.11111111111111,10.7142857142857,31.95,2,0,0,68.4865548618762,7.624556249234914,64.0
2025-06-01,RGN,NORTH WEST ANGLIA NHS FOUNDATION TRUST,1606,721,44.89414694894147,20.4,51.926,127,0,0,68.4865548618762,-23.592407912934732,114.0
2025-06-01,RNS,NORTHAMPTON GENERAL HOSPITAL NHS TRUST,496,468,94.35483870967742,6.88235294117647,16.5911111111111,0,0,0,68.4865548618762,25.868283847801223,16.0
2025-06-01,RM3,NORTHERN CARE ALLIANCE NHS FOUNDATION TRUST,2276,1470,64.58699472759226,12.6823529411765,40.1066666666667,38,0,0,68.4865548618762,-3.899560134283945,84.0
2025-06-01,RJL,NORTHERN LINCOLNSHIRE AND GOOLE NHS FOUNDATION TRUST,934,531,56.85224839400428,15.5652173913043,35.028,0,0,0,68.4865548618762,-11.634306467871923,100.0
2025-06-01,RTF,NORTHUMBRIA HEALTHCARE NHS FOUNDATION TRUST,786,713,90.71246819338423,8.66666666666667,18.4819047619048,0,0,0,68.4865548618762,22.225913331508025,30.0
2025-06-01,RX1,NOTTINGHAM UNIVERSITY HOSPITALS NHS TRUST,870,661,75.97701149425288,9.68421052631579,28.7714285714286,1,0,0,68.4865548618762,7.490456632376677,65.0
2025-06-01,RTH,OXFORD UNIVERSITY HOSPITALS NHS FOUNDATION TRUST,1248,945,75.72115384615384,7.85,34.1054545454546,14,1,0,68.4865548618762,7.234598984277639,66.0
2025-06-01,RPG,OXLEAS NHS FOUNDATION TRUST,0,0,,,,0,0,0,68.4865548618762,,
2025-06-01,RHU,PORTSMOUTH HOSPITALS UNIVERSITY NHS TRUST,473,470,99.36575052854123,4.46969696969697,9.59875,0,0,0,68.4865548618762,30.879195666665026,5.0
2025-06-01,RPC,QUEEN VICTORIA HOSPITAL NHS FOUNDATION TRUST,64,60,93.75,6.625,17.44,0,0,0,68.4865548618762,25.2634451381238,19.0
2025-06-01,RHW,ROYAL BERKSHIRE NHS FOUNDATION TRUST,460,432,93.91304347826087,7.82926829268293,16.4571428571429,0,0,0,68.4865548618762,25.426488616384674,18.0
2025-06-01,REF,ROYAL CORNWALL HOSPITALS NHS TRUST,723,671,92.80774550484094,6.12037037037037,17.1657142857143,0,0,0,68.4865548618762,24.321190642964737,22.0
2025-06-01,RH8,ROYAL DEVON UNIVERSITY HEALTHCARE NHS FOUNDATION TRUST,721,590,81.83079056865465,7.80434782608696,29.3018181818182,2,0,0,68.4865548618762,13.344235706778449,51.0
2025-06-01,RAL,ROYAL FREE LONDON NHS FOUNDATION TRUST,3544,2075,58.54966139954853,15.099173553719,41.345641025641,17,0,0,68.4865548618762,-9.936893462327667,97.0
2025-06-01,RAN,ROYAL NATIONAL ORTHOPAEDIC HOSPITAL NHS TRUST,133,114,85.71428571428571,6.95,22.36,1,1,1,68.4865548618762,17.227730852409508,45.0
2025-06-01,RGM,ROYAL PAPWORTH HOSPITAL NHS FOUNDATION TRUST,0,0,,,,0,0,0,68.4865548618762,,
2025-06-01,RA2,ROYAL SURREY COUNTY HOSPITAL NHS FOUNDATION TRUST,165,148,89.6969696969697,4.575,19.4,0,0,0,68.4865548618762,21.210414835093502,34.0
2025-06-01,RD1,ROYAL UNITED HOSPITALS BATH NHS FOUNDATION TRUST,1591,1009,63.41923318667505,12.7211538461538,31.4763636363636,0,0,0,68.4865548618762,-5.06732167520115,88.0
2025-06-01,RNZ,SALISBURY NHS FOUNDATION TRUST,945,478,50.58201058201058,17.6764705882353,45.1,15,0,0,68.4865548618762,-17.90454427986562,110.0
2025-06-01,RXK,SANDWELL AND WEST BIRMINGHAM HOSPITALS NHS TRUST,693,596,86.002886002886,7.32222222222222,22.6514285714286,1,0,0,68.4865548618762,17.5163311410098,43.0
2025-06-01,RCU,SHEFFIELD CHILDREN'S NHS FOUNDATION TRUST,0,0,,,,0,0,0,68.4865548618762,,
2025-06-01,RHQ,SHEFFIELD TEACHING HOSPITALS NHS FOUNDATION TRUST,1276,1019,79.858934169279,8.24390243902439,25.245,3,0,0,68.4865548618762,11.372379307402795,54.0
2025-06-01,RK5,SHERWOOD FOREST HOSPITALS NHS FOUNDATION TRUST,253,237,93.67588932806325,7.19230769230769,17.3942857142857,0,0,0,68.4865548618762,25.18933446618705,20.0
2025-06-01,R1D,SHROPSHIRE COMMUNITY HEALTH NHS TRUST,10,10,100.0,,,0,0,0,68.4865548618762,31.5134451381238,1.0
2025-06-01,RH5,SOMERSET NHS FOUNDATION TRUST,854,544,63.70023419203748,12.304347826087,36.4733333333333,7,1,0,68.4865548618762,-4.786320669838723,85.0
2025-06-01,RTR,SOUTH TEES HOSPITALS NHS FOUNDATION TRUST,1579,925,58.58138062064597,15.2767857142857,39.6685714285714,20,1,0,68.4865548618762,-9.905174241230227,96.0
2025-06-01,R0B,SOUTH TYNESIDE AND SUNDERLAND NHS FOUNDATION TRUST,1368,1015,74.19590643274854,9.97368421052632,24.2517647058824,0,0,0,68.4865548618762,5.709351570872343,72.0
2025-06-01,RJC,SOUTH WARWICKSHIRE UNIVERSITY NHS FOUNDATION TRUST,575,494,85.91304347826086,8.81707317073171,20.6666666666667,0,0,0,68.4865548618762,17.42648861638466,44.0
2025-06-01,RXG,SOUTH WEST YORKSHIRE PARTNERSHIP NHS FOUNDATION TRUST,0,0,,,,0,0,0,68.4865548618762,,
2025-06-01,RJ7,ST GEORGE'S UNIVERSITY HOSPITALS NHS FOUNDATION TRUST,1308,996,76.14678899082568,9.9,30.78,8,2,0,68.4865548618762,7.660234128949483,63.0
2025-06-01,RWJ,STOCKPORT NHS FOUNDATION TRUST,1297,792,61.06399383191982,14.0333333333333,40.8044444444444,25,0,0,68.4865548618762,-7.422561029956384,93.0
2025-06-01,RTP,SURREY AND SUSSEX HEALTHCARE NHS TRUST,820,637,77.6829268292683,10.9090909090909,24.96,1,0,0,68.4865548618762,9.196371967392096,59.0
2025-06-01,RDR,SUSSEX COMMUNITY NHS FOUNDATION TRUST,506,468,92.4901185770751,7.36842105263158,17.7745454545455,0,0,0,68.4865548618762,24.003563715198894,24.0
2025-06-01,RMP,TAMESIDE AND GLOSSOP INTEGRATED CARE NHS FOUNDATION TRUST,334,307,91.91616766467065,8.0,18.028,0,0,0,68.4865548618762,23.429612802794452,26.0
2025-06-01,RBV,THE CHRISTIE NHS FOUNDATION TRUST,0,0,,,,0,0,0,68.4865548618762,,
2025-06-01,REN,THE CLATTERBRIDGE CANCER CENTRE NHS FOUNDATION TRUST,0,0,,,,0,0,0,68.4865548618762,,
2025-06-01,RNA,THE DUDLEY GROUP NHS FOUNDATION TRUST,804,602,74.87562189054727,7.975,30.368,1,0,0,68.4865548618762,6.3890670286710645,71.0
2025-06-01,RAS,THE HILLINGDON HOSPITALS NHS FOUNDATION TRUST,913,216,23.658269441401973,30.3541666666667,50.4468965517241,47,1,0,68.4865548618762,-44.82828542047423,121.0
2025-06-01,RTD,THE NEWCASTLE UPON TYNE HOSPITALS NHS FOUNDATION TRUST,899,678,75.41713014460511,9.85135135135135,24.9581818181818,0,0,0,68.4865548618762,6.93057528272891,67.0
2025-06-01,RQW,THE PRINCESS ALEXANDRA HOSPITAL NHS TRUST,1696,874,51.53301886792453,17.3658536585366,44.4905263157895,48,0,0,68.4865548618762,-16.953535993951668,109.0
2025-06-01,RCX,"THE QUEEN ELIZABETH HOSPITAL, KING'S LYNN, NHS FOUNDATION TRUST",893,397,44.4568868980963,20.4032258064516,48.7781818181818,16,0,0,68.4865548618762,-24.0296679637799,115.0
2025-06-01,RL1,THE ROBERT JONES AND AGNES HUNT ORTHOPAEDIC HOSPITAL NHS FOUNDATION TRUST,1421,614,43.20900774102744,20.75,40.9728,30,3,0,68.4865548618762,-25.27754712084876,117.0
2025-06-01,RFR,THE ROTHERHAM NHS FOUNDATION TRUST,910,738,81.0989010989011,9.76190476190476,21.9724137931034,0,0,0,68.4865548618762,12.612346237024894,53.0
2025-06-01,RPY,THE ROYAL MARSDEN NHS FOUNDATION TRUST,0,0,,,,0,0,0,68.4865548618762,,
2025-06-01,RRJ,THE ROYAL ORTHOPAEDIC HOSPITAL NHS FOUNDATION TRUST,0,0,,,,0,0,0,68.4865548618762,,
2025-06-01,RL4,THE ROYAL WOLVERHAMPTON NHS TRUST,1903,1240,65.1602732527588,12.7181818181818,31.9504,0,0,0,68.4865548618762,-3.3262816091174017,83.0
2025-06-01,RXW,THE SHREWSBURY AND TELFORD HOSPITAL NHS TRUST,0,0,,,,0,0,0,68.4865548618762,,
2025-06-01,RET,THE WALTON CENTRE NHS FOUNDATION TRUST,0,0,,,,0,0,0,68.4865548618762,,
2025-06-01,RA9,TORBAY AND SOUTH DEVON NHS FOUNDATION TRUST,797,719,90.21329987452948,8.23469387755102,19.224,1,0,0,68.4865548618762,21.726745012653282,32.0
2025-06-01,RWD,UNITED LINCOLNSHIRE TEACHING HOSPITALS NHS TRUST,1823,775,42.51234229292375,21.8714285714286,49.458,96,0,0,68.4865548618762,-25.974212568952453,120.0
2025-06-01,RRV,UNIVERSITY COLLEGE LONDON HOSPITALS NHS FOUNDATION TRUST,1330,738,55.48872180451128,16.0555555555556,42.725,29,2,0,68.4865548618762,-12.997833057364922,103.0
2025-06-01,RHM,UNIVERSITY HOSPITAL SOUTHAMPTON NHS FOUNDATION TRUST,834,637,76.378896882494,10.2105263157895,26.1422222222222,0,0,0,68.4865548618762,7.892342020617804,62.0
2025-06-01,RRK,UNIVERSITY HOSPITALS BIRMINGHAM NHS FOUNDATION TRUST,844,788,93.36492890995261,6.5,17.3936842105263,0,0,0,68.4865548618762,24.87837404807641,21.0
2025-06-01,RA7,UNIVERSITY HOSPITALS BRISTOL AND WESTON NHS FOUNDATION TRUST,588,442,75.17006802721087,7.95,34.6622222222222,0,0,0,68.4865548618762,6.6835131653346735,69.0
2025-06-01,RKB,UNIVERSITY HOSPITALS COVENTRY AND WARWICKSHIRE NHS TRUST,868,690,79.49308755760369,8.91428571428571,27.156,2,0,0,68.4865548618762,11.006532695727486,56.0
2025-06-01,R0D,UNIVERSITY HOSPITALS DORSET NHS FOUNDATION TRUST,1171,976,83.34756618274979,6.89583333333333,28.3018181818182,8,0,0,68.4865548618762,14.861011320873587,47.0
2025-06-01,RTG,UNIVERSITY HOSPITALS OF DERBY AND BURTON NHS FOUNDATION TRUST,2074,1377,66.39344262295081,12.4666666666667,37.1890909090909,22,0,0,68.4865548618762,-2.093112238925386,82.0
2025-06-01,RWE,UNIVERSITY HOSPITALS OF LEICESTER NHS TRUST,4364,2394,54.85792850595783,16.3458646616541,34.9825,21,1,0,68.4865548618762,-13.628626355918371,105.0
2025-06-01,RTX,UNIVERSITY HOSPITALS OF MORECAMBE BAY NHS FOUNDATION TRUST,838,757,90.33412887828163,6.83636363636364,19.5418181818182,0,0,0,68.4865548618762,21.84757401640543,31.0
2025-06-01,RJE,UNIVERSITY HOSPITALS OF NORTH MIDLANDS NHS TRUST,0,0,,,,0,0,0,68.4865548618762,,
2025-06-01,RK9,UNIVERSITY HOSPITALS PLYMOUTH NHS TRUST,627,514,81.97767145135566,8.6125,22.9876923076923,0,0,0,68.4865548618762,13.49111658947946,50.0
2025-06-01,RYR,UNIVERSITY HOSPITALS SUSSEX NHS FOUNDATION TRUST,1905,883,46.351706036745405,19.8913043478261,51.5379310344828,139,1,0,68.4865548618762,-22.134848825130796,112.0
2025-06-01,RBK,WALSALL HEALTHCARE NHS TRUST,810,588,72.5925925925926,10.6969696969697,26.0666666666667,0,0,0,68.4865548618762,4.106037730716395,74.0
2025-06-01,RWW,WARRINGTON AND HALTON TEACHING HOSPITALS NHS FOUNDATION TRUST,925,523,56.54054054054054,15.1129032258065,39.7647058823529,2,0,0,68.4865548618762,-11.94601432133566,102.0
2025-06-01,RWG,WEST HERTFORDSHIRE TEACHING HOSPITALS NHS TRUST,574,517,90.06968641114983,8.17948717948718,20.04,1,0,0,68.4865548618762,21.58313154927363,33.0
2025-06-01,RGR,WEST SUFFOLK NHS FOUNDATION TRUST,418,399,95.45454545454545,5.59375,14.8892307692308,0,0,0,68.4865548618762,26.967990592669253,15.0
2025-06-01,RKE,WHITTINGTON HEALTH NHS TRUST,210,210,100.0,6.19047619047619,15.3647058823529,0,0,0,68.4865548618762,31.5134451381238,1.0
2025-06-01,RBL,WIRRAL UNIVERSITY TEACHING HOSPITAL NHS FOUNDATION TRUST,1083,614,56.6943674976916,15.5,48.6094117647059,43,1,0,68.4865548618762,-11.7921873641846,101.0
2025-06-01,RWP,WORCESTERSHIRE ACUTE HOSPITALS NHS TRUST,647,580,89.64451313755795,8.25862068965517,20.04,0,0,0,68.4865548618762,21.15795827568175,35.0
2025-06-01,RRF,"WRIGHTINGTON, WIGAN AND LEIGH NHS FOUNDATION TRUST",1085,805,74.19354838709677,11.6538461538462,31.6375,0,0,0,68.4865548618762,5.706993525220568,73.0
2025-06-01,RLQ,WYE VALLEY NHS TRUST,536,436,81.34328358208955,10.3793103448276,21.7717647058824,0,0,0,68.4865548618762,12.856728720213354,52.0
2025-06-01,RCB,YORK AND SCARBOROUGH TEACHING HOSPITALS NHS FOUNDATION TRUST,459,404,88.01742919389977,5.98809523809524,21.0254545454545,0,0,0,68.4865548618762,19.530874332023572,39.0
2025-07-01,RCF,AIREDALE NHS FOUNDATION TRUST,388,310,79.89690721649485,9.5,25.24,0,0,0,67.6774161686997,12.21949104779516,53.0
2025-07-01,RBS,ALDER HEY CHILDREN'S NHS FOUNDATION TRUST,0,0,,,,0,0,0,67.6774161686997,,
2025-07-01,RTK,ASHFORD AND ST PETER'S HOSPITALS NHS FOUNDATION TRUST,348,271,77.87356321839081,9.11111111111111,27.0533333333333,2,0,0,67.6774161686997,10.19614704969112,60.0
2025-07-01,RF4,"BARKING, HAVERING AND REDBRIDGE UNIVERSITY HOSPITALS NHS TRUST",487,416,85.42094455852155,4.35416666666667,22.608,0,0,0,67.6774161686997,17.74352838982186,44.0
2025-07-01,RFF,BARNSLEY HOSPITAL NHS FOUNDATION TRUST,474,444,93.67088607594937,8.23333333333333,17.655652173913,0,0,0,67.6774161686997,25.993469907249676,15.0
2025-07-01,R1H,BARTS HEALTH NHS TRUST,1261,1004,79.61934972244251,7.95,32.3028571428572,2,0,0,67.6774161686997,11.941933553742814,55.0
2025-07-01,RC9,BEDFORDSHIRE HOSPITALS NHS FOUNDATION TRUST,836,758,90.66985645933015,5.74,20.624,1,0,0,67.6774161686997,22.992440290630455,23.0
2025-07-01,RWX,BERKSHIRE HEALTHCARE NHS FOUNDATION TRUST,0,0,,,,0,0,0,67.6774161686997,,
2025-07-01,RYW,BIRMINGHAM COMMUNITY HEALTHCARE NHS FOUNDATION TRUST,0,0,,,,0,0,0,67.6774161686997,,
2025-07-01,RQ3,BIRMINGHAM WOMEN'S AND CHILDREN'S NHS FOUNDATION TRUST,0,0,,,,0,0,0,67.6774161686997,,
2025-07-01,RXL,BLACKPOOL TEACHING HOSPITALS NHS FOUNDATION TRUST,926,511,55.183585313174945,15.4375,37.745,5,1,0,67.6774161686997,-12.493830855524749,99.0
2025-07-01,RMC,BOLTON NHS FOUNDATION TRUST,279,262,93.9068100358423,4.67391304347826,15.9466666666667,0,0,0,67.6774161686997,26.229393867142605,14.0
2025-07-01,TAD,BRADFORD DISTRICT CARE NHS FOUNDATION TRUST,0,0,,,,0,0,0,67.6774161686997,,
2025-07-01,RAE,BRADFORD TEACHING HOSPITALS NHS FOUNDATION TRUST,561,487,86.80926916221033,6.515625,20.3433333333333,0,0,0,67.6774161686997,19.131852993510634,39.0
2025-07-01,RXQ,BUCKINGHAMSHIRE HEALTHCARE NHS TRUST,883,458,51.868629671574176,17.0833333333333,53.48,79,0,0,67.6774161686997,-15.808786497125517,105.0
2025-07-01,RWY,CALDERDALE AND HUDDERSFIELD NHS FOUNDATION TRUST,1149,671,58.39860748476936,13.6964285714286,35.1232,0,0,0,67.6774161686997,-9.278808683930336,95.0
2025-07-01,RGT,CAMBRIDGE UNIVERSITY HOSPITALS NHS FOUNDATION TRUST,1965,1531,77.91348600508906,8.29518072289157,25.4538461538462,0,0,0,67.6774161686997,10.236069836389362,59.0
2025-07-01,RT1,CAMBRIDGESHIRE AND PETERBOROUGH NHS FOUNDATION TRUST,0,0,,,,0,0,0,67.6774161686997,,
2025-07-01,RQM,CHELSEA AND WESTMINSTER HOSPITAL NHS FOUNDATION TRUST,1542,1011,65.56420233463035,11.6666666666667,33.6025,0,0,0,67.6774161686997,-2.1132138340693416,85.0
2025-07-01,RFS,CHESTERFIELD ROYAL HOSPITAL NHS FOUNDATION TRUST,926,446,48.16414686825054,19.3636363636364,45.4933333333333,21,0,0,67.6774161686997,-19.513269300449153,112.0
2025-07-01,RJ8,CORNWALL PARTNERSHIP NHS FOUNDATION TRUST,0,0,,,,0,0,0,67.6774161686997,,
2025-07-01,RJR,COUNTESS OF CHESTER HOSPITAL NHS FOUNDATION TRUST,743,332,44.68371467025572,20.7307692307692,55.8257142857143,106,4,0,67.6774161686997,-22.993701498443976,114.0
2025-07-01,RXP,COUNTY DURHAM AND DARLINGTON NHS FOUNDATION TRUST,749,498,66.48865153538051,13.9,28.7866666666667,1,0,0,67.6774161686997,-1.188764633319181,82.0
2025-07-01,RJ6,CROYDON HEALTH SERVICES NHS TRUST,1074,750,69.83240223463687,11.3666666666667,26.527619047619,0,0,0,67.6774161686997,2.1549860659371802,75.0
2025-07-01,RX4,"CUMBRIA, NORTHUMBERLAND, TYNE AND WEAR NHS FOUNDATION TRUST",0,0,,,,0,0,0,67.6774161686997,,
2025-07-01,RN7,DARTFORD AND GRAVESHAM NHS TRUST,0,0,,,,0,0,0,67.6774161686997,,
2025-07-01,RP5,DONCASTER AND BASSETLAW TEACHING HOSPITALS NHS FOUNDATION TRUST,990,691,69.7979797979798,11.2448979591837,29.5333333333333,0,0,0,67.6774161686997,2.120563629280113,77.0
2025-07-01,RBD,DORSET COUNTY HOSPITAL NHS FOUNDATION TRUST,1,1,100.0,,,0,0,0,67.6774161686997,32.32258383130031,1.0
2025-07-01,RWH,EAST AND NORTH HERTFORDSHIRE NHS TRUST,980,605,61.73469387755102,14.0,32.12,1,0,0,67.6774161686997,-5.942722291148677,89.0
2025-07-01,RJN,EAST CHESHIRE NHS TRUST,0,0,,,,0,0,0,67.6774161686997,,
2025-07-01,RVV,EAST KENT HOSPITALS UNIVERSITY NHS FOUNDATION TRUST,3419,1517,44.36969874232231,20.6558441558442,46.1565714285714,53,0,0,67.6774161686997,-23.30771742637738,115.0
2025-07-01,RXR,EAST LANCASHIRE HOSPITALS NHS TRUST,939,572,60.91586794462194,12.975,37.43,3,0,0,67.6774161686997,-6.761548224077757,91.0
2025-07-01,RDE,EAST SUFFOLK AND NORTH ESSEX NHS FOUNDATION TRUST,1724,1410,81.78654292343387,9.49180327868852,22.0990476190476,0,0,0,67.6774161686997,14.109126754734177,49.0
2025-07-01,RXC,EAST SUSSEX HEALTHCARE NHS TRUST,898,811,90.31180400890868,6.50980392156863,19.77,1,0,0,67.6774161686997,22.634387840208987,27.0
2025-07-01,RVR,EPSOM AND ST HELIER UNIVERSITY HOSPITALS NHS TRUST,701,475,67.76034236804564,10.4722222222222,34.9866666666667,9,0,0,67.6774161686997,0.08292619934594825,80.0
2025-07-01,RDU,FRIMLEY HEALTH NHS FOUNDATION TRUST,643,583,90.6687402799378,6.6875,19.0509090909091,2,0,0,67.6774161686997,22.9913241112381,24.0
2025-07-01,RR7,GATESHEAD HEALTH NHS FOUNDATION TRUST,502,314,62.54980079681275,13.8125,34.12,0,0,0,67.6774161686997,-5.127615371886947,87.0
2025-07-01,RLT,GEORGE ELIOT HOSPITAL NHS TRUST,242,226,93.38842975206612,4.14285714285714,15.728,0,0,0,67.6774161686997,25.711013583366423,16.0
2025-07-01,RTE,GLOUCESTERSHIRE HOSPITALS NHS FOUNDATION TRUST,1155,774,67.01298701298701,11.1060606060606,34.075,1,0,0,67.6774161686997,-0.664429155712682,81.0
2025-07-01,RP4,GREAT ORMOND STREET HOSPITAL FOR CHILDREN NHS FOUNDATION TRUST,0,0,,,,0,0,0,67.6774161686997,,
2025-07-01,RN3,GREAT WESTERN HOSPITALS NHS FOUNDATION TRUST,279,269,96.415770609319,5.31081081081081,15.28,0,0,0,67.6774161686997,28.738354440619304,8.0
2025-07-01,RJ1,GUY'S AND ST THOMAS' NHS FOUNDATION TRUST,394,382,96.95431472081218,4.6551724137931,13.64,0,0,0,67.6774161686997,29.276898552112485,7.0
2025-07-01,RW1,HAMPSHIRE AND ISLE OF WIGHT HEALTHCARE NHS FOUNDATION TRUST,79,79,100.0,4.125,8.89333333333334,0,0,0,67.6774161686997,32.32258383130031,1.0
2025-07-01,RN5,HAMPSHIRE HOSPITALS NHS FOUNDATION TRUST,1813,932,51.40650854936569,17.4333333333333,42.264,41,4,0,67.6774161686997,-16.270907619334004,108.0
2025-07-01,RCD,HARROGATE AND DISTRICT NHS FOUNDATION TRUST,312,281,90.06410256410257,7.38461538461539,19.608,0,0,0,67.6774161686997,22.386686395402876,28.0
2025-07-01,R1A,HEREFORDSHIRE AND WORCESTERSHIRE HEALTH AND CARE NHS TRUST,0,0,,,,0,0,0,67.6774161686997,,
2025-07-01,RQX,HOMERTON HEALTHCARE NHS FOUNDATION TRUST,171,164,95.90643274853801,2.421875,10.1066666666667,0,0,0,67.6774161686997,28.229016579838316,9.0
2025-07-01,RWA,HULL UNIVERSITY TEACHING HOSPITALS NHS TRUST,958,733,76.51356993736952,9.59375,32.7266666666667,7,0,0,67.6774161686997,8.836153768669831,64.0
2025-07-01,RYJ,IMPERIAL COLLEGE HEALTHCARE NHS TRUST,794,583,73.42569269521411,10.1714285714286,29.096,3,0,0,67.6774161686997,5.748276526514417,70.0
2025-07-01,R1F,ISLE OF WIGHT NHS TRUST,496,437,88.10483870967742,6.25,19.432,0,0,0,67.6774161686997,20.42742254097773,33.0
2025-07-01,RGP,JAMES PAGET UNIVERSITY HOSPITALS NHS FOUNDATION TRUST,437,385,88.10068649885584,7.59615384615385,20.02,1,0,0,67.6774161686997,20.423270330156143,34.0
2025-07-01,RYY,KENT COMMUNITY HEALTH NHS FOUNDATION TRUST,0,0,,,,0,0,0,67.6774161686997,,
2025-07-01,RNQ,KETTERING GENERAL HOSPITAL NHS FOUNDATION TRUST,1019,720,70.65750736015701,10.5769230769231,31.12,1,0,0,67.6774161686997,2.980091191457319,74.0
2025-07-01,RJZ,KING'S COLLEGE HOSPITAL NHS FOUNDATION TRUST,1147,923,80.47079337401918,6.39830508474576,24.5885714285714,1,0,0,67.6774161686997,12.793377205319487,51.0
2025-07-01,RAX,KINGSTON AND RICHMOND NHS FOUNDATION TRUST,543,519,95.58011049723757,5.67857142857143,13.3257142857143,0,0,0,67.6774161686997,27.902694328537876,10.0
2025-07-01,RW5,LANCASHIRE & SOUTH CUMBRIA NHS FOUNDATION TRUST,362,324,89.50276243093923,7.18181818181818,18.6457142857143,0,0,0,67.6774161686997,21.825346262239535,29.0
2025-07-01,RXN,LANCASHIRE TEACHING HOSPITALS NHS FOUNDATION TRUST,0,0,,,,0,0,0,67.6774161686997,,
2025-07-01,RR8,LEEDS TEACHING HOSPITALS NHS TRUST,2299,1517,65.98521096128752,12.3235294117647,30.96,0,0,0,67.6774161686997,-1.6922052074121723,84.0
2025-07-01,RJ2,LEWISHAM AND GREENWICH NHS TRUST,794,660,83.12342569269522,7.97872340425532,28.24,3,0,0,67.6774161686997,15.446009523995528,47.0
2025-07-01,RP7,LINCOLNSHIRE PARTNERSHIP NHS FOUNDATION TRUST,0,0,,,,0,0,0,67.6774161686997,,
2025-07-01,RBQ,LIVERPOOL HEART AND CHEST HOSPITAL NHS FOUNDATION TRUST,0,0,,,,0,0,0,67.6774161686997,,
2025-07-01,REM,LIVERPOOL UNIVERSITY HOSPITALS NHS FOUNDATION TRUST,658,524,79.63525835866263,8.59090909090909,23.036,0,0,0,67.6774161686997,11.957842189962932,54.0
2025-07-01,REP,LIVERPOOL WOMEN'S NHS FOUNDATION TRUST,0,0,,,,0,0,0,67.6774161686997,,
2025-07-01,R1K,LONDON NORTH WEST UNIVERSITY HEALTHCARE NHS TRUST,753,672,89.2430278884462,5.6875,20.36,0,0,0,67.6774161686997,21.565611719746514,30.0
2025-07-01,RWF,MAIDSTONE AND TUNBRIDGE WELLS NHS TRUST,460,459,99.78260869565217,4.26315789473684,11.4,0,0,0,67.6774161686997,32.10519252695248,5.0
2025-07-01,R0A,MANCHESTER UNIVERSITY NHS FOUNDATION TRUST,1348,915,67.87833827893175,8.34285714285714,39.458,1,0,0,67.6774161686997,0.20092211023205664,79.0
2025-07-01,RPA,MEDWAY NHS FOUNDATION TRUST,3039,1255,41.29647910496874,21.6652542372881,45.7385185185185,43,1,1,67.6774161686997,-26.380937063730954,119.0
2025-07-01,RBN,MERSEY AND WEST LANCASHIRE TEACHING HOSPITALS NHS TRUST,1376,748,54.360465116279066,15.6,44.1633333333333,14,0,0,67.6774161686997,-13.316951052420627,101.0
2025-07-01,RW4,MERSEY CARE NHS FOUNDATION TRUST,0,0,,,,0,0,0,67.6774161686997,,
2025-07-01,RAJ,MID AND SOUTH ESSEX NHS FOUNDATION TRUST,2943,1626,55.24974515800204,14.8088235294118,51.2731428571429,210,2,0,67.6774161686997,-12.427671010697651,98.0
2025-07-01,RBT,MID CHESHIRE HOSPITALS NHS FOUNDATION TRUST,1099,479,43.585077343039124,21.5277777777778,47.741052631579,45,3,0,67.6774161686997,-24.09233882566057,116.0
2025-07-01,RXF,MID YORKSHIRE TEACHING NHS TRUST,961,589,61.29032258064516,13.1071428571429,33.512,0,0,0,67.6774161686997,-6.387093588054533,90.0
2025-07-01,RRE,MIDLANDS PARTNERSHIP UNIVERSITY NHS FOUNDATION TRUST,3698,3516,95.07842076798269,5.11926605504587,15.48,3,0,0,67.6774161686997,27.401004599283,12.0
2025-07-01,RD8,MILTON KEYNES UNIVERSITY HOSPITAL NHS FOUNDATION TRUST,1326,790,59.57767722473605,13.8780487804878,45.0707692307692,40,1,0,67.6774161686997,-8.099738943963644,93.0
2025-07-01,RP6,MOORFIELDS EYE HOSPITAL NHS FOUNDATION TRUST,0,0,,,,0,0,0,67.6774161686997,,
2025-07-01,RM1,NORFOLK AND NORWICH UNIVERSITY HOSPITALS NHS FOUNDATION TRUST,972,881,90.63786008230453,6.65,18.8826666666667,2,0,0,67.6774161686997,22.960443913604834,25.0
2025-07-01,RVJ,NORTH BRISTOL NHS TRUST,1111,796,71.64716471647165,10.2142857142857,27.112,0,0,0,67.6774161686997,3.9697485477719567,72.0
2025-07-01,RNN,NORTH CUMBRIA INTEGRATED CARE NHS FOUNDATION TRUST,1214,655,53.95387149917627,16.7435897435897,38.08,6,1,0,67.6774161686997,-13.72354466952342,102.0
2025-07-01,RVW,NORTH TEES AND HARTLEPOOL NHS FOUNDATION TRUST,595,489,82.18487394957982,8.52272727272727,26.7,0,0,0,67.6774161686997,14.50745778088013,48.0
2025-07-01,RGN,NORTH WEST ANGLIA NHS FOUNDATION TRUST,1551,649,41.843971631205676,21.1911764705882,51.2613333333333,113,0,0,67.6774161686997,-25.833444537494017,117.0
2025-07-01,RNS,NORTHAMPTON GENERAL HOSPITAL NHS TRUST,545,483,88.62385321100918,7.23684210526316,20.1714285714286,0,0,0,67.6774161686997,20.946437042309483,31.0
2025-07-01,RM3,NORTHERN CARE ALLIANCE NHS FOUNDATION TRUST,2443,1546,63.282848956201384,13.0647058823529,42.2262068965517,51,0,0,67.6774161686997,-4.394567212498309,86.0
2025-07-01,RJL,NORTHERN LINCOLNSHIRE AND GOOLE NHS FOUNDATION TRUST,961,571,59.41727367325702,14.2916666666667,33.4654545454545,0,0,0,67.6774161686997,-8.260142495442672,94.0
2025-07-01,RTF,NORTHUMBRIA HEALTHCARE NHS FOUNDATION TRUST,789,722,91.50823827629911,8.98484848484848,18.6466666666667,0,0,0,67.6774161686997,23.830822107599417,21.0
2025-07-01,RX1,NOTTINGHAM UNIVERSITY HOSPITALS NHS TRUST,861,679,78.86178861788618,10.4673913043478,25.78,1,0,0,67.6774161686997,11.184372449186483,57.0
2025-07-01,RTH,OXFORD UNIVERSITY HOSPITALS NHS FOUNDATION TRUST,1288,1001,77.71739130434783,7.24615384615385,30.796,6,0,0,67.6774161686997,10.039975135648135,61.0
2025-07-01,RPG,OXLEAS NHS FOUNDATION TRUST,0,0,,,,0,0,0,67.6774161686997,,
2025-07-01,RHU,PORTSMOUTH HOSPITALS UNIVERSITY NHS TRUST,504,501,99.40476190476191,5.71428571428571,12.0377777777778,0,0,0,67.6774161686997,31.72734573606222,6.0
2025-07-01,RPC,QUEEN VICTORIA HOSPITAL NHS FOUNDATION TRUST,55,48,87.27272727272727,10.35,19.8,0,0,0,67.6774161686997,19.595311104027573,37.0
2025-07-01,RHW,ROYAL BERKSHIRE NHS FOUNDATION TRUST,525,460,87.61904761904762,7.90384615384615,19.4166666666667,0,0,0,67.6774161686997,19.941631450347927,36.0
2025-07-01,REF,ROYAL CORNWALL HOSPITALS NHS TRUST,755,718,95.09933774834437,6.37272727272727,15.7733333333333,0,0,0,67.6774161686997,27.421921579644675,11.0
2025-07-01,RH8,ROYAL DEVON UNIVERSITY HEALTHCARE NHS FOUNDATION TRUST,728,584,80.21978021978022,7.95238095238095,30.5866666666667,1,0,0,67.6774161686997,12.542364051080526,52.0
2025-07-01,RAL,ROYAL FREE LONDON NHS FOUNDATION TRUST,3697,2059,55.69380578847715,15.9184782608696,41.2660869565217,3,0,0,67.6774161686997,-11.983610380222544,97.0
2025-07-01,RAN,ROYAL NATIONAL ORTHOPAEDIC HOSPITAL NHS TRUST,129,111,86.04651162790698,6.3,21.34,1,1,1,67.6774161686997,18.369095459207287,43.0
2025-07-01,RGM,ROYAL PAPWORTH HOSPITAL NHS FOUNDATION TRUST,0,0,,,,0,0,0,67.6774161686997,,
2025-07-01,RA2,ROYAL SURREY COUNTY HOSPITAL NHS FOUNDATION TRUST,188,177,94.14893617021278,5.33333333333333,13.96,0,0,0,67.6774161686997,26.471520001513085,13.0
2025-07-01,RD1,ROYAL UNITED HOSPITALS BATH NHS FOUNDATION TRUST,1604,992,61.84538653366584,12.9666666666667,32.417,0,0,0,67.6774161686997,-5.832029635033855,88.0
2025-07-01,RNZ,SALISBURY NHS FOUNDATION TRUST,913,453,49.61664841182913,18.1842105263158,45.5353846153846,2,0,0,67.6774161686997,-18.06076775687056,109.0
2025-07-01,RXK,SANDWELL AND WEST BIRMINGHAM HOSPITALS NHS TRUST,644,556,86.33540372670807,7.54166666666667,21.185,1,0,0,67.6774161686997,18.657987558008372,40.0
2025-07-01,RCU,SHEFFIELD CHILDREN'S NHS FOUNDATION TRUST,0,0,,,,0,0,0,67.6774161686997,,
2025-07-01,RK5,SHERWOOD FOREST HOSPITALS NHS FOUNDATION TRUST,246,218,88.6178861788618,8.22222222222222,19.36,0,0,0,67.6774161686997,20.9404700101621,32.0
2025-07-01,R1D,SHROPSHIRE COMMUNITY HEALTH NHS TRUST,16,16,100.0,,,0,0,0,67.6774161686997,32.32258383130031,1.0
2025-07-01,RH5,SOMERSET NHS FOUNDATION TRUST,781,518,66.32522407170295,10.42,36.84,9,0,0,67.6774161686997,-1.3521920969967454,83.0
2025-07-01,RTR,SOUTH TEES HOSPITALS NHS FOUNDATION TRUST,1684,968,57.482185273159146,14.8285714285714,38.6369230769231,33,2,0,67.6774161686997,-10.195230895540547,96.0
2025-07-01,R0B,SOUTH TYNESIDE AND SUNDERLAND NHS FOUNDATION TRUST,1382,1017,73.589001447178,10.4255319148936,25.6270967741936,0,0,0,67.6774161686997,5.911585278478313,69.0
2025-07-01,RJC,SOUTH WARWICKSHIRE UNIVERSITY NHS FOUNDATION TRUST,548,472,86.13138686131386,8.4,21.916,1,0,0,67.6774161686997,18.453970692614163,42.0
2025-07-01,RXG,SOUTH WEST YORKSHIRE PARTNERSHIP NHS FOUNDATION TRUST,0,0,,,,0,0,0,67.6774161686997,,
2025-07-01,RJ7,ST GEORGE'S UNIVERSITY HOSPITALS NHS FOUNDATION TRUST,1302,980,75.26881720430107,9.67924528301887,30.96,7,3,0,67.6774161686997,7.591401035601379,67.0
2025-07-01,RWJ,STOCKPORT NHS FOUNDATION TRUST,1263,764,60.490894695170226,13.3970588235294,39.5306666666667,6,0,0,67.6774161686997,-7.186521473529467,92.0
2025-07-01,RTP,SURREY AND SUSSEX HEALTHCARE NHS TRUST,928,648,69.82758620689656,11.1111111111111,28.0542857142857,3,2,0,67.6774161686997,2.150170038196862,76.0
2025-07-01,RDR,SUSSEX COMMUNITY NHS FOUNDATION TRUST,591,551,93.23181049069373,6.68055555555556,17.636,0,0,0,67.6774161686997,25.55439432199404,18.0
2025-07-01,RMP,TAMESIDE AND GLOSSOP INTEGRATED CARE NHS FOUNDATION TRUST,351,320,91.16809116809117,8.5,18.4866666666667,0,0,0,67.6774161686997,23.490674999391473,22.0
2025-07-01,RBV,THE CHRISTIE NHS FOUNDATION TRUST,0,0,,,,0,0,0,67.6774161686997,,
2025-07-01,REN,THE CLATTERBRIDGE CANCER CENTRE NHS FOUNDATION TRUST,0,0,,,,0,0,0,67.6774161686997,,
2025-07-01,RNA,THE DUDLEY GROUP NHS FOUNDATION TRUST,775,600,77.41935483870968,7.07352941176471,25.3636363636364,0,0,0,67.6774161686997,9.741938670009986,62.0
2025-07-01,RAS,THE HILLINGDON HOSPITALS NHS FOUNDATION TRUST,1101,394,35.78564940962761,22.984375,46.9485714285714,47,0,0,67.6774161686997,-31.891766759072084,120.0
2025-07-01,RTD,THE NEWCASTLE UPON TYNE HOSPITALS NHS FOUNDATION TRUST,799,617,77.2215269086358,8.78846153846154,24.8977777777778,0,0,0,67.6774161686997,9.544110739936102,63.0
2025-07-01,RQW,THE PRINCESS ALEXANDRA HOSPITAL NHS TRUST,1698,879,51.76678445229682,17.3617021276596,45.9475,45,3,3,67.6774161686997,-15.910631716402875,107.0
2025-07-01,RCX,"THE QUEEN ELIZABETH HOSPITAL, KING'S LYNN, NHS FOUNDATION TRUST",876,407,46.46118721461187,19.3913043478261,45.784,10,0,0,67.6774161686997,-21.216228954087825,113.0
2025-07-01,RL1,THE ROBERT JONES AND AGNES HUNT ORTHOPAEDIC HOSPITAL NHS FOUNDATION TRUST,1222,633,51.800327332242226,17.4883720930233,42.8290909090909,23,3,0,67.6774161686997,-15.877088836457467,106.0
2025-07-01,RFR,THE ROTHERHAM NHS FOUNDATION TRUST,888,702,79.05405405405406,9.03125,23.664,0,0,0,67.6774161686997,11.37663788535437,56.0
2025-07-01,RPY,THE ROYAL MARSDEN NHS FOUNDATION TRUST,0,0,,,,0,0,0,67.6774161686997,,
2025-07-01,RRJ,THE ROYAL ORTHOPAEDIC HOSPITAL NHS FOUNDATION TRUST,0,0,,,,0,0,0,67.6774161686997,,
2025-07-01,RL4,THE ROYAL WOLVERHAMPTON NHS TRUST,1755,1212,69.05982905982906,11.9805194805195,29.7571428571429,0,0,0,67.6774161686997,1.3824128911293627,78.0
2025-07-01,RXW,THE SHREWSBURY AND TELFORD HOSPITAL NHS TRUST,0,0,,,,0,0,0,67.6774161686997,,
2025-07-01,RET,THE WALTON CENTRE NHS FOUNDATION TRUST,0,0,,,,0,0,0,67.6774161686997,,
2025-07-01,RA9,TORBAY AND SOUTH DEVON NHS FOUNDATION TRUST,795,685,86.16352201257862,6.97413793103448,22.4266666666667,1,0,0,67.6774161686997,18.48610584387893,41.0
2025-07-01,RWD,UNITED LINCOLNSHIRE TEACHING HOSPITALS NHS TRUST,1747,726,41.55695477962221,22.4655172413793,48.1317647058824,82,0,0,67.6774161686997,-26.120461389077484,118.0
2025-07-01,RRV,UNIVERSITY COLLEGE LONDON HOSPITALS NHS FOUNDATION TRUST,1322,687,51.96671709531013,17.4090909090909,43.4628571428571,38,1,0,67.6774161686997,-15.710699073389563,104.0
2025-07-01,RHM,UNIVERSITY HOSPITAL SOUTHAMPTON NHS FOUNDATION TRUST,849,634,74.6760895170789,10.1774193548387,27.816,0,0,0,67.6774161686997,6.998673348379214,68.0
2025-07-01,RRK,UNIVERSITY HOSPITALS BIRMINGHAM NHS FOUNDATION TRUST,924,847,91.66666666666666,6.7,18.1621052631579,1,0,0,67.6774161686997,23.989250497966964,20.0
2025-07-01,RA7,UNIVERSITY HOSPITALS BRISTOL AND WESTON NHS FOUNDATION TRUST,636,484,76.10062893081762,8.2972972972973,35.4457142857143,0,0,0,67.6774161686997,8.423212762117927,65.0
2025-07-01,RKB,UNIVERSITY HOSPITALS COVENTRY AND WARWICKSHIRE NHS TRUST,778,633,81.36246786632391,8.83333333333333,25.845,0,0,0,67.6774161686997,13.685051697624218,50.0
2025-07-01,R0D,UNIVERSITY HOSPITALS DORSET NHS FOUNDATION TRUST,1315,1111,84.48669201520913,7.875,27.15,8,0,0,67.6774161686997,16.809275846509436,46.0
2025-07-01,RTG,UNIVERSITY HOSPITALS OF DERBY AND BURTON NHS FOUNDATION TRUST,1939,1376,70.96441464672512,10.5472972972973,32.3127272727273,22,0,0,67.6774161686997,3.286998478025424,73.0
2025-07-01,RWE,UNIVERSITY HOSPITALS OF LEICESTER NHS TRUST,4422,2150,48.62053369516056,18.488,37.3916417910448,29,2,0,67.6774161686997,-19.056882473539133,110.0
2025-07-01,RTX,UNIVERSITY HOSPITALS OF MORECAMBE BAY NHS FOUNDATION TRUST,949,834,87.88198103266596,7.48863636363636,20.5066666666667,0,0,0,67.6774161686997,20.20456486396627,35.0
2025-07-01,RJE,UNIVERSITY HOSPITALS OF NORTH MIDLANDS NHS TRUST,0,0,,,,0,0,0,67.6774161686997,,
2025-07-01,RK9,UNIVERSITY HOSPITALS PLYMOUTH NHS TRUST,679,531,78.20324005891017,10.0217391304348,24.21,0,0,0,67.6774161686997,10.525823890210475,58.0
2025-07-01,RYR,UNIVERSITY HOSPITALS SUSSEX NHS FOUNDATION TRUST,1858,896,48.22389666307858,18.825,51.7270588235294,144,5,0,67.6774161686997,-19.453519505621117,111.0
2025-07-01,RBK,WALSALL HEALTHCARE NHS TRUST,692,521,75.28901734104046,10.1428571428571,27.7733333333333,0,0,0,67.6774161686997,7.6116011723407695,66.0
2025-07-01,RWW,WARRINGTON AND HALTON TEACHING HOSPITALS NHS FOUNDATION TRUST,968,515,53.20247933884298,16.6875,42.7244444444444,0,0,0,67.6774161686997,-14.474936829856716,103.0
2025-07-01,RWG,WEST HERTFORDSHIRE TEACHING HOSPITALS NHS TRUST,640,579,90.46875,7.03125,18.4083333333333,0,0,0,67.6774161686997,22.791333831300307,26.0
2025-07-01,RGR,WEST SUFFOLK NHS FOUNDATION TRUST,415,387,93.25301204819277,6.39655172413793,15.96,0,0,0,67.6774161686997,25.57559587949308,17.0
2025-07-01,RKE,WHITTINGTON HEALTH NHS TRUST,186,186,100.0,2.96296296296296,11.89,0,0,0,67.6774161686997,32.32258383130031,1.0
2025-07-01,RBL,WIRRAL UNIVERSITY TEACHING HOSPITAL NHS FOUNDATION TRUST,1104,608,55.072463768115945,16.2413793103448,48.5257142857143,67,0,0,67.6774161686997,-12.604952400583748,100.0
2025-07-01,RWP,WORCESTERSHIRE ACUTE HOSPITALS NHS TRUST,633,540,85.30805687203792,8.10294117647059,21.5257142857143,0,0,0,67.6774161686997,17.63064070333823,45.0
2025-07-01,RRF,"WRIGHTINGTON, WIGAN AND LEIGH NHS FOUNDATION TRUST",1021,732,71.69441723800196,10.5769230769231,29.5911111111111,2,0,0,67.6774161686997,4.0170010693022675,71.0
2025-07-01,RLQ,WYE VALLEY NHS TRUST,508,443,87.20472440944881,9.52173913043478,22.472,0,0,0,67.6774161686997,19.52730824074912,38.0
2025-07-01,RCB,YORK AND SCARBOROUGH TEACHING HOSPITALS NHS FOUNDATION TRUST,493,452,91.68356997971603,6.92045454545454,18.39,0,0,0,67.6774161686997,24.006153811016333,19.0
2025-08-01,RCF,AIREDALE NHS FOUNDATION TRUST,401,318,79.30174563591022,9.53571428571429,26.92,0,0,0,66.74572237495384,12.55602326095638,55.0
2025-08-01,RBS,ALDER HEY CHILDREN'S NHS FOUNDATION TRUST,0,0,,,,0,0,0,66.74572237495384,,
2025-08-01,RTK,ASHFORD AND ST PETER'S HOSPITALS NHS FOUNDATION TRUST,363,278,76.5840220385675,9.97916666666667,30.74,1,0,0,66.74572237495384,9.838299663613654,63.0
2025-08-01,RF4,"BARKING, HAVERING AND REDBRIDGE UNIVERSITY HOSPITALS NHS TRUST",474,398,83.96624472573839,6.32,24.0266666666667,0,0,0,66.74572237495384,17.22052235078455,41.0
2025-08-01,RFF,BARNSLEY HOSPITAL NHS FOUNDATION TRUST,422,393,93.12796208530806,8.26086956521739,17.524,0,0,0,66.74572237495384,26.382239710354213,16.0
2025-08-01,R1H,BARTS HEALTH NHS TRUST,1300,1007,77.46153846153845,9.3448275862069,33.2105263157895,4,0,0,66.74572237495384,10.71581608658461,57.0
2025-08-01,RC9,BEDFORDSHIRE HOSPITALS NHS FOUNDATION TRUST,806,763,94.6650124069479,6.36363636363636,15.4573913043478,0,0,0,66.74572237495384,27.919290031994052,12.0
2025-08-01,RWX,BERKSHIRE HEALTHCARE NHS FOUNDATION TRUST,0,0,,,,0,0,0,66.74572237495384,,
2025-08-01,RYW,BIRMINGHAM COMMUNITY HEALTHCARE NHS FOUNDATION TRUST,0,0,,,,0,0,0,66.74572237495384,,
2025-08-01,RQ3,BIRMINGHAM WOMEN'S AND CHILDREN'S NHS FOUNDATION TRUST,0,0,,,,0,0,0,66.74572237495384,,
2025-08-01,RXL,BLACKPOOL TEACHING HOSPITALS NHS FOUNDATION TRUST,958,541,56.471816283924845,15.7241379310345,39.472,3,2,0,66.74572237495384,-10.273906091028998,98.0
2025-08-01,RMC,BOLTON NHS FOUNDATION TRUST,317,302,95.26813880126183,5.90740740740741,13.9485714285714,0,0,0,66.74572237495384,28.522416426307984,10.0
2025-08-01,TAD,BRADFORD DISTRICT CARE NHS FOUNDATION TRUST,0,0,,,,0,0,0,66.74572237495384,,
2025-08-01,RAE,BRADFORD TEACHING HOSPITALS NHS FOUNDATION TRUST,611,521,85.27004909983633,8.12857142857143,22.8746666666667,0,0,0,66.74572237495384,18.524326724882485,36.0
2025-08-01,RXQ,BUCKINGHAMSHIRE HEALTHCARE NHS TRUST,806,476,59.05707196029777,15.1538461538462,48.752,31,0,0,66.74572237495384,-7.688650414656074,94.0
2025-08-01,RWY,CALDERDALE AND HUDDERSFIELD NHS FOUNDATION TRUST,1191,711,59.69773299748111,14.7448979591837,35.3022222222222,2,0,0,66.74572237495384,-7.047989377472732,92.0
2025-08-01,RGT,CAMBRIDGE UNIVERSITY HOSPITALS NHS FOUNDATION TRUST,1904,1414,74.26470588235294,9.63934426229508,26.1613793103448,1,0,0,66.74572237495384,7.518983507399099,69.0
2025-08-01,RT1,CAMBRIDGESHIRE AND PETERBOROUGH NHS FOUNDATION TRUST,0,0,,,,0,0,0,66.74572237495384,,
2025-08-01,RQM,CHELSEA AND WESTMINSTER HOSPITAL NHS FOUNDATION TRUST,1649,1100,66.7070952092177,11.7222222222222,32.6357894736842,0,0,0,66.74572237495384,-0.038627165736144775,83.0
2025-08-01,RFS,CHESTERFIELD ROYAL HOSPITAL NHS FOUNDATION TRUST,910,382,41.97802197802198,21.9545454545455,47.825,23,0,0,66.74572237495384,-24.767700396931865,118.0
2025-08-01,RJ8,CORNWALL PARTNERSHIP NHS FOUNDATION TRUST,0,0,,,,0,0,0,66.74572237495384,,
2025-08-01,RJR,COUNTESS OF CHESTER HOSPITAL NHS FOUNDATION TRUST,667,297,44.527736131934034,21.6111111111111,55.3771428571429,84,1,0,66.74572237495384,-22.21798624301981,115.0
2025-08-01,RXP,COUNTY DURHAM AND DARLINGTON NHS FOUNDATION TRUST,750,451,60.13333333333334,14.4814814814815,30.6923076923077,1,0,0,66.74572237495384,-6.612389041620503,91.0
2025-08-01,RJ6,CROYDON HEALTH SERVICES NHS TRUST,1119,754,67.38159070598749,11.5975609756098,28.1357575757576,0,0,0,66.74572237495384,0.6358683310336488,80.0
2025-08-01,RX4,"CUMBRIA, NORTHUMBERLAND, TYNE AND WEAR NHS FOUNDATION TRUST",0,0,,,,0,0,0,66.74572237495384,,
2025-08-01,RN7,DARTFORD AND GRAVESHAM NHS TRUST,0,0,,,,0,0,0,66.74572237495384,,
2025-08-01,RP5,DONCASTER AND BASSETLAW TEACHING HOSPITALS NHS FOUNDATION TRUST,998,719,72.0440881763527,11.6176470588235,29.395,0,0,0,66.74572237495384,5.298365801398859,72.0
2025-08-01,RBD,DORSET COUNTY HOSPITAL NHS FOUNDATION TRUST,1,1,100.0,,,0,0,0,66.74572237495384,33.25427762504616,1.0
2025-08-01,RWH,EAST AND NORTH HERTFORDSHIRE NHS TRUST,943,562,59.597030752916226,15.3285714285714,30.7781818181818,2,0,0,66.74572237495384,-7.148691622037617,93.0
2025-08-01,RJN,EAST CHESHIRE NHS TRUST,0,0,,,,0,0,0,66.74572237495384,,
2025-08-01,RVV,EAST KENT HOSPITALS UNIVERSITY NHS FOUNDATION TRUST,3511,1461,41.61207633152948,21.4593023255814,46.5709803921569,67,0,0,66.74572237495384,-25.133646043424363,119.0
2025-08-01,RXR,EAST LANCASHIRE HOSPITALS NHS TRUST,928,562,60.560344827586206,14.2777777777778,37.9657142857143,6,0,0,66.74572237495384,-6.1853775473676365,89.0
2025-08-01,RDE,EAST SUFFOLK AND NORTH ESSEX NHS FOUNDATION TRUST,1801,1381,76.67962243198222,10.3071428571429,23.8262857142857,0,0,0,66.74572237495384,9.933900057028382,62.0
2025-08-01,RXC,EAST SUSSEX HEALTHCARE NHS TRUST,933,845,90.56806002143622,7.13095238095238,21.4533333333333,1,0,0,66.74572237495384,23.82233764648238,22.0
2025-08-01,RVR,EPSOM AND ST HELIER UNIVERSITY HOSPITALS NHS TRUST,734,493,67.16621253405994,11.0,33.056,8,2,0,66.74572237495384,0.42049015910609455,81.0
2025-08-01,RDU,FRIMLEY HEALTH NHS FOUNDATION TRUST,641,591,92.1996879875195,7.30263157894737,17.9288888888889,0,0,0,66.74572237495384,25.453965612565653,18.0
2025-08-01,RR7,GATESHEAD HEALTH NHS FOUNDATION TRUST,500,306,61.199999999999996,14.1428571428571,32.8333333333333,0,0,0,66.74572237495384,-5.545722374953847,88.0
2025-08-01,RLT,GEORGE ELIOT HOSPITAL NHS TRUST,293,270,92.15017064846417,4.64583333333333,17.78,0,0,0,66.74572237495384,25.404448273510326,19.0
2025-08-01,RTE,GLOUCESTERSHIRE HOSPITALS NHS FOUNDATION TRUST,1205,816,67.71784232365145,11.3269230769231,33.06,0,0,0,66.74572237495384,0.9721199486976104,77.0
2025-08-01,RP4,GREAT ORMOND STREET HOSPITAL FOR CHILDREN NHS FOUNDATION TRUST,0,0,,,,0,0,0,66.74572237495384,,
2025-08-01,RN3,GREAT WESTERN HOSPITALS NHS FOUNDATION TRUST,266,249,93.60902255639097,5.94736842105263,16.744,1,0,0,66.74572237495384,26.863300181437126,15.0
2025-08-01,RJ1,GUY'S AND ST THOMAS' NHS FOUNDATION TRUST,422,406,96.2085308056872,4.68571428571429,15.024,0,0,0,66.74572237495384,29.46280843073336,9.0
2025-08-01,RW1,HAMPSHIRE AND ISLE OF WIGHT HEALTHCARE NHS FOUNDATION TRUST,85,85,100.0,4.65384615384615,9.88571428571429,0,0,0,66.74572237495384,33.25427762504616,1.0
2025-08-01,RN5,HAMPSHIRE HOSPITALS NHS FOUNDATION TRUST,1826,940,51.478641840087626,17.4130434782609,40.9431578947368,26,4,0,66.74572237495384,-15.267080534866217,108.0
2025-08-01,RCD,HARROGATE AND DISTRICT NHS FOUNDATION TRUST,325,289,88.92307692307693,7.42307692307692,22.0,0,0,0,66.74572237495384,22.17735454812309,29.0
2025-08-01,R1A,HEREFORDSHIRE AND WORCESTERSHIRE HEALTH AND CARE NHS TRUST,0,0,,,,0,0,0,66.74572237495384,,
2025-08-01,RQX,HOMERTON HEALTHCARE NHS FOUNDATION TRUST,219,214,97.71689497716895,3.725,9.78285714285714,0,0,0,66.74572237495384,30.971172602215105,8.0
2025-08-01,RWA,HULL UNIVERSITY TEACHING HOSPITALS NHS TRUST,971,745,76.72502574665293,10.4767441860465,32.915,8,0,0,66.74572237495384,9.979303371699089,61.0
2025-08-01,RYJ,IMPERIAL COLLEGE HEALTHCARE NHS TRUST,804,618,76.86567164179104,8.67741935483871,29.2233333333333,2,0,0,66.74572237495384,10.119949266837196,60.0
2025-08-01,R1F,ISLE OF WIGHT NHS TRUST,501,421,84.03193612774452,6.28125,22.16,0,0,0,66.74572237495384,17.286213752790673,40.0
2025-08-01,RGP,JAMES PAGET UNIVERSITY HOSPITALS NHS FOUNDATION TRUST,420,361,85.95238095238096,8.38461538461539,23.7636363636364,2,0,0,66.74572237495384,19.20665857742712,35.0
2025-08-01,RYY,KENT COMMUNITY HEALTH NHS FOUNDATION TRUST,0,0,,,,0,0,0,66.74572237495384,,
2025-08-01,RNQ,KETTERING GENERAL HOSPITAL NHS FOUNDATION TRUST,910,563,61.86813186813187,13.7058823529412,32.9111111111111,2,0,0,66.74572237495384,-4.877590506821974,85.0
2025-08-01,RJZ,KING'S COLLEGE HOSPITAL NHS FOUNDATION TRUST,1118,887,79.3381037567084,7.0,26.1422222222222,1,0,0,66.74572237495384,12.592381381754564,54.0
2025-08-01,RAX,KINGSTON AND RICHMOND NHS FOUNDATION TRUST,507,481,94.87179487179486,5.86170212765957,14.944,0,0,0,66.74572237495384,28.12607249684102,11.0
2025-08-01,RW5,LANCASHIRE & SOUTH CUMBRIA NHS FOUNDATION TRUST,379,328,86.54353562005277,6.14705882352941,19.8114285714286,0,0,0,66.74572237495384,19.797813245098922,34.0
2025-08-01,RXN,LANCASHIRE TEACHING HOSPITALS NHS FOUNDATION TRUST,0,0,,,,0,0,0,66.74572237495384,,
2025-08-01,RR8,LEEDS TEACHING HOSPITALS NHS TRUST,2237,1395,62.36030397854269,13.4583333333333,31.4529032258065,0,0,0,66.74572237495384,-4.385418396411154,84.0
2025-08-01,RJ2,LEWISHAM AND GREENWICH NHS TRUST,721,598,82.94036061026353,7.453125,24.9028571428572,3,1,0,66.74572237495384,16.194638235309682,45.0
2025-08-01,RP7,LINCOLNSHIRE PARTNERSHIP NHS FOUNDATION TRUST,0,0,,,,0,0,0,66.74572237495384,,
2025-08-01,RBQ,LIVERPOOL HEART AND CHEST HOSPITAL NHS FOUNDATION TRUST,0,0,,,,0,0,0,66.74572237495384,,
2025-08-01,REM,LIVERPOOL UNIVERSITY HOSPITALS NHS FOUNDATION TRUST,724,539,74.4475138121547,9.57692307692308,23.8548148148148,0,0,0,66.74572237495384,7.701791437200853,67.0
2025-08-01,REP,LIVERPOOL WOMEN'S NHS FOUNDATION TRUST,0,0,,,,0,0,0,66.74572237495384,,
2025-08-01,R1K,LONDON NORTH WEST UNIVERSITY HEALTHCARE NHS TRUST,722,638,88.36565096952909,6.02380952380952,21.28,0,0,0,66.74572237495384,21.619928594575242,31.0
2025-08-01,RWF,MAIDSTONE AND TUNBRIDGE WELLS NHS TRUST,459,456,99.34640522875817,4.54444444444444,11.48,0,0,0,66.74572237495384,32.60068285380433,6.0
2025-08-01,R0A,MANCHESTER UNIVERSITY NHS FOUNDATION TRUST,1367,952,69.64155084125822,8.4875,39.0492307692308,0,0,0,66.74572237495384,2.89582846630438,74.0
2025-08-01,RPA,MEDWAY NHS FOUNDATION TRUST,3045,1246,40.91954022988506,22.7881355932203,46.1897435897436,25,0,0,66.74572237495384,-25.826182145068785,121.0
2025-08-01,RBN,MERSEY AND WEST LANCASHIRE TEACHING HOSPITALS NHS TRUST,1388,783,56.41210374639769,14.8928571428571,45.4422222222222,33,0,0,66.74572237495384,-10.333618628556152,99.0
2025-08-01,RW4,MERSEY CARE NHS FOUNDATION TRUST,0,0,,,,0,0,0,66.74572237495384,,
2025-08-01,RAJ,MID AND SOUTH ESSEX NHS FOUNDATION TRUST,2963,1682,56.76679041511981,14.5845070422535,53.4072727272727,255,4,0,66.74572237495384,-9.978931959834036,97.0
2025-08-01,RBT,MID CHESHIRE HOSPITALS NHS FOUNDATION TRUST,1164,519,44.58762886597938,21.05,48.4925,45,1,0,66.74572237495384,-22.15809350897446,114.0
2025-08-01,RXF,MID YORKSHIRE TEACHING NHS TRUST,923,515,55.79631635969664,15.2045454545455,34.88,0,0,0,66.74572237495384,-10.949406015257203,101.0
2025-08-01,RRE,MIDLANDS PARTNERSHIP UNIVERSITY NHS FOUNDATION TRUST,3732,3511,94.07824222936763,6.06467661691542,16.1146666666667,1,0,0,66.74572237495384,27.33251985441379,14.0
2025-08-01,RD8,MILTON KEYNES UNIVERSITY HOSPITAL NHS FOUNDATION TRUST,1509,925,61.29887342611001,13.921875,41.7811764705882,40,2,0,66.74572237495384,-5.446848948843829,87.0
2025-08-01,RP6,MOORFIELDS EYE HOSPITAL NHS FOUNDATION TRUST,0,0,,,,0,0,0,66.74572237495384,,
2025-08-01,RM1,NORFOLK AND NORWICH UNIVERSITY HOSPITALS NHS FOUNDATION TRUST,989,880,88.97876643073812,8.63709677419355,19.6254545454545,1,0,0,66.74572237495384,22.233044055784276,28.0
2025-08-01,RVJ,NORTH BRISTOL NHS TRUST,1199,809,67.47289407839867,12.0641025641026,30.4616666666667,0,0,0,66.74572237495384,0.7271717034448244,79.0
2025-08-01,RNN,NORTH CUMBRIA INTEGRATED CARE NHS FOUNDATION TRUST,1268,665,52.444794952681384,16.741935483871,38.5046153846154,10,0,0,66.74572237495384,-14.300927422272459,104.0
2025-08-01,RVW,NORTH TEES AND HARTLEPOOL NHS FOUNDATION TRUST,587,453,77.17206132879046,8.79166666666667,26.3466666666667,0,0,0,66.74572237495384,10.42633895383662,59.0
2025-08-01,RGN,NORTH WEST ANGLIA NHS FOUNDATION TRUST,1534,668,43.54628422425033,21.7647058823529,49.3488888888889,85,0,0,66.74572237495384,-23.199438150703514,117.0
2025-08-01,RNS,NORTHAMPTON GENERAL HOSPITAL NHS TRUST,504,453,89.88095238095238,8.57142857142857,20.2266666666667,0,0,0,66.74572237495384,23.135230005998537,26.0
2025-08-01,RM3,NORTHERN CARE ALLIANCE NHS FOUNDATION TRUST,2501,1537,61.45541783286686,14.4041095890411,42.2690909090909,43,0,0,66.74572237495384,-5.290304542086986,86.0
2025-08-01,RJL,NORTHERN LINCOLNSHIRE AND GOOLE NHS FOUNDATION TRUST,959,540,56.308654848800835,15.7678571428571,35.38,1,0,0,66.74572237495384,-10.437067526153008,100.0
2025-08-01,RTF,NORTHUMBRIA HEALTHCARE NHS FOUNDATION TRUST,772,706,91.45077720207254,8.64912280701754,18.848,0,0,0,66.74572237495384,24.7050548271187,20.0
2025-08-01,RX1,NOTTINGHAM UNIVERSITY HOSPITALS NHS TRUST,885,685,77.40112994350282,10.8295454545455,24.22,0,0,0,66.74572237495384,10.65540756854898,58.0
2025-08-01,RTH,OXFORD UNIVERSITY HOSPITALS NHS FOUNDATION TRUST,1331,1062,79.78963185574756,7.73780487804878,29.3013333333333,4,0,0,66.74572237495384,13.043909480793715,52.0
2025-08-01,RPG,OXLEAS NHS FOUNDATION TRUST,0,0,,,,0,0,0,66.74572237495384,,
2025-08-01,RHU,PORTSMOUTH HOSPITALS UNIVERSITY NHS TRUST,487,481,98.76796714579056,6.6219512195122,15.1169230769231,0,0,0,66.74572237495384,32.02224477083672,7.0
2025-08-01,RPC,QUEEN VICTORIA HOSPITAL NHS FOUNDATION TRUST,53,45,84.90566037735849,12.5,20.38,0,0,0,66.74572237495384,18.159938002404644,37.0
2025-08-01,RHW,ROYAL BERKSHIRE NHS FOUNDATION TRUST,483,410,84.88612836438924,9.17307692307692,21.92,0,0,0,66.74572237495384,18.140405989435394,38.0
2025-08-01,REF,ROYAL CORNWALL HOSPITALS NHS TRUST,769,724,94.148244473342,6.83620689655172,16.7653333333333,0,0,0,66.74572237495384,27.40252209838816,13.0
2025-08-01,RH8,ROYAL DEVON UNIVERSITY HEALTHCARE NHS FOUNDATION TRUST,717,577,80.4741980474198,8.43421052631579,28.328,1,1,0,66.74572237495384,13.728475672465962,49.0
2025-08-01,RAL,ROYAL FREE LONDON NHS FOUNDATION TRUST,3583,1955,54.5632151828077,16.4438775510204,41.855,5,0,0,66.74572237495384,-12.18250719214614,103.0
2025-08-01,RAN,ROYAL NATIONAL ORTHOPAEDIC HOSPITAL NHS TRUST,163,142,87.11656441717791,7.54166666666667,20.9933333333333,0,0,0,66.74572237495384,20.37084204222407,33.0
2025-08-01,RGM,ROYAL PAPWORTH HOSPITAL NHS FOUNDATION TRUST,0,0,,,,0,0,0,66.74572237495384,,
2025-08-01,RA2,ROYAL SURREY COUNTY HOSPITAL NHS FOUNDATION TRUST,187,170,90.9090909090909,7.375,20.52,1,0,0,66.74572237495384,24.163368534137064,21.0
2025-08-01,RD1,ROYAL UNITED HOSPITALS BATH NHS FOUNDATION TRUST,1589,962,60.541220893643796,14.4322033898305,33.05875,0,0,0,66.74572237495384,-6.2045014813100465,90.0
2025-08-01,RNZ,SALISBURY NHS FOUNDATION TRUST,969,463,47.781217750258,19.1153846153846,47.5890909090909,18,0,0,66.74572237495384,-18.96450462469584,112.0
2025-08-01,RXK,SANDWELL AND WEST BIRMINGHAM HOSPITALS NHS TRUST,701,616,87.87446504992867,8.1,20.6066666666667,2,0,0,66.74572237495384,21.12874267497483,32.0
2025-08-01,RCU,SHEFFIELD CHILDREN'S NHS FOUNDATION TRUST,0,0,,,,0,0,0,66.74572237495384,,
2025-08-01,RK5,SHERWOOD FOREST HOSPITALS NHS FOUNDATION TRUST,267,241,90.2621722846442,7.85294117647059,18.928,0,0,0,66.74572237495384,23.51644990969035,23.0
2025-08-01,R1D,SHROPSHIRE COMMUNITY HEALTH NHS TRUST,37,37,100.0,3.80769230769231,10.04,0,0,0,66.74572237495384,33.25427762504616,1.0
2025-08-01,RH5,SOMERSET NHS FOUNDATION TRUST,807,545,67.53407682775713,10.1206896551724,35.22,12,0,0,66.74572237495384,0.78835445280329,78.0
2025-08-01,RTR,SOUTH TEES HOSPITALS NHS FOUNDATION TRUST,1663,950,57.1256764882742,15.3981481481481,36.72,20,0,0,66.74572237495384,-9.620045886679641,96.0
2025-08-01,R0B,SOUTH TYNESIDE AND SUNDERLAND NHS FOUNDATION TRUST,1388,946,68.15561959654178,11.6785714285714,27.2553846153846,0,0,0,66.74572237495384,1.40989722158794,76.0
2025-08-01,RJC,SOUTH WARWICKSHIRE UNIVERSITY NHS FOUNDATION TRUST,562,473,84.16370106761566,7.48936170212766,23.704,0,0,0,66.74572237495384,17.41797869266182,39.0
2025-08-01,RXG,SOUTH WEST YORKSHIRE PARTNERSHIP NHS FOUNDATION TRUST,0,0,,,,0,0,0,66.74572237495384,,
2025-08-01,RJ7,ST GEORGE'S UNIVERSITY HOSPITALS NHS FOUNDATION TRUST,1289,953,73.933281613654,10.719696969697,29.8233333333333,7,1,0,66.74572237495384,7.18755923870016,70.0
2025-08-01,RWJ,STOCKPORT NHS FOUNDATION TRUST,1279,745,58.24863174354965,14.8977272727273,39.7786666666667,6,0,0,66.74572237495384,-8.497090631404191,95.0
2025-08-01,RTP,SURREY AND SUSSEX HEALTHCARE NHS TRUST,970,690,71.1340206185567,11.5849056603774,28.7882352941177,0,0,0,66.74572237495384,4.388298243602861,73.0
2025-08-01,RDR,SUSSEX COMMUNITY NHS FOUNDATION TRUST,644,580,90.06211180124224,7.94736842105263,19.248,0,0,0,66.74572237495384,23.316389426288396,25.0
2025-08-01,RMP,TAMESIDE AND GLOSSOP INTEGRATED CARE NHS FOUNDATION TRUST,374,337,90.10695187165776,8.47619047619048,18.59,0,0,0,66.74572237495384,23.361229496703913,24.0
2025-08-01,RBV,THE CHRISTIE NHS FOUNDATION TRUST,0,0,,,,0,0,0,66.74572237495384,,
2025-08-01,REN,THE CLATTERBRIDGE CANCER CENTRE NHS FOUNDATION TRUST,0,0,,,,0,0,0,66.74572237495384,,
2025-08-01,RNA,THE DUDLEY GROUP NHS FOUNDATION TRUST,809,612,75.64894932014833,7.51,26.9657142857143,1,0,0,66.74572237495384,8.90322694519449,65.0
2025-08-01,RAS,THE HILLINGDON HOSPITALS NHS FOUNDATION TRUST,1140,506,44.3859649122807,20.2571428571429,45.52,40,0,0,66.74572237495384,-22.359757462673144,116.0
2025-08-01,RTD,THE NEWCASTLE UPON TYNE HOSPITALS NHS FOUNDATION TRUST,767,610,79.53063885267275,7.38888888888889,24.955,0,0,0,66.74572237495384,12.784916477718909,53.0
2025-08-01,RQW,THE PRINCESS ALEXANDRA HOSPITAL NHS TRUST,1697,839,49.44018856806128,18.3653846153846,47.02,70,1,1,66.74572237495384,-17.305533806892562,110.0
2025-08-01,RCX,"THE QUEEN ELIZABETH HOSPITAL, KING'S LYNN, NHS FOUNDATION TRUST",876,453,51.71232876712328,16.8636363636364,46.5511111111111,12,0,0,66.74572237495384,-15.033393607830561,105.0
2025-08-01,RL1,THE ROBERT JONES AND AGNES HUNT ORTHOPAEDIC HOSPITAL NHS FOUNDATION TRUST,1201,661,55.037468776019985,16.26,42.84,19,0,0,66.74572237495384,-11.708253598933858,102.0
2025-08-01,RFR,THE ROTHERHAM NHS FOUNDATION TRUST,860,667,77.55813953488372,10.5454545454545,25.2733333333333,0,0,0,66.74572237495384,10.812417159929879,56.0
2025-08-01,RPY,THE ROYAL MARSDEN NHS FOUNDATION TRUST,0,0,,,,0,0,0,66.74572237495384,,
2025-08-01,RRJ,THE ROYAL ORTHOPAEDIC HOSPITAL NHS FOUNDATION TRUST,0,0,,,,0,0,0,66.74572237495384,,
2025-08-01,RL4,THE ROYAL WOLVERHAMPTON NHS TRUST,1700,1140,67.05882352941175,12.8117647058824,29.6206896551724,2,0,0,66.74572237495384,0.313101154457911,82.0
2025-08-01,RXW,THE SHREWSBURY AND TELFORD HOSPITAL NHS TRUST,0,0,,,,0,0,0,66.74572237495384,,
2025-08-01,RET,THE WALTON CENTRE NHS FOUNDATION TRUST,0,0,,,,0,0,0,66.74572237495384,,
2025-08-01,RA9,TORBAY AND SOUTH DEVON NHS FOUNDATION TRUST,708,577,81.49717514124293,8.39622641509434,26.2906666666667,0,0,0,66.74572237495384,14.751452766289091,47.0
2025-08-01,RWD,UNITED LINCOLNSHIRE TEACHING HOSPITALS NHS TRUST,1741,714,41.01091326823664,24.015625,49.5088,75,2,0,66.74572237495384,-25.7348091067172,120.0
2025-08-01,RRV,UNIVERSITY COLLEGE LONDON HOSPITALS NHS FOUNDATION TRUST,1352,671,49.6301775147929,18.1282051282051,42.884,43,2,0,66.74572237495384,-17.115544860160945,109.0
2025-08-01,RHM,UNIVERSITY HOSPITAL SOUTHAMPTON NHS FOUNDATION TRUST,814,556,68.3046683046683,11.7241379310345,30.32,1,0,0,66.74572237495384,1.5589459297144543,75.0
2025-08-01,RRK,UNIVERSITY HOSPITALS BIRMINGHAM NHS FOUNDATION TRUST,961,854,88.86576482830385,7.93859649122807,20.0683870967742,0,0,0,66.74572237495384,22.12004245335001,30.0
2025-08-01,RA7,UNIVERSITY HOSPITALS BRISTOL AND WESTON NHS FOUNDATION TRUST,691,514,74.38494934876991,9.61111111111111,37.5314285714286,0,0,0,66.74572237495384,7.639226973816065,68.0
2025-08-01,RKB,UNIVERSITY HOSPITALS COVENTRY AND WARWICKSHIRE NHS TRUST,730,585,80.13698630136986,9.15686274509804,23.4,0,0,0,66.74572237495384,13.391263926416016,51.0
2025-08-01,R0D,UNIVERSITY HOSPITALS DORSET NHS FOUNDATION TRUST,996,835,83.83534136546184,7.26,26.1885714285714,5,0,0,66.74572237495384,17.089618990508,42.0
2025-08-01,RTG,UNIVERSITY HOSPITALS OF DERBY AND BURTON NHS FOUNDATION TRUST,1854,1418,76.48327939590077,10.1272727272727,25.7131034482759,13,1,0,66.74572237495384,9.737557020946923,64.0
2025-08-01,RWE,UNIVERSITY HOSPITALS OF LEICESTER NHS TRUST,4284,1937,45.21475256769374,19.7272727272727,39.4435087719298,24,1,0,66.74572237495384,-21.5309698072601,113.0
2025-08-01,RTX,UNIVERSITY HOSPITALS OF MORECAMBE BAY NHS FOUNDATION TRUST,1023,855,83.57771260997067,8.65254237288136,23.0106666666667,0,0,0,66.74572237495384,16.831990235016832,43.0
2025-08-01,RJE,UNIVERSITY HOSPITALS OF NORTH MIDLANDS NHS TRUST,1,1,100.0,,,0,0,0,66.74572237495384,33.25427762504616,1.0
2025-08-01,RK9,UNIVERSITY HOSPITALS PLYMOUTH NHS TRUST,713,538,75.45582047685835,10.58,25.496,0,0,0,66.74572237495384,8.710098101904507,66.0
2025-08-01,RYR,UNIVERSITY HOSPITALS SUSSEX NHS FOUNDATION TRUST,1837,898,48.88405008165487,18.7884615384615,49.852,111,1,0,66.74572237495384,-17.861672293298973,111.0
2025-08-01,RBK,WALSALL HEALTHCARE NHS TRUST,584,480,82.1917808219178,7.9,28.4266666666667,0,0,0,66.74572237495384,15.44605844696396,46.0
2025-08-01,RWW,WARRINGTON AND HALTON TEACHING HOSPITALS NHS FOUNDATION TRUST,963,497,51.60955347871236,17.03125,45.6622222222222,5,0,0,66.74572237495384,-15.136168896241486,106.0
2025-08-01,RWG,WEST HERTFORDSHIRE TEACHING HOSPITALS NHS TRUST,706,590,83.56940509915015,9.0,21.6914285714286,1,0,0,66.74572237495384,16.823682724196303,44.0
2025-08-01,RGR,WEST SUFFOLK NHS FOUNDATION TRUST,471,438,92.99363057324841,7.43181818181818,16.16,2,1,0,66.74572237495384,26.247908198294567,17.0
2025-08-01,RKE,WHITTINGTON HEALTH NHS TRUST,197,197,100.0,4.73076923076923,14.62,0,0,0,66.74572237495384,33.25427762504616,1.0
2025-08-01,RBL,WIRRAL UNIVERSITY TEACHING HOSPITAL NHS FOUNDATION TRUST,1126,580,51.50976909413855,17.32,49.3244444444445,67,0,0,66.74572237495384,-15.235953280815295,107.0
2025-08-01,RWP,WORCESTERSHIRE ACUTE HOSPITALS NHS TRUST,666,541,81.23123123123122,9.17241379310345,23.7018181818182,0,0,0,66.74572237495384,14.485508856277377,48.0
2025-08-01,RRF,"WRIGHTINGTON, WIGAN AND LEIGH NHS FOUNDATION TRUST",978,708,72.39263803680981,10.1785714285714,27.64,2,0,0,66.74572237495384,5.646915661855971,71.0
2025-08-01,RLQ,WYE VALLEY NHS TRUST,490,394,80.40816326530611,10.8,25.2,1,1,0,66.74572237495384,13.662440890352272,50.0
2025-08-01,RCB,YORK AND SCARBOROUGH TEACHING HOSPITALS NHS FOUNDATION TRUST,566,508,89.75265017667844,8.33333333333333,19.36,0,0,0,66.74572237495384,23.0069278017246,27.0
2025-09-01,RCF,AIREDALE NHS FOUNDATION TRUST,379,294,77.57255936675462,9.35,27.42,0,0,0,67.02145324123273,10.551106125521883,58.0
2025-09-01,RBS,ALDER HEY CHILDREN'S NHS FOUNDATION TRUST,0,0,,,,0,0,0,67.02145324123273,,
2025-09-01,RTK,ASHFORD AND ST PETER'S HOSPITALS NHS FOUNDATION TRUST,360,260,72.22222222222221,11.9166666666667,35.0285714285714,1,0,0,67.02145324123273,5.20076898098948,70.0
2025-09-01,RF4,"BARKING, HAVERING AND REDBRIDGE UNIVERSITY HOSPITALS NHS TRUST",455,388,85.27472527472527,7.29166666666667,25.5333333333333,0,0,0,67.02145324123273,18.253272033492536,35.0
2025-09-01,RFF,BARNSLEY HOSPITAL NHS FOUNDATION TRUST,349,330,94.55587392550143,7.97727272727273,17.0088888888889,0,0,0,67.02145324123273,27.534420684268696,12.0
2025-09-01,R1H,BARTS HEALTH NHS TRUST,1306,999,76.49310872894334,9.90625,35.94,4,0,0,67.02145324123273,9.471655487710606,59.0
2025-09-01,RC9,BEDFORDSHIRE HOSPITALS NHS FOUNDATION TRUST,833,782,93.87755102040816,6.2875,16.6430769230769,0,0,0,67.02145324123273,26.85609777917543,15.0
2025-09-01,RWX,BERKSHIRE HEALTHCARE NHS FOUNDATION TRUST,0,0,,,,0,0,0,67.02145324123273,,
2025-09-01,RYW,BIRMINGHAM COMMUNITY HEALTHCARE NHS FOUNDATION TRUST,0,0,,,,0,0,0,67.02145324123273,,
2025-09-01,RQ3,BIRMINGHAM WOMEN'S AND CHILDREN'S NHS FOUNDATION TRUST,0,0,,,,0,0,0,67.02145324123273,,
2025-09-01,RXL,BLACKPOOL TEACHING HOSPITALS NHS FOUNDATION TRUST,964,544,56.43153526970954,15.6071428571429,34.0628571428571,4,1,0,67.02145324123273,-10.589917971523192,98.0
2025-09-01,RMC,BOLTON NHS FOUNDATION TRUST,291,282,96.90721649484536,6.41666666666667,12.9066666666667,0,0,0,67.02145324123273,29.885763253612623,9.0
2025-09-01,TAD,BRADFORD DISTRICT CARE NHS FOUNDATION TRUST,0,0,,,,0,0,0,67.02145324123273,,
2025-09-01,RAE,BRADFORD TEACHING HOSPITALS NHS FOUNDATION TRUST,503,444,88.27037773359841,7.59677419354839,21.152,1,0,0,67.02145324123273,21.248924492365674,27.0
2025-09-01,RXQ,BUCKINGHAMSHIRE HEALTHCARE NHS TRUST,710,407,57.32394366197183,15.0,44.82,13,0,0,67.02145324123273,-9.697509579260903,96.0
2025-09-01,RWY,CALDERDALE AND HUDDERSFIELD NHS FOUNDATION TRUST,1177,709,60.237892948173325,14.4886363636364,33.6218181818182,0,0,0,67.02145324123273,-6.783560293059409,91.0
2025-09-01,RGT,CAMBRIDGE UNIVERSITY HOSPITALS NHS FOUNDATION TRUST,1905,1390,72.96587926509186,9.64189189189189,28.1533333333333,0,0,0,67.02145324123273,5.944426023859123,66.0
2025-09-01,RT1,CAMBRIDGESHIRE AND PETERBOROUGH NHS FOUNDATION TRUST,0,0,,,,0,0,0,67.02145324123273,,
2025-09-01,RQM,CHELSEA AND WESTMINSTER HOSPITAL NHS FOUNDATION TRUST,1709,1127,65.94499707431247,12.2327586206897,32.564,0,0,0,67.02145324123273,-1.0764561669202664,80.0
2025-09-01,RFS,CHESTERFIELD ROYAL HOSPITAL NHS FOUNDATION TRUST,866,332,38.33718244803695,22.96,48.7146666666667,28,0,0,67.02145324123273,-28.684270793195786,120.0
2025-09-01,RJ8,CORNWALL PARTNERSHIP NHS FOUNDATION TRUST,0,0,,,,0,0,0,67.02145324123273,,
2025-09-01,RJR,COUNTESS OF CHESTER HOSPITAL NHS FOUNDATION TRUST,662,329,49.69788519637463,18.2,52.608,56,1,0,67.02145324123273,-17.323568044858106,111.0
2025-09-01,RXP,COUNTY DURHAM AND DARLINGTON NHS FOUNDATION TRUST,763,458,60.026212319790304,14.58,30.9942857142857,0,0,0,67.02145324123273,-6.995240921442431,93.0
2025-09-01,RJ6,CROYDON HEALTH SERVICES NHS TRUST,1114,783,70.28725314183124,11.5744680851064,27.744,1,0,0,67.02145324123273,3.265799900598509,74.0
2025-09-01,RX4,"CUMBRIA, NORTHUMBERLAND, TYNE AND WEAR NHS FOUNDATION TRUST",0,0,,,,0,0,0,67.02145324123273,,
2025-09-01,RN7,DARTFORD AND GRAVESHAM NHS TRUST,0,0,,,,0,0,0,67.02145324123273,,
2025-09-01,RP5,DONCASTER AND BASSETLAW TEACHING HOSPITALS NHS FOUNDATION TRUST,898,669,74.49888641425389,11.8205128205128,25.3781818181818,0,0,0,67.02145324123273,7.477433173021154,64.0
2025-09-01,RBD,DORSET COUNTY HOSPITAL NHS FOUNDATION TRUST,0,0,,,,0,0,0,67.02145324123273,,
2025-09-01,RWH,EAST AND NORTH HERTFORDSHIRE TEACHING NHS TRUST,979,595,60.776302349336056,14.4393939393939,29.9492307692308,0,0,0,67.02145324123273,-6.245150891896678,88.0
2025-09-01,RJN,EAST CHESHIRE NHS TRUST,0,0,,,,0,0,0,67.02145324123273,,
2025-09-01,RVV,EAST KENT HOSPITALS UNIVERSITY NHS FOUNDATION TRUST,3442,1372,39.860546194073216,22.2916666666667,45.783661971831,58,0,0,67.02145324123273,-27.16090704715952,119.0
2025-09-01,RXR,EAST LANCASHIRE HOSPITALS NHS TRUST,944,568,60.16949152542372,14.4242424242424,35.6042105263158,5,0,0,67.02145324123273,-6.851961715809011,92.0
2025-09-01,RDE,EAST SUFFOLK AND NORTH ESSEX NHS FOUNDATION TRUST,1864,1395,74.83905579399142,10.7469879518072,25.83,1,0,0,67.02145324123273,7.817602552758686,62.0
2025-09-01,RXC,EAST SUSSEX HEALTHCARE NHS TRUST,979,882,90.09193054136875,7.39516129032258,19.96,1,0,0,67.02145324123273,23.07047730013602,22.0
2025-09-01,RVR,EPSOM AND ST HELIER UNIVERSITY HOSPITALS NHS TRUST,642,443,69.00311526479751,11.7777777777778,35.41,9,3,0,67.02145324123273,1.9816620235647804,76.0
2025-09-01,RDU,FRIMLEY HEALTH NHS FOUNDATION TRUST,656,598,91.15853658536585,7.20689655172414,18.552,1,0,0,67.02145324123273,24.137083344133117,20.0
2025-09-01,RR7,GATESHEAD HEALTH NHS FOUNDATION TRUST,494,310,62.75303643724697,14.6,34.9257142857143,0,0,0,67.02145324123273,-4.268416803985765,84.0
2025-09-01,RLT,GEORGE ELIOT HOSPITAL NHS TRUST,307,290,94.46254071661238,5.29310344827586,14.5733333333333,0,0,0,67.02145324123273,27.441087475379646,13.0
2025-09-01,RTE,GLOUCESTERSHIRE HOSPITALS NHS FOUNDATION TRUST,1185,776,65.48523206751055,12.5326086956522,33.8,0,0,0,67.02145324123273,-1.5362211737221827,81.0
2025-09-01,RP4,GREAT ORMOND STREET HOSPITAL FOR CHILDREN NHS FOUNDATION TRUST,0,0,,,,0,0,0,67.02145324123273,,
2025-09-01,RN3,GREAT WESTERN HOSPITALS NHS FOUNDATION TRUST,272,264,97.05882352941177,4.78571428571429,14.1771428571429,0,0,0,67.02145324123273,30.037370288179034,7.0
2025-09-01,RJ1,GUY'S AND ST THOMAS' NHS FOUNDATION TRUST,450,438,97.33333333333334,3.82,14.0,0,0,0,67.02145324123273,30.31188009210061,6.0
2025-09-01,RW1,HAMPSHIRE AND ISLE OF WIGHT HEALTHCARE NHS FOUNDATION TRUST,65,65,100.0,4.72222222222222,10.8,0,0,0,67.02145324123273,32.978546758767266,1.0
2025-09-01,RN5,HAMPSHIRE HOSPITALS NHS FOUNDATION TRUST,1858,947,50.96878363832078,17.5263157894737,38.96,17,1,0,67.02145324123273,-16.052669602911955,107.0
2025-09-01,RCD,HARROGATE AND DISTRICT NHS FOUNDATION TRUST,328,300,91.46341463414635,6.74193548387097,18.5866666666667,0,0,0,67.02145324123273,24.441961392913612,19.0
2025-09-01,R1A,HEREFORDSHIRE AND WORCESTERSHIRE HEALTH AND CARE NHS TRUST,0,0,,,,0,0,0,67.02145324123273,,
2025-09-01,RQX,HOMERTON HEALTHCARE NHS FOUNDATION TRUST,240,236,98.33333333333333,3.66666666666667,12.1333333333333,0,0,0,67.02145324123273,31.311880092100594,5.0
2025-09-01,RWA,HULL UNIVERSITY TEACHING HOSPITALS NHS TRUST,1042,786,75.43186180422265,10.9791666666667,30.6066666666667,7,0,0,67.02145324123273,8.410408562989915,61.0
2025-09-01,RYJ,IMPERIAL COLLEGE HEALTHCARE NHS TRUST,819,648,79.12087912087912,8.04545454545454,28.62,6,0,0,67.02145324123273,12.09942587964639,54.0
2025-09-01,R1F,ISLE OF WIGHT NHS TRUST,513,417,81.28654970760235,5.86538461538461,21.8430769230769,0,0,0,67.02145324123273,14.265096466369613,49.0
2025-09-01,RGP,JAMES PAGET UNIVERSITY HOSPITALS NHS FOUNDATION TRUST,449,391,87.08240534521158,8.61363636363636,24.36,2,0,0,67.02145324123273,20.06095210397885,31.0
2025-09-01,RYY,KENT COMMUNITY HEALTH NHS FOUNDATION TRUST,0,0,,,,0,0,0,67.02145324123273,,
2025-09-01,RNQ,KETTERING GENERAL HOSPITAL NHS FOUNDATION TRUST,931,565,60.68743286788399,14.26,32.7514285714286,1,0,0,67.02145324123273,-6.334020373348743,89.0
2025-09-01,RJZ,KING'S COLLEGE HOSPITAL NHS FOUNDATION TRUST,1168,949,81.25,6.42222222222222,25.6977777777778,1,0,0,67.02145324123273,14.228546758767266,50.0
2025-09-01,RAX,KINGSTON AND RICHMOND NHS FOUNDATION TRUST,692,652,94.21965317919076,4.38636363636364,14.728,0,0,0,67.02145324123273,27.198199937958023,14.0
2025-09-01,RW5,LANCASHIRE & SOUTH CUMBRIA NHS FOUNDATION TRUST,373,325,87.1313672922252,7.06,19.3866666666667,0,0,0,67.02145324123273,20.109914050992472,30.0
2025-09-01,RXN,LANCASHIRE TEACHING HOSPITALS NHS FOUNDATION TRUST,0,0,,,,0,0,0,67.02145324123273,,
2025-09-01,RR8,LEEDS TEACHING HOSPITALS NHS TRUST,1966,1251,63.63173957273652,13.0,30.7547826086957,0,0,0,67.02145324123273,-3.3897136684962135,83.0
2025-09-01,RJ2,LEWISHAM AND GREENWICH NHS TRUST,771,668,86.64072632944229,8.47777777777778,23.58,1,1,0,67.02145324123273,19.619273088209553,32.0
2025-09-01,RP7,LINCOLNSHIRE PARTNERSHIP NHS FOUNDATION TRUST,0,0,,,,0,0,0,67.02145324123273,,
2025-09-01,RBQ,LIVERPOOL HEART AND CHEST HOSPITAL NHS FOUNDATION TRUST,0,0,,,,0,0,0,67.02145324123273,,
2025-09-01,REM,LIVERPOOL UNIVERSITY HOSPITALS NHS FOUNDATION TRUST,692,523,75.57803468208093,10.5,25.1466666666667,0,0,0,67.02145324123273,8.556581440848191,60.0
2025-09-01,REP,LIVERPOOL WOMEN'S NHS FOUNDATION TRUST,0,0,,,,0,0,0,67.02145324123273,,
2025-09-01,R1K,LONDON NORTH WEST UNIVERSITY HEALTHCARE NHS TRUST,611,526,86.08837970540098,6.41891891891892,22.015,0,0,0,67.02145324123273,19.066926464168247,33.0
2025-09-01,RWF,MAIDSTONE AND TUNBRIDGE WELLS NHS TRUST,498,497,99.79919678714859,4.56410256410256,11.885,0,0,0,67.02145324123273,32.777743545915854,4.0
2025-09-01,R0A,MANCHESTER UNIVERSITY NHS FOUNDATION TRUST,1252,904,72.20447284345049,8.59090909090909,35.57,1,0,0,67.02145324123273,5.183019602217755,71.0
2025-09-01,RPA,MEDWAY NHS FOUNDATION TRUST,3077,1239,40.26649333766656,22.5982142857143,46.3871186440678,23,0,0,67.02145324123273,-26.754959903566174,118.0
2025-09-01,RBN,MERSEY AND WEST LANCASHIRE TEACHING HOSPITALS NHS TRUST,1384,807,58.309248554913296,13.9032258064516,46.0215384615385,35,0,0,67.02145324123273,-8.712204686319438,94.0
2025-09-01,RW4,MERSEY CARE NHS FOUNDATION TRUST,0,0,,,,0,0,0,67.02145324123273,,
2025-09-01,RAJ,MID AND SOUTH ESSEX NHS FOUNDATION TRUST,3052,1715,56.19266055045872,15.2826086956522,51.84,240,5,0,67.02145324123273,-10.828792690774016,99.0
2025-09-01,RBT,MID CHESHIRE HOSPITALS NHS FOUNDATION TRUST,1179,538,45.631891433418154,20.5576923076923,49.6072727272727,48,1,0,67.02145324123273,-21.38956180781458,113.0
2025-09-01,RXF,MID YORKSHIRE TEACHING NHS TRUST,849,456,53.71024734982333,16.9,35.5490909090909,0,0,0,67.02145324123273,-13.311205891409408,102.0
2025-09-01,RRE,MIDLANDS PARTNERSHIP UNIVERSITY NHS FOUNDATION TRUST,3961,3710,93.66321635950517,5.94776119402985,17.0018181818182,3,0,0,67.02145324123273,26.641763118272436,16.0
2025-09-01,RD8,MILTON KEYNES UNIVERSITY HOSPITAL NHS FOUNDATION TRUST,1625,981,60.36923076923076,14.9596774193548,40.5,29,0,0,67.02145324123273,-6.652222472001974,90.0
2025-09-01,RP6,MOORFIELDS EYE HOSPITAL NHS FOUNDATION TRUST,0,0,,,,0,0,0,67.02145324123273,,
2025-09-01,RM1,NORFOLK AND NORWICH UNIVERSITY HOSPITALS NHS FOUNDATION TRUST,968,866,89.46280991735537,8.6551724137931,20.5085714285714,2,0,0,67.02145324123273,22.441356676122638,23.0
2025-09-01,RVJ,NORTH BRISTOL NHS TRUST,1189,772,64.92851135407905,12.5833333333333,31.6586666666667,0,0,0,67.02145324123273,-2.0929418871536853,82.0
2025-09-01,RNN,NORTH CUMBRIA INTEGRATED CARE NHS FOUNDATION TRUST,1292,674,52.1671826625387,17.2820512820513,41.1915789473684,13,0,0,67.02145324123273,-14.854270578694035,106.0
2025-09-01,RVW,NORTH TEES AND HARTLEPOOL NHS FOUNDATION TRUST,508,406,79.92125984251969,10.0588235294118,25.09,0,0,0,67.02145324123273,12.899806601286954,52.0
2025-09-01,RGN,NORTH WEST ANGLIA NHS FOUNDATION TRUST,1475,670,45.42372881355932,20.5869565217391,48.8666666666667,60,0,0,67.02145324123273,-21.597724427673413,115.0
2025-09-01,RNS,NORTHAMPTON GENERAL HOSPITAL NHS TRUST,446,395,88.56502242152466,10.0625,20.1885714285714,0,0,0,67.02145324123273,21.543569180291925,26.0
2025-09-01,RM3,NORTHERN CARE ALLIANCE NHS FOUNDATION TRUST,2579,1570,60.87630864676231,14.530303030303,42.2925,68,0,0,67.02145324123273,-6.145144594470423,87.0
2025-09-01,RJL,NORTHERN LINCOLNSHIRE AND GOOLE NHS FOUNDATION TRUST,983,544,55.340793489318415,15.452380952381,35.1133333333333,1,0,0,67.02145324123273,-11.68065975191432,101.0
2025-09-01,RTF,NORTHUMBRIA HEALTHCARE NHS FOUNDATION TRUST,736,653,88.72282608695652,7.47619047619048,20.0933333333333,0,0,0,67.02145324123273,21.701372845723782,25.0
2025-09-01,RX1,NOTTINGHAM UNIVERSITY HOSPITALS NHS TRUST,860,618,71.86046511627907,11.8444444444444,25.5125,1,0,0,67.02145324123273,4.839011875046339,72.0
2025-09-01,RTH,OXFORD UNIVERSITY HOSPITALS NHS FOUNDATION TRUST,1348,1119,83.01186943620178,7.86075949367089,26.316,4,0,0,67.02145324123273,15.990416194969043,42.0
2025-09-01,RPG,OXLEAS NHS FOUNDATION TRUST,0,0,,,,0,0,0,67.02145324123273,,
2025-09-01,RHU,PORTSMOUTH HOSPITALS UNIVERSITY NHS TRUST,530,514,96.98113207547169,4.74193548387097,14.18,0,0,0,67.02145324123273,29.959678834238957,8.0
2025-09-01,RPC,QUEEN VICTORIA HOSPITAL NHS FOUNDATION TRUST,56,40,71.42857142857143,12.25,22.52,0,0,0,67.02145324123273,4.407118187338696,73.0
2025-09-01,RHW,ROYAL BERKSHIRE NHS FOUNDATION TRUST,456,388,85.08771929824562,10.1071428571429,21.92,0,0,0,67.02145324123273,18.066266057012882,37.0
2025-09-01,REF,ROYAL CORNWALL HOSPITALS NHS TRUST,740,683,92.29729729729729,7.02777777777778,17.8166666666667,1,0,0,67.02145324123273,25.275844056064557,18.0
2025-09-01,RH8,ROYAL DEVON UNIVERSITY HEALTHCARE NHS FOUNDATION TRUST,663,544,82.05128205128204,7.38,25.1781818181818,1,0,0,67.02145324123273,15.02982881004931,46.0
2025-09-01,RAL,ROYAL FREE LONDON NHS FOUNDATION TRUST,3430,1804,52.59475218658892,16.8613861386139,42.68,10,0,0,67.02145324123273,-14.426701054643814,104.0
2025-09-01,RAN,ROYAL NATIONAL ORTHOPAEDIC HOSPITAL NHS TRUST,142,125,88.02816901408451,6.83333333333333,23.2133333333333,0,0,0,67.02145324123273,21.006715772851777,28.0
2025-09-01,RGM,ROYAL PAPWORTH HOSPITAL NHS FOUNDATION TRUST,0,0,,,,0,0,0,67.02145324123273,,
2025-09-01,RA2,ROYAL SURREY NHS FOUNDATION TRUST,181,168,92.81767955801105,6.25,16.92,1,0,0,67.02145324123273,25.796226316778316,17.0
2025-09-01,RD1,ROYAL UNITED HOSPITALS BATH NHS FOUNDATION TRUST,1511,857,56.71740569159497,15.0978260869565,34.12875,0,0,0,67.02145324123273,-10.304047549637765,97.0
2025-09-01,RNZ,SALISBURY NHS FOUNDATION TRUST,922,419,45.444685466377436,20.5,48.66,30,0,0,67.02145324123273,-21.5767677748553,114.0
2025-09-01,RXK,SANDWELL AND WEST BIRMINGHAM HOSPITALS NHS TRUST,752,641,85.23936170212765,9.25581395348837,23.768,0,0,0,67.02145324123273,18.217908460894918,36.0
2025-09-01,RCU,SHEFFIELD CHILDREN'S NHS FOUNDATION TRUST,0,0,,,,0,0,0,67.02145324123273,,
2025-09-01,RK5,SHERWOOD FOREST HOSPITALS NHS FOUNDATION TRUST,207,187,90.33816425120773,6.53571428571429,19.288,0,0,0,67.02145324123273,23.316711009974995,21.0
2025-09-01,R1D,SHROPSHIRE COMMUNITY HEALTH NHS TRUST,46,44,95.65217391304348,7.85714285714286,10.32,0,0,0,67.02145324123273,28.63072067181075,10.0
2025-09-01,RH5,SOMERSET NHS FOUNDATION TRUST,714,473,66.24649859943978,12.0571428571429,33.985,6,0,0,67.02145324123273,-0.7749546417929594,79.0
2025-09-01,RTR,SOUTH TEES HOSPITALS NHS FOUNDATION TRUST,1589,968,60.91881686595343,14.5327868852459,33.4569230769231,9,0,0,67.02145324123273,-6.102636375279303,86.0
2025-09-01,R0B,SOUTH TYNESIDE AND SUNDERLAND NHS FOUNDATION TRUST,1409,966,68.55926188786373,12.2796610169492,26.8027586206897,0,0,0,67.02145324123273,1.5378086466309924,78.0
2025-09-01,RJC,SOUTH WARWICKSHIRE UNIVERSITY NHS FOUNDATION TRUST,495,407,82.22222222222221,7.97222222222222,22.6166666666667,0,0,0,67.02145324123273,15.20076898098948,45.0
2025-09-01,RXG,SOUTH WEST YORKSHIRE PARTNERSHIP NHS FOUNDATION TRUST,0,0,,,,0,0,0,67.02145324123273,,
2025-09-01,RJ7,ST GEORGE'S UNIVERSITY HOSPITALS NHS FOUNDATION TRUST,1220,888,72.78688524590164,11.2741935483871,31.6857142857143,7,2,1,67.02145324123273,5.765432004668909,67.0
2025-09-01,RWJ,STOCKPORT NHS FOUNDATION TRUST,1275,739,57.96078431372549,14.8472222222222,38.6363636363636,10,0,0,67.02145324123273,-9.060668927507244,95.0
2025-09-01,RTP,SURREY AND SUSSEX HEALTHCARE NHS TRUST,669,564,84.30493273542601,9.62121212121212,22.8266666666667,1,0,0,67.02145324123273,17.283479494193273,41.0
2025-09-01,RDR,SUSSEX COMMUNITY NHS FOUNDATION TRUST,659,564,85.58421851289833,9.25,21.4061538461538,0,0,0,67.02145324123273,18.562765271665597,34.0
2025-09-01,RMP,TAMESIDE AND GLOSSOP INTEGRATED CARE NHS FOUNDATION TRUST,379,338,89.18205804749341,8.65789473684211,19.4466666666667,0,0,0,67.02145324123273,22.16060480626068,24.0
2025-09-01,RBV,THE CHRISTIE NHS FOUNDATION TRUST,0,0,,,,0,0,0,67.02145324123273,,
2025-09-01,REN,THE CLATTERBRIDGE CANCER CENTRE NHS FOUNDATION TRUST,0,0,,,,0,0,0,67.02145324123273,,
2025-09-01,RNA,THE DUDLEY GROUP NHS FOUNDATION TRUST,857,697,81.33022170361727,7.35227272727273,26.0366666666667,1,0,0,67.02145324123273,14.308768462384535,48.0
2025-09-01,RAS,THE HILLINGDON HOSPITALS NHS FOUNDATION TRUST,1072,597,55.690298507462686,16.0606060606061,36.0729411764706,14,0,0,67.02145324123273,-11.331154733770049,100.0
2025-09-01,RTD,THE NEWCASTLE UPON TYNE HOSPITALS NHS FOUNDATION TRUST,720,596,82.77777777777777,7.54761904761905,25.1333333333333,0,0,0,67.02145324123273,15.756324536545037,43.0
2025-09-01,RQW,THE PRINCESS ALEXANDRA HOSPITAL NHS TRUST,1698,846,49.82332155477032,18.1034482758621,45.0527272727273,49,0,0,67.02145324123273,-17.198131686462418,110.0
2025-09-01,RCX,"THE QUEEN ELIZABETH HOSPITAL, KING'S LYNN, NHS FOUNDATION TRUST",865,406,46.936416184971094,19.5869565217391,47.5333333333333,7,0,0,67.02145324123273,-20.08503705626164,112.0
2025-09-01,RL1,THE ROBERT JONES AND AGNES HUNT ORTHOPAEDIC HOSPITAL NHS FOUNDATION TRUST,1098,671,61.111111111111114,15.1162790697674,38.0177777777778,15,1,0,67.02145324123273,-5.91034213012162,85.0
2025-09-01,RFR,THE ROTHERHAM NHS FOUNDATION TRUST,848,624,73.58490566037736,11.8461538461538,27.2715789473684,0,0,0,67.02145324123273,6.563452419144625,65.0
2025-09-01,RPY,THE ROYAL MARSDEN NHS FOUNDATION TRUST,0,0,,,,0,0,0,67.02145324123273,,
2025-09-01,RRJ,THE ROYAL ORTHOPAEDIC HOSPITAL NHS FOUNDATION TRUST,0,0,,,,0,0,0,67.02145324123273,,
2025-09-01,RL4,THE ROYAL WOLVERHAMPTON NHS TRUST,1682,1181,70.2140309155767,12.1111111111111,29.4442105263158,1,0,0,67.02145324123273,3.1925776743439656,75.0
2025-09-01,RXW,THE SHREWSBURY AND TELFORD HOSPITAL NHS TRUST,0,0,,,,0,0,0,67.02145324123273,,
2025-09-01,RET,THE WALTON CENTRE NHS FOUNDATION TRUST,0,0,,,,0,0,0,67.02145324123273,,
2025-09-01,RA9,TORBAY AND SOUTH DEVON NHS FOUNDATION TRUST,751,604,80.42609853528629,9.12068965517241,27.992,0,0,0,67.02145324123273,13.404645294053552,51.0
2025-09-01,RWD,UNITED LINCOLNSHIRE TEACHING HOSPITALS NHS TRUST,1800,788,43.77777777777778,22.0666666666667,51.1666666666667,129,1,0,67.02145324123273,-23.243675463454956,117.0
2025-09-01,RRV,UNIVERSITY COLLEGE LONDON HOSPITALS NHS FOUNDATION TRUST,1289,648,50.27152831652444,17.8870967741935,42.6061538461539,35,4,1,67.02145324123273,-16.749924924708296,109.0
2025-09-01,RHM,UNIVERSITY HOSPITAL SOUTHAMPTON NHS FOUNDATION TRUST,810,557,68.76543209876543,11.0833333333333,30.9272727272727,1,0,0,67.02145324123273,1.7439788575326958,77.0
2025-09-01,RRK,UNIVERSITY HOSPITALS BIRMINGHAM NHS FOUNDATION TRUST,940,827,87.97872340425532,7.65853658536585,19.7636363636364,0,0,0,67.02145324123273,20.957270163022585,29.0
2025-09-01,RA7,UNIVERSITY HOSPITALS BRISTOL AND WESTON NHS FOUNDATION TRUST,645,467,72.40310077519379,9.97727272727273,37.5666666666667,0,0,0,67.02145324123273,5.381647533961058,69.0
2025-09-01,RKB,UNIVERSITY HOSPITALS COVENTRY AND WARWICKSHIRE NHS TRUST,683,578,84.62664714494875,8.91071428571429,24.045,1,0,0,67.02145324123273,17.605193903716014,38.0
2025-09-01,R0D,UNIVERSITY HOSPITALS DORSET NHS FOUNDATION TRUST,1126,950,84.36944937833037,7.55555555555556,24.6577777777778,1,0,0,67.02145324123273,17.34799613709764,40.0
2025-09-01,RTG,UNIVERSITY HOSPITALS OF DERBY AND BURTON NHS FOUNDATION TRUST,1882,1464,77.78958554729012,10.2650602409639,26.6697142857143,6,0,0,67.02145324123273,10.768132306057382,56.0
2025-09-01,RWE,UNIVERSITY HOSPITALS OF LEICESTER NHS TRUST,4115,1863,45.27339003645201,19.7820512820513,40.7955555555556,26,0,0,67.02145324123273,-21.748063204780728,116.0
2025-09-01,RTX,UNIVERSITY HOSPITALS OF MORECAMBE BAY NHS FOUNDATION TRUST,1036,856,82.62548262548263,8.62790697674419,24.5413333333333,0,0,0,67.02145324123273,15.604029384249898,44.0
2025-09-01,RJE,UNIVERSITY HOSPITALS OF NORTH MIDLANDS NHS TRUST,1,1,100.0,,,0,0,0,67.02145324123273,32.978546758767266,1.0
2025-09-01,RK9,UNIVERSITY HOSPITALS PLYMOUTH NHS TRUST,699,521,74.53505007153076,9.25,26.208,0,0,0,67.02145324123273,7.513596830298027,63.0
2025-09-01,RYR,UNIVERSITY HOSPITALS SUSSEX NHS FOUNDATION TRUST,1804,947,52.494456762749444,16.9827586206897,47.184,52,0,0,67.02145324123273,-14.52699647848329,105.0
2025-09-01,RBK,WALSALL HEALTHCARE NHS TRUST,601,493,82.02995008319468,7.89393939393939,28.3066666666667,0,0,0,67.02145324123273,15.008496841961943,47.0
2025-09-01,RWW,WARRINGTON AND HALTON TEACHING HOSPITALS NHS FOUNDATION TRUST,1004,507,50.49800796812749,17.8076923076923,48.512,34,0,0,67.02145324123273,-16.523445273105246,108.0
2025-09-01,RWG,WEST HERTFORDSHIRE TEACHING HOSPITALS NHS TRUST,731,582,79.61696306429549,10.3484848484848,24.6188235294118,0,0,0,67.02145324123273,12.595509823062756,53.0
2025-09-01,RGR,WEST SUFFOLK NHS FOUNDATION TRUST,460,437,95.0,6.28205128205128,15.84,1,0,0,67.02145324123273,27.978546758767266,11.0
2025-09-01,RKE,WHITTINGTON HEALTH NHS TRUST,188,188,100.0,5.66666666666667,11.7973333333333,0,0,0,67.02145324123273,32.978546758767266,1.0
2025-09-01,RBL,WIRRAL UNIVERSITY TEACHING HOSPITAL NHS FOUNDATION TRUST,1088,574,52.75735294117647,16.8529411764706,46.37,46,0,0,67.02145324123273,-14.264100300056263,103.0
2025-09-01,RWP,WORCESTERSHIRE ACUTE HOSPITALS NHS TRUST,722,561,77.70083102493075,9.88888888888889,25.7876923076923,0,0,0,67.02145324123273,10.679377783698015,57.0
2025-09-01,RRF,"WRIGHTINGTON, WIGAN AND LEIGH NHS FOUNDATION TRUST",898,701,78.06236080178174,9.83018867924528,26.56,0,0,0,67.02145324123273,11.040907560549002,55.0
2025-09-01,RLQ,WYE VALLEY NHS TRUST,480,348,72.5,11.5333333333333,24.8666666666667,0,0,0,67.02145324123273,5.478546758767266,68.0
2025-09-01,RCB,YORK AND SCARBOROUGH TEACHING HOSPITALS NHS FOUNDATION TRUST,573,484,84.46771378708551,8.58928571428571,21.632,0,0,0,67.02145324123273,17.44626054585278,39.0
2025-10-01,RCF,AIREDALE NHS FOUNDATION TRUST,414,326,78.74396135265701,8.23076923076923,27.22,0,0,0,66.44872878872862,12.295232563928394,55.0
2025-10-01,RBS,ALDER HEY CHILDREN'S NHS FOUNDATION TRUST,0,0,,,,0,0,0,66.44872878872862,,
2025-10-01,RTK,ASHFORD AND ST PETER'S HOSPITALS NHS FOUNDATION TRUST,356,248,69.66292134831461,10.8235294117647,35.84,2,0,0,66.44872878872862,3.214192559585996,71.0
2025-10-01,RF4,"BARKING, HAVERING AND REDBRIDGE UNIVERSITY HOSPITALS NHS TRUST",452,357,78.98230088495575,6.15789473684211,28.368,0,0,0,66.44872878872862,12.533572096227132,54.0
2025-10-01,RFF,BARNSLEY HOSPITAL NHS FOUNDATION TRUST,271,263,97.04797047970479,5.95161290322581,14.9514285714286,0,0,0,66.44872878872862,30.59924169097617,6.0
2025-10-01,R1H,BARTS HEALTH NHS TRUST,1421,1107,77.90288529204786,9.15116279069767,33.1066666666667,12,0,0,66.44872878872862,11.45415650331924,56.0
2025-10-01,RC9,BEDFORDSHIRE HOSPITALS NHS FOUNDATION TRUST,930,859,92.36559139784947,6.48484848484848,17.7733333333333,0,0,0,66.44872878872862,25.916862609120855,18.0
2025-10-01,RWX,BERKSHIRE HEALTHCARE NHS FOUNDATION TRUST,0,0,,,,0,0,0,66.44872878872862,,
2025-10-01,RYW,BIRMINGHAM COMMUNITY HEALTHCARE NHS FOUNDATION TRUST,0,0,,,,0,0,0,66.44872878872862,,
2025-10-01,RQ3,BIRMINGHAM WOMEN'S AND CHILDREN'S NHS FOUNDATION TRUST,0,0,,,,0,0,0,66.44872878872862,,
2025-10-01,RXL,BLACKPOOL TEACHING HOSPITALS NHS FOUNDATION TRUST,999,556,55.65565565565566,15.984375,35.408,3,0,0,66.44872878872862,-10.793073133072959,98.0
2025-10-01,RMC,BOLTON NHS FOUNDATION TRUST,278,271,97.48201438848922,5.24,12.6725,0,0,0,66.44872878872862,31.033285599760603,5.0
2025-10-01,TAD,BRADFORD DISTRICT CARE NHS FOUNDATION TRUST,0,0,,,,0,0,0,66.44872878872862,,
2025-10-01,RAE,BRADFORD TEACHING HOSPITALS NHS FOUNDATION TRUST,495,430,86.86868686868688,8.28260869565217,23.0571428571429,0,0,0,66.44872878872862,20.419958079958263,32.0
2025-10-01,RXQ,BUCKINGHAMSHIRE HEALTHCARE NHS TRUST,587,378,64.39522998296422,12.3571428571429,38.72,10,0,0,66.44872878872862,-2.0534988057643915,83.0
2025-10-01,RWY,CALDERDALE AND HUDDERSFIELD NHS FOUNDATION TRUST,1100,718,65.27272727272727,13.1212121212121,31.6363636363636,0,0,0,66.44872878872862,-1.1760015160013495,80.0
2025-10-01,RGT,CAMBRIDGE UNIVERSITY HOSPITALS NHS FOUNDATION TRUST,1924,1415,73.54469854469855,9.5,27.0072727272727,0,0,0,66.44872878872862,7.095969755969932,62.0
2025-10-01,RT1,CAMBRIDGESHIRE AND PETERBOROUGH NHS FOUNDATION TRUST,0,0,,,,0,0,0,66.44872878872862,,
2025-10-01,RQM,CHELSEA AND WESTMINSTER HOSPITAL NHS FOUNDATION TRUST,1726,1134,65.70104287369641,13.4035087719298,33.3075862068966,0,0,0,66.44872878872862,-0.747685915032207,78.0
2025-10-01,RFS,CHESTERFIELD ROYAL HOSPITAL NHS FOUNDATION TRUST,820,314,38.29268292682927,24.6666666666667,48.77,36,0,0,66.44872878872862,-28.156045861899344,119.0
2025-10-01,RJ8,CORNWALL PARTNERSHIP NHS FOUNDATION TRUST,0,0,,,,0,0,0,66.44872878872862,,
2025-10-01,RJR,COUNTESS OF CHESTER HOSPITAL NHS FOUNDATION TRUST,602,321,53.32225913621262,16.7647058823529,47.6133333333333,20,0,0,66.44872878872862,-13.126469652515993,101.0
2025-10-01,RXP,COUNTY DURHAM AND DARLINGTON NHS FOUNDATION TRUST,732,415,56.69398907103825,15.5172413793103,33.18,0,0,0,66.44872878872862,-9.754739717690363,96.0
2025-10-01,RJ6,CROYDON HEALTH SERVICES NHS TRUST,1121,756,67.43978590544157,13.1734693877551,28.72875,0,0,0,66.44872878872862,0.9910571167129518,75.0
2025-10-01,RX4,"CUMBRIA, NORTHUMBERLAND, TYNE AND WEAR NHS FOUNDATION TRUST",0,0,,,,0,0,0,66.44872878872862,,
2025-10-01,RN7,DARTFORD AND GRAVESHAM NHS TRUST,0,0,,,,0,0,0,66.44872878872862,,
2025-10-01,RP5,DONCASTER AND BASSETLAW TEACHING HOSPITALS NHS FOUNDATION TRUST,897,638,71.12597547380156,12.5645161290323,26.0861538461538,0,0,0,66.44872878872862,4.677246685072944,68.0
2025-10-01,RBD,DORSET COUNTY HOSPITAL NHS FOUNDATION TRUST,0,0,,,,0,0,0,66.44872878872862,,
2025-10-01,RWH,EAST AND NORTH HERTFORDSHIRE TEACHING NHS TRUST,1048,659,62.88167938931297,13.7222222222222,31.0552380952381,0,0,0,66.44872878872862,-3.5670493994156445,86.0
2025-10-01,RJN,EAST CHESHIRE NHS TRUST,0,0,,,,0,0,0,66.44872878872862,,
2025-10-01,RVV,EAST KENT HOSPITALS UNIVERSITY NHS FOUNDATION TRUST,3456,1301,37.644675925925924,22.955223880597,45.686511627907,43,0,0,66.44872878872862,-28.804052862802692,120.0
2025-10-01,RXR,EAST LANCASHIRE HOSPITALS NHS TRUST,866,503,58.08314087759815,14.5238095238095,34.9784615384615,6,0,0,66.44872878872862,-8.365587911130469,92.0
2025-10-01,RDE,EAST SUFFOLK AND NORTH ESSEX NHS FOUNDATION TRUST,1864,1332,71.45922746781116,12.328125,28.2042105263158,0,0,0,66.44872878872862,5.010498679082545,67.0
2025-10-01,RXC,EAST SUSSEX HEALTHCARE NHS TRUST,943,845,89.60763520678685,7.6640625,21.6177777777778,1,0,0,66.44872878872862,23.158906418058237,25.0
2025-10-01,RVR,EPSOM AND ST HELIER UNIVERSITY HOSPITALS NHS TRUST,647,408,63.06027820710973,12.3214285714286,36.6933333333333,13,3,0,66.44872878872862,-3.3884505816188835,85.0
2025-10-01,RDU,FRIMLEY HEALTH NHS FOUNDATION TRUST,654,570,87.1559633027523,6.45238095238095,19.9175,1,0,0,66.44872878872862,20.707234514023682,31.0
2025-10-01,RR7,GATESHEAD HEALTH NHS FOUNDATION TRUST,492,290,58.94308943089431,15.4705882352941,36.3771428571429,0,0,0,66.44872878872862,-7.505639357834305,90.0
2025-10-01,RLT,GEORGE ELIOT HOSPITAL NHS TRUST,344,331,96.22093023255815,5.56521739130435,15.56,0,0,0,66.44872878872862,29.77220144382953,10.0
2025-10-01,RTE,GLOUCESTERSHIRE HOSPITALS NHS FOUNDATION TRUST,1190,767,64.45378151260505,11.8928571428571,34.7333333333333,0,0,0,66.44872878872862,-1.9949472761235683,82.0
2025-10-01,RP4,GREAT ORMOND STREET HOSPITAL FOR CHILDREN NHS FOUNDATION TRUST,0,0,,,,0,0,0,66.44872878872862,,
2025-10-01,RN3,GREAT WESTERN HOSPITALS NHS FOUNDATION TRUST,251,241,96.01593625498009,5.3,12.48,0,0,0,66.44872878872862,29.567207466251475,11.0
2025-10-01,RJ1,GUY'S AND ST THOMAS' NHS FOUNDATION TRUST,466,450,96.56652360515021,4.6,13.572,0,0,0,66.44872878872862,30.117794816421593,8.0
2025-10-01,RW1,HAMPSHIRE AND ISLE OF WIGHT HEALTHCARE NHS FOUNDATION TRUST,61,61,100.0,4.04545454545455,9.03,0,0,0,66.44872878872862,33.551271211271384,1.0
2025-10-01,RN5,HAMPSHIRE HOSPITALS NHS FOUNDATION TRUST,1889,959,50.767601905770256,17.6081081081081,38.296,13,2,1,66.44872878872862,-15.68112688295836,108.0
2025-10-01,RCD,HARROGATE AND DISTRICT NHS FOUNDATION TRUST,305,277,90.81967213114754,6.65384615384615,19.15,0,0,0,66.44872878872862,24.370943342418926,22.0
2025-10-01,R1A,HEREFORDSHIRE AND WORCESTERSHIRE HEALTH AND CARE NHS TRUST,0,0,,,,0,0,0,66.44872878872862,,
2025-10-01,RQX,HOMERTON HEALTHCARE NHS FOUNDATION TRUST,148,142,95.94594594594594,3.06666666666667,15.08,0,0,0,66.44872878872862,29.49721715721732,12.0
2025-10-01,RWA,HULL UNIVERSITY TEACHING HOSPITALS NHS TRUST,1098,824,75.0455373406193,10.6136363636364,28.9236363636364,8,0,0,66.44872878872862,8.596808551890689,58.0
2025-10-01,RYJ,IMPERIAL COLLEGE HEALTHCARE NHS TRUST,742,604,81.40161725067385,7.8974358974359,28.41,6,0,0,66.44872878872862,14.952888461945236,50.0
2025-10-01,R1F,ISLE OF WIGHT NHS TRUST,584,477,81.67808219178082,6.04761904761905,23.2523076923077,0,0,0,66.44872878872862,15.229353403052201,48.0
2025-10-01,RGP,JAMES PAGET UNIVERSITY HOSPITALS NHS FOUNDATION TRUST,432,378,87.5,6.92592592592593,25.61,0,0,0,66.44872878872862,21.051271211271384,30.0
2025-10-01,RYY,KENT COMMUNITY HEALTH NHS FOUNDATION TRUST,0,0,,,,0,0,0,66.44872878872862,,
2025-10-01,RNQ,KETTERING GENERAL HOSPITAL NHS FOUNDATION TRUST,880,497,56.477272727272734,14.1818181818182,35.05,0,0,0,66.44872878872862,-9.971456061455882,97.0
2025-10-01,RJZ,KING'S COLLEGE HOSPITAL NHS FOUNDATION TRUST,1244,1045,84.0032154340836,6.40298507462687,23.574,0,0,0,66.44872878872862,17.554486645354984,39.0
2025-10-01,RAX,KINGSTON AND RICHMOND NHS FOUNDATION TRUST,795,756,95.09433962264151,5.25877192982456,14.4111111111111,0,0,0,66.44872878872862,28.645610833912897,14.0
2025-10-01,RW5,LANCASHIRE & SOUTH CUMBRIA NHS FOUNDATION TRUST,352,322,91.47727272727273,5.83333333333333,18.6133333333333,0,0,0,66.44872878872862,25.028543938544118,19.0
2025-10-01,RXN,LANCASHIRE TEACHING HOSPITALS NHS FOUNDATION TRUST,0,0,,,,0,0,0,66.44872878872862,,
2025-10-01,RR8,LEEDS TEACHING HOSPITALS NHS TRUST,2032,1330,65.45275590551181,12.1111111111111,31.6689361702128,0,0,0,66.44872878872862,-0.9959728832168082,79.0
2025-10-01,RJ2,LEWISHAM AND GREENWICH NHS TRUST,830,696,83.855421686747,9.9375,23.1777777777778,1,1,0,66.44872878872862,17.406692898018377,40.0
2025-10-01,RP7,LINCOLNSHIRE PARTNERSHIP NHS FOUNDATION TRUST,0,0,,,,0,0,0,66.44872878872862,,
2025-10-01,RBQ,LIVERPOOL HEART AND CHEST HOSPITAL NHS FOUNDATION TRUST,0,0,,,,0,0,0,66.44872878872862,,
2025-10-01,REM,LIVERPOOL UNIVERSITY HOSPITALS NHS FOUNDATION TRUST,555,407,73.33333333333333,11.275,24.7666666666667,0,0,0,66.44872878872862,6.884604544604713,63.0
2025-10-01,REP,LIVERPOOL WOMEN'S NHS FOUNDATION TRUST,0,0,,,,0,0,0,66.44872878872862,,
2025-10-01,R1K,LONDON NORTH WEST UNIVERSITY HEALTHCARE NHS TRUST,571,485,84.93870402802102,4.96875,22.664,0,0,0,66.44872878872862,18.489975239292406,34.0
2025-10-01,RWF,MAIDSTONE AND TUNBRIDGE WELLS NHS TRUST,458,450,98.2532751091703,5.0,14.1573333333333,0,0,0,66.44872878872862,31.804546320441688,4.0
2025-10-01,R0A,MANCHESTER UNIVERSITY NHS FOUNDATION TRUST,1195,881,73.72384937238495,7.84523809523809,30.6117647058824,0,0,0,66.44872878872862,7.2751205836563315,61.0
2025-10-01,RPA,MEDWAY NHS FOUNDATION TRUST,3205,1277,39.84399375975039,23.4513888888889,48.2135593220339,47,0,0,66.44872878872862,-26.604735028978226,118.0
2025-10-01,RBN,MERSEY AND WEST LANCASHIRE TEACHING HOSPITALS NHS TRUST,1323,801,60.544217687074834,13.4558823529412,43.51,19,0,0,66.44872878872862,-5.904511101653782,89.0
2025-10-01,RW4,MERSEY CARE NHS FOUNDATION TRUST,0,0,,,,0,0,0,66.44872878872862,,
2025-10-01,RAJ,MID AND SOUTH ESSEX NHS FOUNDATION TRUST,3026,1580,52.214144084600136,16.75,52.3514285714286,247,25,4,66.44872878872862,-14.23458470412848,104.0
2025-10-01,RBT,MID CHESHIRE HOSPITALS NHS FOUNDATION TRUST,1186,561,47.30185497470489,19.0714285714286,47.1514285714286,32,3,0,66.44872878872862,-19.146873814023728,113.0
2025-10-01,RXF,MID YORKSHIRE TEACHING NHS TRUST,811,471,58.076448828606665,15.4354838709677,36.624,0,0,0,66.44872878872862,-8.37227996012195,93.0
2025-10-01,RRE,MIDLANDS PARTNERSHIP UNIVERSITY NHS FOUNDATION TRUST,3908,3679,94.14022517911975,5.94520547945205,16.44,1,0,0,66.44872878872862,27.691496390391137,16.0
2025-10-01,RD8,MILTON KEYNES UNIVERSITY HOSPITAL NHS FOUNDATION TRUST,1621,837,51.63479333744602,17.5,40.1657142857143,27,0,0,66.44872878872862,-14.813935451282596,106.0
2025-10-01,RP6,MOORFIELDS EYE HOSPITAL NHS FOUNDATION TRUST,0,0,,,,0,0,0,66.44872878872862,,
2025-10-01,RM1,NORFOLK AND NORWICH UNIVERSITY HOSPITALS NHS FOUNDATION TRUST,989,869,87.8665318503539,8.01111111111111,19.9410526315789,1,0,0,66.44872878872862,21.41780306162528,29.0
2025-10-01,RVJ,NORTH BRISTOL NHS TRUST,1207,735,60.89478044739023,14.1375,32.6323076923077,0,0,0,66.44872878872862,-5.553948341338383,88.0
2025-10-01,RNN,NORTH CUMBRIA INTEGRATED CARE NHS FOUNDATION TRUST,1330,664,49.92481203007519,18.0454545454545,40.8153846153846,9,0,0,66.44872878872862,-16.523916758653428,110.0
2025-10-01,RVW,NORTH TEES AND HARTLEPOOL NHS FOUNDATION TRUST,597,502,84.08710217755444,8.375,23.3733333333333,0,0,0,66.44872878872862,17.638373388825826,38.0
2025-10-01,RGN,NORTH WEST ANGLIA NHS FOUNDATION TRUST,1310,655,50.0,18.0,42.2210526315789,8,0,0,66.44872878872862,-16.448728788728616,109.0
2025-10-01,RNS,NORTHAMPTON GENERAL HOSPITAL NHS TRUST,326,293,89.87730061349694,11.6206896551724,18.865,0,0,0,66.44872878872862,23.428571824768326,24.0
2025-10-01,RM3,NORTHERN CARE ALLIANCE NHS FOUNDATION TRUST,2418,1421,58.767576509512,14.8607594936709,39.3088888888889,51,0,0,66.44872878872862,-7.681152279216619,91.0
2025-10-01,RJL,NORTHERN LINCOLNSHIRE AND GOOLE NHS FOUNDATION TRUST,986,562,56.99797160243407,15.7837837837838,35.2694736842105,1,0,0,66.44872878872862,-9.450757186294545,95.0
2025-10-01,RTF,NORTHUMBRIA HEALTHCARE NHS FOUNDATION TRUST,814,744,91.4004914004914,6.38775510204082,18.3753846153846,0,0,0,66.44872878872862,24.95176261176279,20.0
2025-10-01,RX1,NOTTINGHAM UNIVERSITY HOSPITALS NHS TRUST,949,683,71.9704952581665,11.9625,25.16,3,0,0,66.44872878872862,5.521766469437878,66.0
2025-10-01,RTH,OXFORD UNIVERSITY HOSPITALS NHS FOUNDATION TRUST,1239,1037,83.69652945924132,6.93373493975904,24.76,3,0,0,66.44872878872862,17.247800670512703,41.0
2025-10-01,RPG,OXLEAS NHS FOUNDATION TRUST,0,0,,,,0,0,0,66.44872878872862,,
2025-10-01,RHU,PORTSMOUTH HOSPITALS UNIVERSITY NHS TRUST,548,531,96.8978102189781,4.8780487804878,13.97,1,0,0,66.44872878872862,30.44908143024948,7.0
2025-10-01,RPC,QUEEN VICTORIA HOSPITAL NHS FOUNDATION TRUST,51,35,68.62745098039215,12.5,25.92,0,0,0,66.44872878872862,2.178722191663539,73.0
2025-10-01,RHW,ROYAL BERKSHIRE NHS FOUNDATION TRUST,485,401,82.68041237113401,9.34375,23.4,0,0,0,66.44872878872862,16.231683582405395,45.0
2025-10-01,REF,ROYAL CORNWALL HOSPITALS NHS TRUST,745,719,96.51006711409396,6.07608695652174,15.025,0,0,0,66.44872878872862,30.06133832536534,9.0
2025-10-01,RH8,ROYAL DEVON UNIVERSITY HEALTHCARE NHS FOUNDATION TRUST,649,556,85.67026194144837,6.46052631578947,23.0114285714286,0,0,0,66.44872878872862,19.221533152719758,33.0
2025-10-01,RAL,ROYAL FREE LONDON NHS FOUNDATION TRUST,3412,1811,53.077373974208676,16.9405940594059,41.5956756756757,14,0,0,66.44872878872862,-13.37135481451994,102.0
2025-10-01,RAN,ROYAL NATIONAL ORTHOPAEDIC HOSPITAL NHS TRUST,155,144,92.90322580645162,5.625,16.8666666666667,0,0,0,66.44872878872862,26.454497017723,17.0
2025-10-01,RGM,ROYAL PAPWORTH HOSPITAL NHS FOUNDATION TRUST,0,0,,,,0,0,0,66.44872878872862,,
2025-10-01,RA2,ROYAL SURREY NHS FOUNDATION TRUST,191,174,91.09947643979058,5.09375,19.36,2,0,0,66.44872878872862,24.650747651061963,21.0
2025-10-01,RD1,ROYAL UNITED HOSPITALS BATH NHS FOUNDATION TRUST,1414,783,55.37482319660537,15.7647058823529,33.52,0,0,0,66.44872878872862,-11.073905592123246,100.0
2025-10-01,RNZ,SALISBURY NHS FOUNDATION TRUST,904,425,47.01327433628318,19.2727272727273,44.2266666666667,16,0,0,66.44872878872862,-19.435454452445434,114.0
2025-10-01,RXK,SANDWELL AND WEST BIRMINGHAM HOSPITALS NHS TRUST,702,565,80.48433048433048,8.80487804878049,26.5377777777778,0,0,0,66.44872878872862,14.03560169560187,51.0
2025-10-01,RCU,SHEFFIELD CHILDREN'S NHS FOUNDATION TRUST,0,0,,,,0,0,0,66.44872878872862,,
2025-10-01,RK5,SHERWOOD FOREST HOSPITALS NHS FOUNDATION TRUST,200,177,88.5,5.14285714285714,20.0,0,0,0,66.44872878872862,22.051271211271384,26.0
2025-10-01,R1D,SHROPSHIRE COMMUNITY HEALTH NHS TRUST,41,39,95.1219512195122,12.1363636363636,14.93,0,0,0,66.44872878872862,28.673222430783582,13.0
2025-10-01,RH5,SOMERSET NHS FOUNDATION TRUST,748,493,65.9090909090909,11.4285714285714,34.5133333333333,12,0,0,66.44872878872862,-0.5396378796377093,77.0
2025-10-01,RTR,SOUTH TEES HOSPITALS NHS FOUNDATION TRUST,1593,982,61.64469554300063,14.2619047619048,33.4755555555556,2,0,0,66.44872878872862,-4.804033245727986,87.0
2025-10-01,R0B,SOUTH TYNESIDE AND SUNDERLAND NHS FOUNDATION TRUST,1376,888,64.53488372093024,13.1724137931034,28.2610526315789,0,0,0,66.44872878872862,-1.913845067798377,81.0
2025-10-01,RJC,SOUTH WARWICKSHIRE UNIVERSITY NHS FOUNDATION TRUST,507,423,83.4319526627219,7.11290322580645,26.16,0,0,0,66.44872878872862,16.983223873993282,43.0
2025-10-01,RXG,SOUTH WEST YORKSHIRE PARTNERSHIP NHS FOUNDATION TRUST,0,0,,,,0,0,0,66.44872878872862,,
2025-10-01,RJ7,ST GEORGE'S UNIVERSITY HOSPITALS NHS FOUNDATION TRUST,1245,859,68.99598393574297,12.4921875,33.9142857142857,8,0,0,66.44872878872862,2.5472551470143543,72.0
2025-10-01,RWJ,STOCKPORT NHS FOUNDATION TRUST,1298,752,57.93528505392912,14.969696969697,38.3685714285714,5,0,0,66.44872878872862,-8.513443734799495,94.0
2025-10-01,RTP,SURREY AND SUSSEX HEALTHCARE NHS TRUST,673,569,84.54680534918276,10.1857142857143,21.2311111111111,0,0,0,66.44872878872862,18.098076560454146,36.0
2025-10-01,RDR,SUSSEX COMMUNITY NHS FOUNDATION TRUST,650,522,80.3076923076923,11.09375,24.5833333333333,0,0,0,66.44872878872862,13.85896351896369,52.0
2025-10-01,RMP,TAMESIDE AND GLOSSOP INTEGRATED CARE NHS FOUNDATION TRUST,377,341,90.45092838196287,8.79411764705882,20.184,0,0,0,66.44872878872862,24.002199593234252,23.0
2025-10-01,RBV,THE CHRISTIE NHS FOUNDATION TRUST,0,0,,,,0,0,0,66.44872878872862,,
2025-10-01,REN,THE CLATTERBRIDGE CANCER CENTRE NHS FOUNDATION TRUST,0,0,,,,0,0,0,66.44872878872862,,
2025-10-01,RNA,THE DUDLEY GROUP NHS FOUNDATION TRUST,750,627,83.6,6.98461538461538,22.4444444444444,0,0,0,66.44872878872862,17.15127121127138,42.0
2025-10-01,RAS,THE HILLINGDON HOSPITALS NHS FOUNDATION TRUST,1060,588,55.471698113207545,16.3333333333333,35.6375,6,0,0,66.44872878872862,-10.977030675521071,99.0
2025-10-01,RTD,THE NEWCASTLE UPON TYNE HOSPITALS NHS FOUNDATION TRUST,704,596,84.6590909090909,7.47619047619048,23.6685714285714,0,0,0,66.44872878872862,18.21036212036229,35.0
2025-10-01,RQW,THE PRINCESS ALEXANDRA HOSPITAL NHS TRUST,1687,873,51.748666271487856,17.4326923076923,47.0025,65,4,3,66.44872878872862,-14.70006251724076,105.0
2025-10-01,RCX,"THE QUEEN ELIZABETH HOSPITAL, KING'S LYNN, NHS FOUNDATION TRUST",859,415,48.31199068684517,18.6590909090909,45.0853333333333,6,0,0,66.44872878872862,-18.136738101883445,112.0
2025-10-01,RL1,THE ROBERT JONES AND AGNES HUNT ORTHOPAEDIC HOSPITAL NHS FOUNDATION TRUST,1022,646,63.20939334637965,13.6842105263158,32.0171428571429,13,1,0,66.44872878872862,-3.239335442348967,84.0
2025-10-01,RFR,THE ROTHERHAM NHS FOUNDATION TRUST,931,653,70.13963480128893,10.7,27.68,0,0,0,66.44872878872862,3.690906012560319,70.0
2025-10-01,RPY,THE ROYAL MARSDEN NHS FOUNDATION TRUST,0,0,,,,0,0,0,66.44872878872862,,
2025-10-01,RRJ,THE ROYAL ORTHOPAEDIC HOSPITAL NHS FOUNDATION TRUST,0,0,,,,0,0,0,66.44872878872862,,
2025-10-01,RL4,THE ROYAL WOLVERHAMPTON NHS TRUST,1747,1193,68.28849456210648,11.4797297297297,31.8466666666667,0,0,0,66.44872878872862,1.839765773377863,74.0
2025-10-01,RXW,THE SHREWSBURY AND TELFORD HOSPITAL NHS TRUST,0,0,,,,0,0,0,66.44872878872862,,
2025-10-01,RET,THE WALTON CENTRE NHS FOUNDATION TRUST,0,0,,,,0,0,0,66.44872878872862,,
2025-10-01,RA9,TORBAY AND SOUTH DEVON NHS FOUNDATION TRUST,832,667,80.16826923076923,6.9,29.4953846153846,0,0,0,66.44872878872862,13.71954044204061,53.0
2025-10-01,RWD,UNITED LINCOLNSHIRE TEACHING HOSPITALS NHS TRUST,1781,727,40.81976417742841,22.734375,54.1066666666667,196,0,0,66.44872878872862,-25.628964611300205,117.0
2025-10-01,RRV,UNIVERSITY COLLEGE LONDON HOSPITALS NHS FOUNDATION TRUST,1212,620,51.15511551155115,17.5,38.255,16,3,0,66.44872878872862,-15.293613277177464,107.0
2025-10-01,RHM,UNIVERSITY HOSPITAL SOUTHAMPTON NHS FOUNDATION TRUST,793,559,70.49180327868852,10.6964285714286,31.6514285714286,2,0,0,66.44872878872862,4.043074489959906,69.0
2025-10-01,RRK,UNIVERSITY HOSPITALS BIRMINGHAM NHS FOUNDATION TRUST,965,814,84.35233160621762,7.43269230769231,20.8594594594595,0,0,0,66.44872878872862,17.903602817489002,37.0
2025-10-01,RA7,UNIVERSITY HOSPITALS BRISTOL AND WESTON NHS FOUNDATION TRUST,620,464,74.83870967741936,8.1875,34.48,0,0,0,66.44872878872862,8.389980888690744,59.0
2025-10-01,RKB,UNIVERSITY HOSPITALS COVENTRY AND WARWICKSHIRE NHS TRUST,643,568,88.33592534992223,6.51470588235294,19.512,0,0,0,66.44872878872862,21.88719656119362,27.0
2025-10-01,R0D,UNIVERSITY HOSPITALS DORSET NHS FOUNDATION TRUST,1218,1013,83.16912972085386,8.50980392156863,23.8644444444444,0,0,0,66.44872878872862,16.720400932125244,44.0
2025-10-01,RTG,UNIVERSITY HOSPITALS OF DERBY AND BURTON NHS FOUNDATION TRUST,1896,1408,74.26160337552743,10.9594594594595,28.758,2,0,0,66.44872878872862,7.812874586798813,60.0
2025-10-01,RWE,UNIVERSITY HOSPITALS OF LEICESTER NHS TRUST,4065,1794,44.132841328413285,20.375,40.6380952380952,27,0,0,66.44872878872862,-22.31588746031533,116.0
2025-10-01,RTX,UNIVERSITY HOSPITALS OF MORECAMBE BAY NHS FOUNDATION TRUST,958,782,81.62839248434238,9.4,25.6685714285714,3,0,0,66.44872878872862,15.179663695613769,49.0
2025-10-01,RJE,UNIVERSITY HOSPITALS OF NORTH MIDLANDS NHS TRUST,1,1,100.0,,,0,0,0,66.44872878872862,33.551271211271384,1.0
2025-10-01,RK9,UNIVERSITY HOSPITALS PLYMOUTH NHS TRUST,708,511,72.17514124293785,10.4909090909091,28.4844444444444,2,2,0,66.44872878872862,5.726412454209239,65.0
2025-10-01,RYR,UNIVERSITY HOSPITALS SUSSEX NHS FOUNDATION TRUST,1529,717,46.89339437540877,19.125,46.3339130434783,30,0,0,66.44872878872862,-19.555334413319848,115.0
2025-10-01,RBK,WALSALL HEALTHCARE NHS TRUST,656,577,87.95731707317073,7.38461538461539,23.904,0,0,0,66.44872878872862,21.508588284442112,28.0
2025-10-01,RWW,WARRINGTON AND HALTON TEACHING HOSPITALS NHS FOUNDATION TRUST,1026,538,52.436647173489284,17.0,46.5247058823529,37,0,0,66.44872878872862,-14.012081615239332,103.0
2025-10-01,RWG,WEST HERTFORDSHIRE TEACHING HOSPITALS NHS TRUST,823,602,73.14702308626974,10.5166666666667,26.5644444444444,0,0,0,66.44872878872862,6.698294297541125,64.0
2025-10-01,RGR,WEST SUFFOLK NHS FOUNDATION TRUST,435,410,94.25287356321839,5.85135135135135,15.7428571428571,0,0,0,66.44872878872862,27.80414477448977,15.0
2025-10-01,RKE,WHITTINGTON HEALTH NHS TRUST,166,166,100.0,4.72727272727273,15.62,0,0,0,66.44872878872862,33.551271211271384,1.0
2025-10-01,RBL,WIRRAL UNIVERSITY TEACHING HOSPITAL NHS FOUNDATION TRUST,1140,551,48.333333333333336,18.6551724137931,44.0888888888889,27,0,0,66.44872878872862,-18.11539545539528,111.0
2025-10-01,RWP,WORCESTERSHIRE ACUTE HOSPITALS NHS TRUST,673,550,81.72362555720653,7.65384615384615,23.4690909090909,0,0,0,66.44872878872862,15.274896768477916,47.0
2025-10-01,RRF,"WRIGHTINGTON, WIGAN AND LEIGH NHS FOUNDATION TRUST",804,620,77.11442786069652,9.1,27.4466666666667,0,0,0,66.44872878872862,10.665699071967907,57.0
2025-10-01,RLQ,WYE VALLEY NHS TRUST,453,301,66.44591611479028,12.6071428571429,26.2933333333333,0,0,0,66.44872878872862,-0.0028126739383367294,76.0
2025-10-01,RCB,YORK AND SCARBOROUGH TEACHING HOSPITALS NHS FOUNDATION TRUST,570,470,82.45614035087719,7.53571428571429,23.6461538461538,0,0,0,66.44872878872862,16.007411562148576,46.0
2025-11-01,RCF,AIREDALE NHS FOUNDATION TRUST,406,321,79.06403940886699,8.07142857142857,27.52,0,0,0,66.31098872730402,12.753050681562968,50.0
2025-11-01,RBS,ALDER HEY CHILDREN'S NHS FOUNDATION TRUST,0,0,,,,0,0,0,66.31098872730402,,
2025-11-01,RTK,ASHFORD AND ST PETER'S HOSPITALS NHS FOUNDATION TRUST,337,238,70.62314540059347,8.75,36.0133333333333,1,0,0,66.31098872730402,4.312156673289451,69.0
2025-11-01,RFF,BARNSLEY HOSPITAL NHS FOUNDATION TRUST,201,197,98.00995024875621,4.47222222222222,10.5766666666667,0,0,0,66.31098872730402,31.69896152145219,4.0
2025-11-01,R1H,BARTS HEALTH NHS TRUST,1262,929,73.61331220285261,8.6,34.202,8,0,0,66.31098872730402,7.30232347554859,61.0
2025-11-01,RC9,BEDFORDSHIRE HOSPITALS NHS FOUNDATION TRUST,900,853,94.77777777777779,6.89655172413793,16.5217391304348,1,0,0,66.31098872730402,28.466789050473764,11.0
2025-11-01,RWX,BERKSHIRE HEALTHCARE NHS FOUNDATION TRUST,0,0,,,,0,0,0,66.31098872730402,,
2025-11-01,RYW,BIRMINGHAM COMMUNITY HEALTHCARE NHS FOUNDATION TRUST,0,0,,,,0,0,0,66.31098872730402,,
2025-11-01,RQ3,BIRMINGHAM WOMEN'S AND CHILDREN'S NHS FOUNDATION TRUST,0,0,,,,0,0,0,66.31098872730402,,
2025-11-01,RXL,BLACKPOOL TEACHING HOSPITALS NHS FOUNDATION TRUST,924,576,62.33766233766234,12.9565217391304,30.59,2,0,0,66.31098872730402,-3.9733263896416844,86.0
2025-11-01,RMC,BOLTON NHS FOUNDATION TRUST,317,309,97.47634069400631,5.47916666666667,13.1490909090909,0,0,0,66.31098872730402,31.16535196670229,5.0
2025-11-01,TAD,BRADFORD DISTRICT CARE NHS FOUNDATION TRUST,0,0,,,,0,0,0,66.31098872730402,,
2025-11-01,RAE,BRADFORD TEACHING HOSPITALS NHS FOUNDATION TRUST,473,395,83.50951374207189,8.17857142857143,22.29,0,0,0,66.31098872730402,17.198525014767867,40.0
2025-11-01,RXQ,BUCKINGHAMSHIRE HEALTHCARE NHS TRUST,543,412,75.87476979742172,10.25,35.2228571428571,5,0,0,66.31098872730402,9.563781070117699,58.0
2025-11-01,RWY,CALDERDALE AND HUDDERSFIELD NHS FOUNDATION TRUST,1030,728,70.67961165048544,11.4583333333333,28.1454545454545,0,0,0,66.31098872730402,4.3686229231814195,68.0
2025-11-01,RGT,CAMBRIDGE UNIVERSITY HOSPITALS NHS FOUNDATION TRUST,1780,1385,77.80898876404494,8.20481927710843,26.2117647058824,0,0,0,66.31098872730402,11.498000036740919,53.0
2025-11-01,RT1,CAMBRIDGESHIRE AND PETERBOROUGH NHS FOUNDATION TRUST,0,0,,,,0,0,0,66.31098872730402,,
2025-11-01,RQM,CHELSEA AND WESTMINSTER HOSPITAL NHS FOUNDATION TRUST,1711,1093,63.88077147866744,14.1666666666667,34.0861538461539,0,0,0,66.31098872730402,-2.4302172486365805,83.0
2025-11-01,RFS,CHESTERFIELD ROYAL HOSPITAL NHS FOUNDATION TRUST,777,301,38.73873873873874,25.925,49.684,38,0,0,66.31098872730402,-27.572249988565282,117.0
2025-11-01,RJ8,CORNWALL PARTNERSHIP NHS FOUNDATION TRUST,0,0,,,,0,0,0,66.31098872730402,,
2025-11-01,RJR,COUNTESS OF CHESTER HOSPITAL NHS FOUNDATION TRUST,542,302,55.71955719557196,16.0,41.7377777777778,11,3,0,66.31098872730402,-10.591431531732063,99.0
2025-11-01,RXP,COUNTY DURHAM AND DARLINGTON NHS FOUNDATION TRUST,729,422,57.8875171467764,14.575,31.5138461538462,3,0,0,66.31098872730402,-8.423471580527618,92.0
2025-11-01,RJ6,CROYDON HEALTH SERVICES NHS TRUST,1119,714,63.806970509383376,14.0921052631579,29.6057142857143,0,0,0,66.31098872730402,-2.5040182179206454,84.0
2025-11-01,RX4,"CUMBRIA, NORTHUMBERLAND, TYNE AND WEAR NHS FOUNDATION TRUST",0,0,,,,0,0,0,66.31098872730402,,
2025-11-01,RN7,DARTFORD AND GRAVESHAM NHS TRUST,0,0,,,,0,0,0,66.31098872730402,,
2025-11-01,RP5,DONCASTER AND BASSETLAW TEACHING HOSPITALS NHS FOUNDATION TRUST,907,604,66.59316427783904,12.984375,27.3885714285714,0,0,0,66.31098872730402,0.2821755505350154,75.0
2025-11-01,RBD,DORSET COUNTY HOSPITAL NHS FOUNDATION TRUST,0,0,,,,0,0,0,66.31098872730402,,
2025-11-01,RWH,EAST AND NORTH HERTFORDSHIRE TEACHING NHS TRUST,1017,626,61.5535889872173,14.4732142857143,31.764,0,0,0,66.31098872730402,-4.7573997400867185,88.0
2025-11-01,RJN,EAST CHESHIRE NHS TRUST,0,0,,,,0,0,0,66.31098872730402,,
2025-11-01,RVV,EAST KENT HOSPITALS UNIVERSITY NHS FOUNDATION TRUST,3316,1250,37.69601930036188,23.6428571428571,43.5897872340426,30,0,0,66.31098872730402,-28.61496942694214,119.0
2025-11-01,RXR,EAST LANCASHIRE HOSPITALS NHS TRUST,861,567,65.85365853658537,11.5576923076923,33.3733333333333,3,0,0,66.31098872730402,-0.45733019071865044,76.0
2025-11-01,RDE,EAST SUFFOLK AND NORTH ESSEX NHS FOUNDATION TRUST,1914,1224,63.94984326018809,13.6615384615385,29.744,0,0,0,66.31098872730402,-2.361145467115932,82.0
2025-11-01,RXC,EAST SUSSEX HEALTHCARE NHS TRUST,957,847,88.50574712643679,8.66981132075472,22.48,3,0,0,66.31098872730402,22.194758399132766,26.0
2025-11-01,RVR,EPSOM AND ST HELIER UNIVERSITY HOSPITALS NHS TRUST,648,415,64.0432098765432,11.45,38.3781818181818,8,1,0,66.31098872730402,-2.26777885076082,81.0
2025-11-01,RDU,FRIMLEY HEALTH NHS FOUNDATION TRUST,611,529,86.57937806873977,6.72368421052632,21.265,1,0,0,66.31098872730402,20.26838934143575,32.0
2025-11-01,RR7,GATESHEAD HEALTH NHS FOUNDATION TRUST,463,284,61.33909287257019,13.8333333333333,33.596,0,0,0,66.31098872730402,-4.97189585473383,89.0
2025-11-01,RLT,GEORGE ELIOT HOSPITAL NHS TRUST,317,295,93.05993690851734,5.6304347826087,16.928,0,0,0,66.31098872730402,26.748948181213322,15.0
2025-11-01,RTE,GLOUCESTERSHIRE HOSPITALS NHS FOUNDATION TRUST,1170,750,64.1025641025641,11.78125,34.0307692307692,2,0,0,66.31098872730402,-2.2084246247399193,80.0
2025-11-01,RP4,GREAT ORMOND STREET HOSPITAL FOR CHILDREN NHS FOUNDATION TRUST,0,0,,,,0,0,0,66.31098872730402,,
2025-11-01,RN3,GREAT WESTERN HOSPITALS NHS FOUNDATION TRUST,234,228,97.43589743589743,4.07142857142857,14.2133333333333,0,0,0,66.31098872730402,31.12490870859341,6.0
2025-11-01,RJ1,GUY'S AND ST THOMAS' NHS FOUNDATION TRUST,509,486,95.48133595284872,4.96428571428571,15.7133333333333,0,0,0,66.31098872730402,29.170347225544702,10.0
2025-11-01,RW1,HAMPSHIRE AND ISLE OF WIGHT HEALTHCARE NHS FOUNDATION TRUST,77,77,100.0,3.92857142857143,10.21,0,0,0,66.31098872730402,33.68901127269598,1.0
2025-11-01,RN5,HAMPSHIRE HOSPITALS NHS FOUNDATION TRUST,1881,928,49.33545986177565,18.2906976744186,39.0926315789474,9,3,1,66.31098872730402,-16.975528865528375,109.0
2025-11-01,RCD,HARROGATE AND DISTRICT NHS FOUNDATION TRUST,291,261,89.69072164948454,5.475,19.2866666666667,0,0,0,66.31098872730402,23.379732922180523,22.0
2025-11-01,R1A,HEREFORDSHIRE AND WORCESTERSHIRE HEALTH AND CARE NHS TRUST,0,0,,,,0,0,0,66.31098872730402,,
2025-11-01,RQX,HOMERTON HEALTHCARE NHS FOUNDATION TRUST,138,123,89.13043478260869,2.5,18.5657142857143,0,0,0,66.31098872730402,22.819446055304667,25.0
2025-11-01,RWA,HULL UNIVERSITY TEACHING HOSPITALS NHS TRUST,1068,786,73.59550561797754,11.046511627907,27.3257142857143,6,0,0,66.31098872730402,7.284516890673515,62.0
2025-11-01,RYJ,IMPERIAL COLLEGE HEALTHCARE NHS TRUST,646,536,82.97213622291022,8.03571428571429,27.3866666666667,1,0,0,66.31098872730402,16.6611474956062,42.0
2025-11-01,R1F,ISLE OF WIGHT NHS TRUST,525,408,77.71428571428571,7.45348837209302,25.1538461538462,0,0,0,66.31098872730402,11.403296986981687,54.0
2025-11-01,RGP,JAMES PAGET UNIVERSITY HOSPITALS NHS FOUNDATION TRUST,421,379,90.02375296912113,7.05,20.08,0,0,0,66.31098872730402,23.712764241817112,20.0
2025-11-01,RYY,KENT COMMUNITY HEALTH NHS FOUNDATION TRUST,0,0,,,,0,0,0,66.31098872730402,,
2025-11-01,RNQ,KETTERING GENERAL HOSPITAL NHS FOUNDATION TRUST,1116,693,62.096774193548384,11.8292682926829,35.5129411764706,0,0,0,66.31098872730402,-4.214214533755637,87.0
2025-11-01,RJZ,KING'S COLLEGE HOSPITAL NHS FOUNDATION TRUST,1249,1056,84.54763811048839,7.13768115942029,22.9292307692308,0,0,0,66.31098872730402,18.23664938318437,38.0
2025-11-01,RAX,KINGSTON AND RICHMOND NHS FOUNDATION TRUST,782,729,93.22250639386189,7.47826086956522,16.6525,0,0,0,66.31098872730402,26.91151766655787,14.0
2025-11-01,RW5,LANCASHIRE & SOUTH CUMBRIA NHS FOUNDATION TRUST,343,324,94.46064139941691,4.38235294117647,15.96,0,0,0,66.31098872730402,28.149652672112893,12.0
2025-11-01,RXN,LANCASHIRE TEACHING HOSPITALS NHS FOUNDATION TRUST,0,0,,,,0,0,0,66.31098872730402,,
2025-11-01,RR8,LEEDS TEACHING HOSPITALS NHS TRUST,2023,1310,64.75531389026199,11.7954545454545,33.079,0,0,0,66.31098872730402,-1.5556748370420337,79.0
2025-11-01,RJ2,LEWISHAM AND GREENWICH NHS TRUST,764,640,83.7696335078534,9.16666666666667,22.2618181818182,0,0,0,66.31098872730402,17.458644780549378,39.0
2025-11-01,RP7,LINCOLNSHIRE PARTNERSHIP NHS FOUNDATION TRUST,0,0,,,,0,0,0,66.31098872730402,,
2025-11-01,RBQ,LIVERPOOL HEART AND CHEST HOSPITAL NHS FOUNDATION TRUST,0,0,,,,0,0,0,66.31098872730402,,
2025-11-01,REM,LIVERPOOL UNIVERSITY HOSPITALS NHS FOUNDATION TRUST,513,391,76.21832358674465,9.97368421052632,23.396,0,0,0,66.31098872730402,9.907334859440624,56.0
2025-11-01,REP,LIVERPOOL WOMEN'S NHS FOUNDATION TRUST,0,0,,,,0,0,0,66.31098872730402,,
2025-11-01,R1K,LONDON NORTH WEST UNIVERSITY HEALTHCARE NHS TRUST,565,482,85.30973451327434,5.73214285714286,22.9777777777778,0,0,0,66.31098872730402,18.998745785970314,35.0
2025-11-01,RWF,MAIDSTONE AND TUNBRIDGE WELLS NHS TRUST,399,388,97.24310776942356,5.12962962962963,14.508,0,0,0,66.31098872730402,30.932119042119538,7.0
2025-11-01,R0A,MANCHESTER UNIVERSITY NHS FOUNDATION TRUST,1129,841,74.49069973427812,8.01724137931035,28.268,0,0,0,66.31098872730402,8.179711006974102,59.0
2025-11-01,RPA,MEDWAY NHS FOUNDATION TRUST,3264,1258,38.54166666666667,23.3150684931507,46.5965714285714,108,0,0,66.31098872730402,-27.76932206063735,118.0
2025-11-01,RBN,MERSEY AND WEST LANCASHIRE TEACHING HOSPITALS NHS TRUST,1265,768,60.71146245059289,14.0166666666667,42.5333333333333,19,0,0,66.31098872730402,-5.599526276711131,90.0
2025-11-01,RW4,MERSEY CARE NHS FOUNDATION TRUST,0,0,,,,0,0,0,66.31098872730402,,
2025-11-01,RAJ,MID AND SOUTH ESSEX NHS FOUNDATION TRUST,2673,1312,49.083426861204636,18.4537037037037,53.458,250,25,1,66.31098872730402,-17.227561866099386,111.0
2025-11-01,RBT,MID CHESHIRE HOSPITALS NHS FOUNDATION TRUST,1203,565,46.965918536990856,19.1388888888889,46.1971428571429,33,0,0,66.31098872730402,-19.345070190313166,114.0
2025-11-01,RXF,MID YORKSHIRE TEACHING NHS TRUST,799,460,57.571964956195245,14.5,36.8523076923077,0,0,0,66.31098872730402,-8.739023771108776,94.0
2025-11-01,RRE,MIDLANDS PARTNERSHIP UNIVERSITY NHS FOUNDATION TRUST,3753,3509,93.49853450572874,6.3775,17.2789743589744,0,0,0,66.31098872730402,27.18754577842472,13.0
2025-11-01,RD8,MILTON KEYNES UNIVERSITY HOSPITAL NHS FOUNDATION TRUST,1435,679,47.3170731707317,18.8020833333333,41.4769230769231,28,0,0,66.31098872730402,-18.99391555657232,113.0
2025-11-01,RP6,MOORFIELDS EYE HOSPITAL NHS FOUNDATION TRUST,0,0,,,,0,0,0,66.31098872730402,,
2025-11-01,RM1,NORFOLK AND NORWICH UNIVERSITY HOSPITALS NHS FOUNDATION TRUST,1029,891,86.58892128279884,8.1375,20.9786666666667,2,1,0,66.31098872730402,20.277932555494814,31.0
2025-11-01,RVJ,NORTH BRISTOL NHS TRUST,1202,693,57.65391014975042,15.2222222222222,34.042,0,0,0,66.31098872730402,-8.657078577553598,93.0
2025-11-01,RNN,NORTH CUMBRIA INTEGRATED CARE NHS FOUNDATION TRUST,1268,644,50.78864353312302,17.7222222222222,40.0509090909091,10,0,0,66.31098872730402,-15.522345194181,106.0
2025-11-01,RVW,NORTH TEES AND HARTLEPOOL NHS FOUNDATION TRUST,562,464,82.56227758007117,8.125,23.6733333333333,0,0,0,66.31098872730402,16.251288852767146,43.0
2025-11-01,RGN,NORTH WEST ANGLIA NHS FOUNDATION TRUST,1246,675,54.17335473515249,16.2333333333333,38.7955555555556,1,0,0,66.31098872730402,-12.137633992151528,101.0
2025-11-01,RNS,NORTHAMPTON GENERAL HOSPITAL NHS TRUST,374,324,86.63101604278076,12.4074074074074,20.44,0,0,0,66.31098872730402,20.320027315476736,29.0
2025-11-01,RM3,NORTHERN CARE ALLIANCE NHS FOUNDATION TRUST,2336,1326,56.763698630136986,15.1428571428571,39.767619047619,41,0,0,66.31098872730402,-9.547290097167036,96.0
2025-11-01,RJL,NORTHERN LINCOLNSHIRE AND GOOLE NHS FOUNDATION TRUST,1017,521,51.2291052114061,17.5689655172414,36.6126315789474,1,0,0,66.31098872730402,-15.081883515897921,104.0
2025-11-01,RTF,NORTHUMBRIA HEALTHCARE NHS FOUNDATION TRUST,828,747,90.21739130434783,7.25714285714286,19.2514285714286,0,0,0,66.31098872730402,23.906402577043806,19.0
2025-11-01,RX1,NOTTINGHAM UNIVERSITY HOSPITALS NHS TRUST,872,601,68.92201834862385,11.5769230769231,27.2945454545455,3,0,0,66.31098872730402,2.6110296213198296,73.0
2025-11-01,RTH,OXFORD UNIVERSITY HOSPITALS NHS FOUNDATION TRUST,1196,980,81.93979933110369,6.8,27.0290909090909,1,0,0,66.31098872730402,15.628810603799664,44.0
2025-11-01,RPG,OXLEAS NHS FOUNDATION TRUST,0,0,,,,0,0,0,66.31098872730402,,
2025-11-01,RHU,PORTSMOUTH HOSPITALS UNIVERSITY NHS TRUST,563,547,97.15808170515098,5.828125,13.16,0,0,0,66.31098872730402,30.847092977846955,8.0
2025-11-01,RPC,QUEEN VICTORIA HOSPITAL NHS FOUNDATION TRUST,60,43,71.66666666666667,12.0,28.1,0,0,0,66.31098872730402,5.35567793936265,63.0
2025-11-01,RHW,ROYAL BERKSHIRE NHS FOUNDATION TRUST,488,394,80.73770491803278,7.95238095238095,23.4933333333333,0,0,0,66.31098872730402,14.426716190728754,47.0
2025-11-01,REF,ROYAL CORNWALL HOSPITALS NHS TRUST,763,731,95.80602883355176,6.475,16.6504347826087,0,0,0,66.31098872730402,29.495040106247743,9.0
2025-11-01,RH8,ROYAL DEVON UNIVERSITY HEALTHCARE NHS FOUNDATION TRUST,665,576,86.61654135338345,6.8953488372093,21.475,0,0,0,66.31098872730402,20.305552626079432,30.0
2025-11-01,RAL,ROYAL FREE LONDON NHS FOUNDATION TRUST,3393,1733,51.07574417919245,17.5197368421053,39.8092307692308,4,0,0,66.31098872730402,-15.235244548111574,105.0
2025-11-01,RAN,ROYAL NATIONAL ORTHOPAEDIC HOSPITAL NHS TRUST,407,364,89.43488943488943,9.2037037037037,19.6342857142857,0,0,0,66.31098872730402,23.123900707585406,24.0
2025-11-01,RGM,ROYAL PAPWORTH HOSPITAL NHS FOUNDATION TRUST,0,0,,,,0,0,0,66.31098872730402,,
2025-11-01,RA2,ROYAL SURREY NHS FOUNDATION TRUST,229,208,90.82969432314411,5.7,19.68,1,0,0,66.31098872730402,24.51870559584009,18.0
2025-11-01,RD1,ROYAL UNITED HOSPITALS BATH NHS FOUNDATION TRUST,1480,898,60.67567567567568,14.1063829787234,33.32,0,0,0,66.31098872730402,-5.635313051628344,91.0
2025-11-01,RNZ,SALISBURY NHS FOUNDATION TRUST,859,423,49.243306169965074,18.5,42.6369230769231,3,0,0,66.31098872730402,-17.067682557338948,110.0
2025-11-01,RXK,SANDWELL AND WEST BIRMINGHAM HOSPITALS NHS TRUST,698,530,75.93123209169055,8.94444444444444,29.02,0,0,0,66.31098872730402,9.620243364386525,57.0
2025-11-01,RCU,SHEFFIELD CHILDREN'S NHS FOUNDATION TRUST,0,0,,,,0,0,0,66.31098872730402,,
2025-11-01,RK5,SHERWOOD FOREST HOSPITALS NHS FOUNDATION TRUST,139,125,89.92805755395683,6.4375,21.44,0,0,0,66.31098872730402,23.61706882665281,21.0
2025-11-01,R1D,SHROPSHIRE COMMUNITY HEALTH NHS TRUST,42,35,83.33333333333334,16.25,18.91,0,0,0,66.31098872730402,17.02234460602932,41.0
2025-11-01,RH5,SOMERSET NHS FOUNDATION TRUST,740,487,65.81081081081082,10.0,33.5333333333333,7,1,0,66.31098872730402,-0.5001779164932003,77.0
2025-11-01,RTR,SOUTH TEES HOSPITALS NHS FOUNDATION TRUST,1584,909,57.38636363636363,15.4642857142857,34.9712,1,0,0,66.31098872730402,-8.924625090940388,95.0
2025-11-01,R0B,SOUTH TYNESIDE AND SUNDERLAND NHS FOUNDATION TRUST,1284,837,65.18691588785047,12.0666666666667,27.22,0,0,0,66.31098872730402,-1.1240728394535466,78.0
2025-11-01,RJC,SOUTH WARWICKSHIRE UNIVERSITY NHS FOUNDATION TRUST,431,393,91.1832946635731,7.08333333333333,19.5066666666667,0,0,0,66.31098872730402,24.872305936269072,17.0
2025-11-01,RXG,SOUTH WEST YORKSHIRE PARTNERSHIP NHS FOUNDATION TRUST,0,0,,,,0,0,0,66.31098872730402,,
2025-11-01,RJ7,ST GEORGE'S UNIVERSITY HOSPITALS NHS FOUNDATION TRUST,1264,877,69.38291139240506,11.8636363636364,33.3233333333333,10,0,0,66.31098872730402,3.0719226651010416,72.0
2025-11-01,RWJ,STOCKPORT NHS FOUNDATION TRUST,1264,706,55.85443037974683,15.4583333333333,37.24,2,0,0,66.31098872730402,-10.456558347557191,98.0
2025-11-01,RTP,SURREY AND SUSSEX HEALTHCARE NHS TRUST,666,584,87.68768768768768,9.03448275862069,19.9247058823529,0,0,0,66.31098872730402,21.376698960383663,28.0
2025-11-01,RDR,SUSSEX COMMUNITY NHS FOUNDATION TRUST,685,486,70.94890510948905,12.3289473684211,26.3,0,0,0,66.31098872730402,4.6379163821850256,67.0
2025-11-01,RMP,TAMESIDE AND GLOSSOP INTEGRATED CARE NHS FOUNDATION TRUST,363,320,88.1542699724518,9.32352941176471,19.33,0,0,0,66.31098872730402,21.84328124514778,27.0
2025-11-01,RBV,THE CHRISTIE NHS FOUNDATION TRUST,0,0,,,,0,0,0,66.31098872730402,,
2025-11-01,REN,THE CLATTERBRIDGE CANCER CENTRE NHS FOUNDATION TRUST,0,0,,,,0,0,0,66.31098872730402,,
2025-11-01,RNA,THE DUDLEY GROUP NHS FOUNDATION TRUST,777,659,84.81338481338481,7.06862745098039,23.2184615384615,0,0,0,66.31098872730402,18.502396086080793,37.0
2025-11-01,RAS,THE HILLINGDON HOSPITALS NHS FOUNDATION TRUST,1052,591,56.1787072243346,16.09375,35.2366666666667,1,0,0,66.31098872730402,-10.13228150296942,97.0
2025-11-01,RTD,THE NEWCASTLE UPON TYNE HOSPITALS NHS FOUNDATION TRUST,714,606,84.87394957983193,7.55555555555556,22.088,0,0,0,66.31098872730402,18.562960852527908,36.0
2025-11-01,RQW,THE PRINCESS ALEXANDRA HOSPITAL NHS TRUST,1680,835,49.702380952380956,18.1612903225806,49.4857142857143,79,3,1,66.31098872730402,-16.608607774923065,108.0
2025-11-01,RCX,"THE QUEEN ELIZABETH HOSPITAL, KING'S LYNN, NHS FOUNDATION TRUST",828,433,52.29468599033817,17.0952380952381,42.345,1,0,0,66.31098872730402,-14.016302736965855,103.0
2025-11-01,RL1,THE ROBERT JONES AND AGNES HUNT ORTHOPAEDIC HOSPITAL NHS FOUNDATION TRUST,904,645,71.3495575221239,10.6774193548387,32.6453333333333,2,0,0,66.31098872730402,5.038568794819881,65.0
2025-11-01,RFR,THE ROTHERHAM NHS FOUNDATION TRUST,939,646,68.79659211927583,10.58,30.0895238095238,0,0,0,66.31098872730402,2.4856033919718072,74.0
2025-11-01,RPY,THE ROYAL MARSDEN NHS FOUNDATION TRUST,0,0,,,,0,0,0,66.31098872730402,,
2025-11-01,RRJ,THE ROYAL ORTHOPAEDIC HOSPITAL NHS FOUNDATION TRUST,0,0,,,,0,0,0,66.31098872730402,,
2025-11-01,RL4,THE ROYAL WOLVERHAMPTON NHS TRUST,1795,1254,69.86072423398329,10.5434782608696,33.4521739130435,0,0,0,66.31098872730402,3.5497355066792693,70.0
2025-11-01,RXW,THE SHREWSBURY AND TELFORD HOSPITAL NHS TRUST,0,0,,,,0,0,0,66.31098872730402,,
2025-11-01,RET,THE WALTON CENTRE NHS FOUNDATION TRUST,0,0,,,,0,0,0,66.31098872730402,,
2025-11-01,RA9,TORBAY AND SOUTH DEVON NHS FOUNDATION TRUST,780,611,78.33333333333333,7.97959183673469,29.92,1,0,0,66.31098872730402,12.022344606029307,52.0
2025-11-01,RWD,UNITED LINCOLNSHIRE TEACHING HOSPITALS NHS TRUST,1695,746,44.011799410029504,22.2708333333333,51.6928571428571,127,1,0,66.31098872730402,-22.299189317274518,116.0
2025-11-01,RRV,UNIVERSITY COLLEGE LONDON HOSPITALS NHS FOUNDATION TRUST,1199,649,54.12844036697248,16.3518518518519,36.9386666666667,13,2,0,66.31098872730402,-12.182548360331545,102.0
2025-11-01,RHM,UNIVERSITY HOSPITAL SOUTHAMPTON NHS FOUNDATION TRUST,722,515,71.32963988919667,10.2105263157895,33.56,0,0,0,66.31098872730402,5.018651161892649,66.0
2025-11-01,RRK,UNIVERSITY HOSPITALS BIRMINGHAM NHS FOUNDATION TRUST,945,774,81.9047619047619,7.5390625,22.1333333333333,1,0,0,66.31098872730402,15.593773177457876,45.0
2025-11-01,RA7,UNIVERSITY HOSPITALS BRISTOL AND WESTON NHS FOUNDATION TRUST,655,507,77.40458015267176,7.65,33.3714285714286,0,0,0,66.31098872730402,11.093591425367734,55.0
2025-11-01,RKB,UNIVERSITY HOSPITALS COVENTRY AND WARWICKSHIRE NHS TRUST,594,532,89.56228956228956,6.85,20.2114285714286,0,0,0,66.31098872730402,23.251300834985543,23.0
2025-11-01,R0D,UNIVERSITY HOSPITALS DORSET NHS FOUNDATION TRUST,1012,827,81.7193675889328,7.27659574468085,25.404,0,0,0,66.31098872730402,15.408378861628776,46.0
2025-11-01,RTG,UNIVERSITY HOSPITALS OF DERBY AND BURTON NHS FOUNDATION TRUST,1787,1327,74.25853385562395,10.6688311688312,28.3654545454545,4,0,0,66.31098872730402,7.9475451283199305,60.0
2025-11-01,RWE,UNIVERSITY HOSPITALS OF LEICESTER NHS TRUST,3885,1799,46.306306306306304,19.6394230769231,39.584,33,0,0,66.31098872730402,-20.004682420997717,115.0
2025-11-01,RTX,UNIVERSITY HOSPITALS OF MORECAMBE BAY NHS FOUNDATION TRUST,927,730,78.74865156418555,8.89705882352941,27.14,4,0,0,66.31098872730402,12.437662836881529,51.0
2025-11-01,RJE,UNIVERSITY HOSPITALS OF NORTH MIDLANDS NHS TRUST,1,1,100.0,,,0,0,0,66.31098872730402,33.68901127269598,1.0
2025-11-01,RK9,UNIVERSITY HOSPITALS PLYMOUTH NHS TRUST,721,516,71.56726768377254,11.7173913043478,31.132,2,1,0,66.31098872730402,5.25627895646852,64.0
2025-11-01,RYR,UNIVERSITY HOSPITALS SUSSEX NHS FOUNDATION TRUST,1462,738,50.47879616963065,17.8333333333333,41.504,12,0,0,66.31098872730402,-15.832192557673373,107.0
2025-11-01,RBK,WALSALL HEALTHCARE NHS TRUST,738,635,86.04336043360433,8.25714285714286,21.5511111111111,0,0,0,66.31098872730402,19.732371706300313,33.0
2025-11-01,RWW,WARRINGTON AND HALTON TEACHING HOSPITALS NHS FOUNDATION TRUST,1034,569,55.02901353965184,15.3333333333333,43.44,22,0,0,66.31098872730402,-11.28197518765218,100.0
2025-11-01,RWG,WEST HERTFORDSHIRE TEACHING HOSPITALS NHS TRUST,845,590,69.8224852071006,11.3148148148148,29.7230769230769,1,0,0,66.31098872730402,3.511496479796577,71.0
2025-11-01,RGR,WEST SUFFOLK NHS FOUNDATION TRUST,446,408,91.4798206278027,5.60714285714286,18.58,0,0,0,66.31098872730402,25.168831900498674,16.0
2025-11-01,RKE,WHITTINGTON HEALTH NHS TRUST,184,183,99.45652173913044,3.54545454545455,11.0466666666667,0,0,0,66.31098872730402,33.145533011826416,3.0
2025-11-01,RBL,WIRRAL UNIVERSITY TEACHING HOSPITAL NHS FOUNDATION TRUST,1109,536,48.33183047790803,18.578125,43.3942857142857,24,1,0,66.31098872730402,-17.979158249395994,112.0
2025-11-01,RWP,WORCESTERSHIRE ACUTE HOSPITALS NHS TRUST,658,562,85.41033434650456,7.25,22.7066666666667,1,0,0,66.31098872730402,19.099345619200534,34.0
2025-11-01,RRF,"WRIGHTINGTON, WIGAN AND LEIGH NHS FOUNDATION TRUST",819,650,79.36507936507937,7.69166666666667,27.4984615384615,1,0,0,66.31098872730402,13.054090637775346,49.0
2025-11-01,RLQ,WYE VALLEY NHS TRUST,445,279,62.69662921348315,13.2142857142857,29.64,0,0,0,66.31098872730402,-3.6143595138208724,85.0
2025-11-01,RCB,YORK AND SCARBOROUGH TEACHING HOSPITALS NHS FOUNDATION TRUST,564,452,80.1418439716312,8.08695652173913,24.888,1,0,0,66.31098872730402,13.830855244327182,48.0
2025-12-01,RCF,AIREDALE NHS FOUNDATION TRUST,402,320,79.60199004975125,9.41176470588235,26.368,0,0,0,66.46062863152812,13.141361418223127,49.0
2025-12-01,RBS,ALDER HEY CHILDREN'S NHS FOUNDATION TRUST,0,0,,,,0,0,0,66.46062863152812,,
2025-12-01,RTK,ASHFORD AND ST PETER'S HOSPITALS NHS FOUNDATION TRUST,311,255,81.9935691318328,7.29166666666667,27.024,1,0,0,66.46062863152812,15.532940500304676,42.0
2025-12-01,RF4,"BARKING, HAVERING AND REDBRIDGE UNIVERSITY HOSPITALS NHS TRUST",705,576,81.70212765957446,7.78395061728395,28.65,1,0,0,66.46062863152812,15.241499028046334,44.0
2025-12-01,RFF,BARNSLEY HOSPITAL NHS FOUNDATION TRUST,166,164,98.79518072289156,3.0,10.36,0,0,0,66.46062863152812,32.334552091363435,3.0
2025-12-01,R1H,BARTS HEALTH NHS TRUST,1095,806,73.60730593607306,10.2538461538462,34.4,6,0,0,66.46062863152812,7.146677304544937,65.0
2025-12-01,RC9,BEDFORDSHIRE HOSPITALS NHS FOUNDATION TRUST,878,827,94.19134396355354,7.19230769230769,16.1725,0,0,0,66.46062863152812,27.73071533202541,12.0
2025-12-01,RWX,BERKSHIRE HEALTHCARE NHS FOUNDATION TRUST,0,0,,,,0,0,0,66.46062863152812,,
2025-12-01,RYW,BIRMINGHAM COMMUNITY HEALTHCARE NHS FOUNDATION TRUST,0,0,,,,0,0,0,66.46062863152812,,
2025-12-01,RQ3,BIRMINGHAM WOMEN'S AND CHILDREN'S NHS FOUNDATION TRUST,0,0,,,,0,0,0,66.46062863152812,,
2025-12-01,RXL,BLACKPOOL TEACHING HOSPITALS NHS FOUNDATION TRUST,872,588,67.43119266055045,12.5172413793103,30.0266666666667,0,0,0,66.46062863152812,0.9705640290223272,74.0
2025-12-01,RMC,BOLTON NHS FOUNDATION TRUST,372,361,97.04301075268818,5.86206896551724,13.924,0,0,0,66.46062863152812,30.58238212116005,5.0
2025-12-01,TAD,BRADFORD DISTRICT CARE NHS FOUNDATION TRUST,0,0,,,,0,0,0,66.46062863152812,,
2025-12-01,RAE,BRADFORD TEACHING HOSPITALS NHS FOUNDATION TRUST,469,381,81.2366737739872,9.19117647058824,23.948,0,0,0,66.46062863152812,14.776045142459083,45.0
2025-12-01,RXQ,BUCKINGHAMSHIRE HEALTHCARE NHS TRUST,503,395,78.52882703777337,10.4310344827586,31.5866666666667,1,0,0,66.46062863152812,12.068198406245244,51.0
2025-12-01,RWY,CALDERDALE AND HUDDERSFIELD NHS FOUNDATION TRUST,931,684,73.46938775510205,10.2403846153846,29.252,0,0,0,66.46062863152812,7.008759123573924,67.0
2025-12-01,RGT,CAMBRIDGE UNIVERSITY HOSPITALS NHS FOUNDATION TRUST,1837,1438,78.27980402830703,8.81746031746032,26.136,1,0,0,66.46062863152812,11.819175396778903,52.0
2025-12-01,RT1,CAMBRIDGESHIRE AND PETERBOROUGH NHS FOUNDATION TRUST,0,0,,,,0,0,0,66.46062863152812,,
2025-12-01,RQM,CHELSEA AND WESTMINSTER HOSPITAL NHS FOUNDATION TRUST,1605,999,62.24299065420561,14.5612244897959,31.7259259259259,0,0,0,66.46062863152812,-4.217637977322511,86.0
2025-12-01,RFS,CHESTERFIELD ROYAL HOSPITAL NHS FOUNDATION TRUST,724,282,38.950276243093924,27.8333333333333,50.0072727272727,38,0,0,66.46062863152812,-27.5103523884342,116.0
2025-12-01,RJ8,CORNWALL PARTNERSHIP NHS FOUNDATION TRUST,0,0,,,,0,0,0,66.46062863152812,,
2025-12-01,RJR,COUNTESS OF CHESTER HOSPITAL NHS FOUNDATION TRUST,474,275,58.016877637130804,14.5333333333333,37.5828571428572,7,0,0,66.46062863152812,-8.44375099439732,95.0
2025-12-01,RXP,COUNTY DURHAM AND DARLINGTON NHS FOUNDATION TRUST,762,445,58.3989501312336,15.40625,34.065,1,0,0,66.46062863152812,-8.061678500294526,94.0
2025-12-01,RJ6,CROYDON HEALTH SERVICES NHS TRUST,1106,677,61.21157323688969,14.5263157894737,29.2825,0,0,0,66.46062863152812,-5.249055394638432,87.0
2025-12-01,RX4,"CUMBRIA, NORTHUMBERLAND, TYNE AND WEAR NHS FOUNDATION TRUST",0,0,,,,0,0,0,66.46062863152812,,
2025-12-01,RN7,DARTFORD AND GRAVESHAM NHS TRUST,0,0,,,,0,0,0,66.46062863152812,,
2025-12-01,RP5,DONCASTER AND BASSETLAW TEACHING HOSPITALS NHS FOUNDATION TRUST,861,566,65.73751451800233,12.758064516129,28.712,0,0,0,66.46062863152812,-0.7231141135257957,77.0
2025-12-01,RBD,DORSET COUNTY HOSPITAL NHS FOUNDATION TRUST,0,0,,,,0,0,0,66.46062863152812,,
2025-12-01,RWH,EAST AND NORTH HERTFORDSHIRE TEACHING NHS TRUST,1068,651,60.95505617977528,14.027027027027,32.0430769230769,1,0,0,66.46062863152812,-5.50557245175284,88.0
2025-12-01,RJN,EAST CHESHIRE NHS TRUST,0,0,,,,0,0,0,66.46062863152812,,
2025-12-01,RVV,EAST KENT HOSPITALS UNIVERSITY NHS FOUNDATION TRUST,3266,1217,37.2627066748316,24.5178571428571,43.9286666666667,30,0,0,66.46062863152812,-29.197921956696526,117.0
2025-12-01,RXR,EAST LANCASHIRE HOSPITALS NHS TRUST,917,617,67.2846237731734,11.9242424242424,33.16,4,0,0,66.46062863152812,0.8239951416452698,75.0
2025-12-01,RDE,EAST SUFFOLK AND NORTH ESSEX NHS FOUNDATION TRUST,1948,1140,58.52156057494866,15.3384615384615,32.5830769230769,0,0,0,66.46062863152812,-7.939068056579465,92.0
2025-12-01,RXC,EAST SUSSEX HEALTHCARE NHS TRUST,989,868,87.76541961577351,8.62280701754386,23.2685714285714,3,0,0,66.46062863152812,21.304790984245386,27.0
2025-12-01,RVR,EPSOM AND ST HELIER UNIVERSITY HOSPITALS NHS TRUST,735,479,65.17006802721087,11.4166666666667,37.775,6,1,0,66.46062863152812,-1.2905606043172497,78.0
2025-12-01,RDU,FRIMLEY HEALTH NHS FOUNDATION TRUST,552,491,88.94927536231883,7.73170731707317,20.8066666666667,0,0,0,66.46062863152812,22.488646730790705,23.0
2025-12-01,RR7,GATESHEAD HEALTH NHS FOUNDATION TRUST,426,274,64.31924882629107,13.3,31.23,0,0,0,66.46062863152812,-2.141379805237051,82.0
2025-12-01,RLT,GEORGE ELIOT HOSPITAL NHS TRUST,302,284,94.03973509933775,4.68965517241379,15.8342857142857,0,0,0,66.46062863152812,27.579106467809623,14.0
2025-12-01,RTE,GLOUCESTERSHIRE HOSPITALS NHS FOUNDATION TRUST,1099,687,62.511373976342135,12.8870967741935,35.44,0,0,0,66.46062863152812,-3.949254655185989,85.0
2025-12-01,RP4,GREAT ORMOND STREET HOSPITAL FOR CHILDREN NHS FOUNDATION TRUST,0,0,,,,0,0,0,66.46062863152812,,
2025-12-01,RN3,GREAT WESTERN HOSPITALS NHS FOUNDATION TRUST,235,223,94.8936170212766,4.46875,15.4,0,0,0,66.46062863152812,28.432988389748473,10.0
2025-12-01,RJ1,GUY'S AND ST THOMAS' NHS FOUNDATION TRUST,379,366,96.56992084432717,5.01020408163265,13.736,0,0,0,66.46062863152812,30.109292212799048,6.0
2025-12-01,RW1,HAMPSHIRE AND ISLE OF WIGHT HEALTHCARE NHS FOUNDATION TRUST,76,76,100.0,5.41666666666667,12.48,0,0,0,66.46062863152812,33.539371368471876,1.0
2025-12-01,RN5,HAMPSHIRE HOSPITALS NHS FOUNDATION TRUST,1908,912,47.79874213836478,19.25,40.4351515151515,5,0,0,66.46062863152812,-18.661886493163344,111.0
2025-12-01,RCD,HARROGATE AND DISTRICT NHS FOUNDATION TRUST,235,211,89.7872340425532,5.5,19.5333333333333,0,0,0,66.46062863152812,23.32660541102507,18.0
2025-12-01,R1A,HEREFORDSHIRE AND WORCESTERSHIRE HEALTH AND CARE NHS TRUST,0,0,,,,0,0,0,66.46062863152812,,
2025-12-01,RQX,HOMERTON HEALTHCARE NHS FOUNDATION TRUST,172,168,97.67441860465115,2.82608695652174,7.81,0,0,0,66.46062863152812,31.213789973123028,4.0
2025-12-01,RWA,HULL UNIVERSITY TEACHING HOSPITALS NHS TRUST,1059,796,75.16525023607177,11.4473684210526,25.8228571428571,3,0,0,66.46062863152812,8.704621604543647,59.0
2025-12-01,RYJ,IMPERIAL COLLEGE HEALTHCARE NHS TRUST,557,470,84.38061041292639,7.81666666666667,25.61,0,0,0,66.46062863152812,17.919981781398263,35.0
2025-12-01,R1F,ISLE OF WIGHT NHS TRUST,569,445,78.20738137082601,6.79545454545454,27.7828571428571,0,0,0,66.46062863152812,11.74675273929789,53.0
2025-12-01,RGP,JAMES PAGET UNIVERSITY HOSPITALS NHS FOUNDATION TRUST,458,409,89.30131004366812,8.625,22.18,0,0,0,66.46062863152812,22.84068141214,21.0
2025-12-01,RYY,KENT COMMUNITY HEALTH NHS FOUNDATION TRUST,0,0,,,,0,0,0,66.46062863152812,,
2025-12-01,RNQ,KETTERING GENERAL HOSPITAL NHS FOUNDATION TRUST,1052,676,64.25855513307985,12.5777777777778,35.8244444444444,0,0,0,66.46062863152812,-2.2020734984482715,83.0
2025-12-01,RJZ,KING'S COLLEGE HOSPITAL NHS FOUNDATION TRUST,1227,1013,82.55908720456398,7.29838709677419,23.8729411764706,0,0,0,66.46062863152812,16.098458573035856,41.0
2025-12-01,RAX,KINGSTON AND RICHMOND NHS FOUNDATION TRUST,723,644,89.07330567081605,9.02631578947368,21.2971428571429,0,0,0,66.46062863152812,22.61267703928793,22.0
2025-12-01,RW5,LANCASHIRE & SOUTH CUMBRIA NHS FOUNDATION TRUST,335,310,92.53731343283582,6.08928571428571,16.64,0,0,0,66.46062863152812,26.076684801307692,15.0
2025-12-01,RXN,LANCASHIRE TEACHING HOSPITALS NHS FOUNDATION TRUST,0,0,,,,0,0,0,66.46062863152812,,
2025-12-01,RR8,LEEDS TEACHING HOSPITALS NHS TRUST,2052,1333,64.96101364522417,12.6507936507937,33.3288888888889,0,0,0,66.46062863152812,-1.4996149863039534,79.0
2025-12-01,RJ2,LEWISHAM AND GREENWICH NHS TRUST,719,613,85.25730180806676,8.34090909090909,22.4971428571429,1,0,0,66.46062863152812,18.796673176538633,33.0
2025-12-01,RP7,LINCOLNSHIRE PARTNERSHIP NHS FOUNDATION TRUST,0,0,,,,0,0,0,66.46062863152812,,
2025-12-01,RBQ,LIVERPOOL HEART AND CHEST HOSPITAL NHS FOUNDATION TRUST,0,0,,,,0,0,0,66.46062863152812,,
2025-12-01,REM,LIVERPOOL UNIVERSITY HOSPITALS NHS FOUNDATION TRUST,505,382,75.64356435643565,9.54347826086956,23.4307692307692,0,0,0,66.46062863152812,9.182935724907523,58.0
2025-12-01,REP,LIVERPOOL WOMEN'S NHS FOUNDATION TRUST,0,0,,,,0,0,0,66.46062863152812,,
2025-12-01,R1K,LONDON NORTH WEST UNIVERSITY HEALTHCARE NHS TRUST,567,485,85.5379188712522,5.71621621621622,23.2733333333333,0,0,0,66.46062863152812,19.07729023972408,32.0
2025-12-01,RWF,MAIDSTONE AND TUNBRIDGE WELLS NHS TRUST,331,314,94.86404833836858,5.97727272727273,16.13,0,0,0,66.46062863152812,28.403419706840452,11.0
2025-12-01,R0A,MANCHESTER UNIVERSITY NHS FOUNDATION TRUST,1101,825,74.93188010899182,7.74561403508772,28.464,0,0,0,66.46062863152812,8.471251477463696,61.0
2025-12-01,RPA,MEDWAY NHS FOUNDATION TRUST,3281,1209,36.848521792136545,24.7597402597403,46.476875,79,0,0,66.46062863152812,-29.61210683939158,118.0
2025-12-01,RBN,MERSEY AND WEST LANCASHIRE TEACHING HOSPITALS NHS TRUST,1275,800,62.745098039215684,12.9479166666667,43.5,25,0,0,66.46062863152812,-3.71553059231244,84.0
2025-12-01,RW4,MERSEY CARE NHS FOUNDATION TRUST,0,0,,,,0,0,0,66.46062863152812,,
2025-12-01,RAJ,MID AND SOUTH ESSEX NHS FOUNDATION TRUST,2711,1342,49.50202877167097,18.3648648648649,53.312,232,26,3,66.46062863152812,-16.958599859857152,109.0
2025-12-01,RBT,MID CHESHIRE HOSPITALS NHS FOUNDATION TRUST,1157,540,46.6724286949006,20.0178571428571,45.7352380952381,38,0,0,66.46062863152812,-19.78819993662752,113.0
2025-12-01,RXF,MID YORKSHIRE TEACHING NHS TRUST,807,472,58.48822800495663,13.8333333333333,37.3127272727273,0,0,0,66.46062863152812,-7.972400626571492,93.0
2025-12-01,RRE,MIDLANDS PARTNERSHIP UNIVERSITY NHS FOUNDATION TRUST,3707,3415,92.12301052063663,6.88323353293413,17.9504347826087,1,0,0,66.46062863152812,25.662381889108502,16.0
2025-12-01,RD8,MILTON KEYNES UNIVERSITY HOSPITAL NHS FOUNDATION TRUST,1462,638,43.63885088919289,20.7045454545455,43.302,26,1,0,66.46062863152812,-22.821777742335236,115.0
2025-12-01,RP6,MOORFIELDS EYE HOSPITAL NHS FOUNDATION TRUST,0,0,,,,0,0,0,66.46062863152812,,
2025-12-01,RM1,NORFOLK AND NORWICH UNIVERSITY HOSPITALS NHS FOUNDATION TRUST,1050,894,85.14285714285714,9.72727272727273,21.6875,1,0,0,66.46062863152812,18.682228511329015,34.0
2025-12-01,RVJ,NORTH BRISTOL NHS TRUST,1152,645,55.989583333333336,15.5833333333333,35.2021052631579,0,0,0,66.46062863152812,-10.471045298194788,98.0
2025-12-01,RNN,NORTH CUMBRIA INTEGRATED CARE NHS FOUNDATION TRUST,1279,650,50.820953870211106,17.6111111111111,39.2463157894737,15,0,0,66.46062863152812,-15.639674761317018,104.0
2025-12-01,RVW,NORTH TEES AND HARTLEPOOL NHS FOUNDATION TRUST,515,410,79.6116504854369,9.953125,24.975,0,0,0,66.46062863152812,13.151021853908773,48.0
2025-12-01,RGN,NORTH WEST ANGLIA NHS FOUNDATION TRUST,1112,658,59.172661870503596,14.8928571428571,35.8628571428572,0,0,0,66.46062863152812,-7.287966761024528,90.0
2025-12-01,RNS,NORTHAMPTON GENERAL HOSPITAL NHS TRUST,626,552,88.17891373801918,10.7083333333333,19.8660869565217,0,0,0,66.46062863152812,21.718285106491052,25.0
2025-12-01,RM3,NORTHERN CARE ALLIANCE NHS FOUNDATION TRUST,2346,1342,57.20375106564365,15.5113636363636,39.7536842105263,27,0,0,66.46062863152812,-9.256877565884473,97.0
2025-12-01,RJL,NORTHERN LINCOLNSHIRE AND GOOLE NHS FOUNDATION TRUST,1022,508,49.706457925636,18.2307692307692,38.5171428571429,2,0,0,66.46062863152812,-16.754170705892122,108.0
2025-12-01,RTF,NORTHUMBRIA HEALTHCARE NHS FOUNDATION TRUST,933,819,87.78135048231512,8.48684210526316,20.768,0,0,0,66.46062863152812,21.320721850786995,26.0
2025-12-01,RX1,NOTTINGHAM UNIVERSITY HOSPITALS NHS TRUST,874,607,69.45080091533181,12.0294117647059,26.0044444444444,0,0,0,66.46062863152812,2.9901722838036875,71.0
2025-12-01,RTH,OXFORD UNIVERSITY HOSPITALS NHS FOUNDATION TRUST,1137,944,83.02550571679859,7.5546875,25.8492307692308,1,0,0,66.46062863152812,16.564877085270467,38.0
2025-12-01,RPG,OXLEAS NHS FOUNDATION TRUST,0,0,,,,0,0,0,66.46062863152812,,
2025-12-01,RHU,PORTSMOUTH HOSPITALS UNIVERSITY NHS TRUST,572,549,95.97902097902097,6.28205128205128,14.3533333333333,0,0,0,66.46062863152812,29.51839234749285,7.0
2025-12-01,RPC,QUEEN VICTORIA HOSPITAL NHS FOUNDATION TRUST,61,43,70.49180327868852,13.375,31.12,0,0,0,66.46062863152812,4.031174647160398,69.0
2025-12-01,RHW,ROYAL BERKSHIRE NHS FOUNDATION TRUST,540,455,84.25925925925925,8.40740740740741,24.6,0,0,0,66.46062863152812,17.79863062773113,36.0
2025-12-01,REF,ROYAL CORNWALL HOSPITALS NHS TRUST,742,698,94.07008086253369,6.90909090909091,16.7178947368421,0,0,0,66.46062863152812,27.609452231005562,13.0
2025-12-01,RH8,ROYAL DEVON UNIVERSITY HEALTHCARE NHS FOUNDATION TRUST,662,569,85.95166163141994,7.91666666666667,24.1485714285714,0,0,0,66.46062863152812,19.491032999891814,30.0
2025-12-01,RAL,ROYAL FREE LONDON NHS FOUNDATION TRUST,3255,1726,53.02611367127496,17.1045454545455,41.0837209302326,3,0,0,66.46062863152812,-13.43451496025316,103.0
2025-12-01,RAN,ROYAL NATIONAL ORTHOPAEDIC HOSPITAL NHS TRUST,382,320,83.7696335078534,10.304347826087,21.2033333333333,0,0,0,66.46062863152812,17.309004876325275,37.0
2025-12-01,RGM,ROYAL PAPWORTH HOSPITAL NHS FOUNDATION TRUST,0,0,,,,0,0,0,66.46062863152812,,
2025-12-01,RA2,ROYAL SURREY NHS FOUNDATION TRUST,225,201,89.33333333333333,6.325,20.0,1,0,0,66.46062863152812,22.872704701805205,20.0
2025-12-01,RD1,ROYAL UNITED HOSPITALS BATH NHS FOUNDATION TRUST,1575,907,57.58730158730159,15.0131578947368,35.1470588235294,0,0,0,66.46062863152812,-8.873327044226535,96.0
2025-12-01,RNZ,SALISBURY NHS FOUNDATION TRUST,822,414,50.36496350364964,17.8,41.3275,1,0,0,66.46062863152812,-16.095665127878483,105.0
2025-12-01,RXK,SANDWELL AND WEST BIRMINGHAM HOSPITALS NHS TRUST,588,507,86.22448979591837,8.625,24.16,0,0,0,66.46062863152812,19.76386116439025,29.0
2025-12-01,RCU,SHEFFIELD CHILDREN'S NHS FOUNDATION TRUST,0,0,,,,0,0,0,66.46062863152812,,
2025-12-01,RK5,SHERWOOD FOREST HOSPITALS NHS FOUNDATION TRUST,143,137,95.8041958041958,4.25,14.28,0,0,0,66.46062863152812,29.343567172667676,8.0
2025-12-01,R1D,SHROPSHIRE COMMUNITY HEALTH NHS TRUST,40,7,17.5,21.0909090909091,23.9,0,0,0,66.46062863152812,-48.960628631528124,119.0
2025-12-01,RH5,SOMERSET NHS FOUNDATION TRUST,748,482,64.43850267379679,11.030303030303,33.895,4,0,0,66.46062863152812,-2.0221259577313333,81.0
2025-12-01,RTR,SOUTH TEES HOSPITALS NHS FOUNDATION TRUST,1570,842,53.63057324840764,16.5348837209302,36.2266666666667,1,0,0,66.46062863152812,-12.83005538312048,102.0
2025-12-01,R0B,SOUTH TYNESIDE AND SUNDERLAND NHS FOUNDATION TRUST,1205,817,67.80082987551867,11.9519230769231,26.9906976744186,0,0,0,66.46062863152812,1.340201243990549,73.0
2025-12-01,RJC,SOUTH WARWICKSHIRE UNIVERSITY NHS FOUNDATION TRUST,418,398,95.21531100478468,7.40909090909091,15.5066666666667,0,0,0,66.46062863152812,28.754682373256557,9.0
2025-12-01,RXG,SOUTH WEST YORKSHIRE PARTNERSHIP NHS FOUNDATION TRUST,0,0,,,,0,0,0,66.46062863152812,,
2025-12-01,RJ7,ST GEORGE'S UNIVERSITY HOSPITALS NHS FOUNDATION TRUST,1263,815,64.52889944576405,12.28125,33.9388235294118,8,0,0,66.46062863152812,-1.9317291857640697,80.0
2025-12-01,RWJ,STOCKPORT NHS FOUNDATION TRUST,1195,722,60.41841004184101,13.6538461538462,35.8266666666667,0,0,0,66.46062863152812,-6.042218589687117,89.0
2025-12-01,RTP,SURREY AND SUSSEX HEALTHCARE NHS TRUST,818,678,82.88508557457213,9.02380952380952,21.0622222222222,0,0,0,66.46062863152812,16.424456943044007,39.0
2025-12-01,RDR,SUSSEX COMMUNITY NHS FOUNDATION TRUST,727,481,66.16231086657497,13.3695652173913,29.32,0,0,0,66.46062863152812,-0.2983177649531541,76.0
2025-12-01,RMP,TAMESIDE AND GLOSSOP INTEGRATED CARE NHS FOUNDATION TRUST,367,303,82.56130790190736,10.02,21.364,0,0,0,66.46062863152812,16.10067927037923,40.0
2025-12-01,RBV,THE CHRISTIE NHS FOUNDATION TRUST,0,0,,,,0,0,0,66.46062863152812,,
2025-12-01,REN,THE CLATTERBRIDGE CANCER CENTRE NHS FOUNDATION TRUST,0,0,,,,0,0,0,66.46062863152812,,
2025-12-01,RNA,THE DUDLEY GROUP NHS FOUNDATION TRUST,796,702,88.19095477386935,6.95081967213115,20.4433333333333,0,0,0,66.46062863152812,21.730326142341227,24.0
2025-12-01,RAS,THE HILLINGDON HOSPITALS NHS FOUNDATION TRUST,943,553,58.64262990455992,14.8333333333333,31.8983333333333,0,0,0,66.46062863152812,-7.817998726968206,91.0
2025-12-01,RTD,THE NEWCASTLE UPON TYNE HOSPITALS NHS FOUNDATION TRUST,619,531,85.78352180936996,8.07352941176471,21.9527272727273,0,0,0,66.46062863152812,19.322893177841834,31.0
2025-12-01,RQW,THE PRINCESS ALEXANDRA HOSPITAL NHS TRUST,1644,824,50.121654501216554,17.9545454545455,48.655,79,1,0,66.46062863152812,-16.33897413031157,106.0
2025-12-01,RCX,"THE QUEEN ELIZABETH HOSPITAL, KING'S LYNN, NHS FOUNDATION TRUST",745,348,46.71140939597315,19.4473684210526,42.4571428571429,2,0,0,66.46062863152812,-19.749219235554975,112.0
2025-12-01,RL1,THE ROBERT JONES AND AGNES HUNT ORTHOPAEDIC HOSPITAL NHS FOUNDATION TRUST,949,701,73.86722866174921,10.5119047619048,34.408,2,0,0,66.46062863152812,7.406600030221085,62.0
2025-12-01,RFR,THE ROTHERHAM NHS FOUNDATION TRUST,1011,700,69.23837784371909,10.7685185185185,32.7717647058824,0,0,0,66.46062863152812,2.777749212190969,72.0
2025-12-01,RPY,THE ROYAL MARSDEN NHS FOUNDATION TRUST,0,0,,,,0,0,0,66.46062863152812,,
2025-12-01,RRJ,THE ROYAL ORTHOPAEDIC HOSPITAL NHS FOUNDATION TRUST,0,0,,,,0,0,0,66.46062863152812,,
2025-12-01,RL4,THE ROYAL WOLVERHAMPTON NHS TRUST,1750,1287,73.54285714285714,11.0701754385965,33.625,2,0,0,66.46062863152812,7.082228511329021,66.0
2025-12-01,RXW,THE SHREWSBURY AND TELFORD HOSPITAL NHS TRUST,0,0,,,,0,0,0,66.46062863152812,,
2025-12-01,RET,THE WALTON CENTRE NHS FOUNDATION TRUST,0,0,,,,0,0,0,66.46062863152812,,
2025-12-01,RA9,TORBAY AND SOUTH DEVON NHS FOUNDATION TRUST,937,732,78.12166488794023,9.93589743589744,31.76,4,0,0,66.46062863152812,11.661036256412103,54.0
2025-12-01,RWD,UNITED LINCOLNSHIRE TEACHING HOSPITALS NHS TRUST,1737,868,49.971214738054115,18.0294117647059,49.2964705882353,95,1,0,66.46062863152812,-16.48941389347401,107.0
2025-12-01,RRV,UNIVERSITY COLLEGE LONDON HOSPITALS NHS FOUNDATION TRUST,1100,610,55.45454545454545,16.1842105263158,35.5,3,0,0,66.46062863152812,-11.00608317698267,99.0
2025-12-01,RHM,UNIVERSITY HOSPITAL SOUTHAMPTON NHS FOUNDATION TRUST,735,528,71.83673469387755,10.4130434782609,34.44,1,0,0,66.46062863152812,5.376106062349422,68.0
2025-12-01,RRK,UNIVERSITY HOSPITALS BIRMINGHAM NHS FOUNDATION TRUST,943,761,80.6998939554613,7.82954545454546,24.5254545454545,0,0,0,66.46062863152812,14.239265323933182,46.0
2025-12-01,RA7,UNIVERSITY HOSPITALS BRISTOL AND WESTON NHS FOUNDATION TRUST,649,502,77.34976887519261,9.01666666666667,29.816,0,0,0,66.46062863152812,10.889140243664485,55.0
2025-12-01,RKB,UNIVERSITY HOSPITALS COVENTRY AND WARWICKSHIRE NHS TRUST,563,504,89.52042628774423,7.10869565217391,21.5657142857143,1,0,0,66.46062863152812,23.059797656216105,19.0
2025-12-01,R0D,UNIVERSITY HOSPITALS DORSET NHS FOUNDATION TRUST,1177,944,80.20390824129142,7.62328767123288,24.9854545454546,0,0,0,66.46062863152812,13.743279609763292,47.0
2025-12-01,RTG,UNIVERSITY HOSPITALS OF DERBY AND BURTON NHS FOUNDATION TRUST,1794,1323,73.7458193979933,10.6417910447761,27.2817391304348,4,0,0,66.46062863152812,7.285190766465178,63.0
2025-12-01,RWE,UNIVERSITY HOSPITALS OF LEICESTER NHS TRUST,3866,1785,46.171753750646666,20.3733333333333,40.7531428571429,35,0,0,66.46062863152812,-20.28887488088146,114.0
2025-12-01,RTX,UNIVERSITY HOSPITALS OF MORECAMBE BAY NHS FOUNDATION TRUST,1025,755,73.65853658536585,9.35869565217391,28.2307692307692,3,0,0,66.46062863152812,7.197907953837728,64.0
2025-12-01,RJE,UNIVERSITY HOSPITALS OF NORTH MIDLANDS NHS TRUST,0,0,,,,0,0,0,66.46062863152812,,
2025-12-01,RK9,UNIVERSITY HOSPITALS PLYMOUTH NHS TRUST,622,481,77.33118971061094,8.67857142857143,26.848,1,0,0,66.46062863152812,10.870561079082819,56.0
2025-12-01,RYR,UNIVERSITY HOSPITALS SUSSEX NHS FOUNDATION TRUST,1431,774,54.088050314465406,15.7439024390244,39.676,11,0,0,66.46062863152812,-12.372578317062718,101.0
2025-12-01,RBK,WALSALL HEALTHCARE NHS TRUST,805,615,76.3975155279503,10.9038461538462,23.1733333333333,0,0,0,66.46062863152812,9.93688689642218,57.0
2025-12-01,RWW,WARRINGTON AND HALTON TEACHING HOSPITALS NHS FOUNDATION TRUST,1101,606,55.04087193460491,15.8125,44.592,23,0,0,66.46062863152812,-11.419756696923216,100.0
2025-12-01,RWG,WEST HERTFORDSHIRE TEACHING HOSPITALS NHS TRUST,877,612,69.78335233751424,11.625,29.6533333333333,0,0,0,66.46062863152812,3.322723705986121,70.0
2025-12-01,RGR,WEST SUFFOLK NHS FOUNDATION TRUST,449,408,90.8685968819599,6.45,19.6933333333333,0,0,0,66.46062863152812,24.40796825043178,17.0
2025-12-01,RKE,WHITTINGTON HEALTH NHS TRUST,193,193,100.0,4.94827586206897,12.9511111111111,0,0,0,66.46062863152812,33.539371368471876,1.0
2025-12-01,RBL,WIRRAL UNIVERSITY TEACHING HOSPITAL NHS FOUNDATION TRUST,1132,552,48.76325088339223,18.8235294117647,45.1309090909091,26,0,0,66.46062863152812,-17.697377748135892,110.0
2025-12-01,RWP,WORCESTERSHIRE ACUTE HOSPITALS NHS TRUST,683,593,86.82284040995609,7.76666666666667,22.472,0,0,0,66.46062863152812,20.362211778427962,28.0
2025-12-01,RRF,"WRIGHTINGTON, WIGAN AND LEIGH NHS FOUNDATION TRUST",769,610,79.32379713914173,8.82894736842105,27.56,1,0,0,66.46062863152812,12.863168507613608,50.0
2025-12-01,RLQ,WYE VALLEY NHS TRUST,344,258,75.0,10.8,26.9257142857143,0,0,0,66.46062863152812,8.539371368471876,60.0
2025-12-01,RCB,YORK AND SCARBOROUGH TEACHING HOSPITALS NHS FOUNDATION TRUST,610,499,81.8032786885246,8.33333333333333,25.64,0,0,0,66.46062863152812,15.342650056996476,43.0
2026-01-01,RCF,AIREDALE NHS FOUNDATION TRUST,410,326,79.51219512195122,9.23076923076923,25.1714285714286,0,0,0,66.03491664045296,13.47727848149826,49.0
2026-01-01,RBS,ALDER HEY CHILDREN'S NHS FOUNDATION TRUST,0,0,,,,0,0,0,66.03491664045296,,
2026-01-01,RTK,ASHFORD AND ST PETER'S HOSPITALS NHS FOUNDATION TRUST,272,182,66.91176470588235,14.3125,29.06,2,0,0,66.03491664045296,0.8768480654293853,75.0
2026-01-01,RF4,"BARKING, HAVERING AND REDBRIDGE UNIVERSITY HOSPITALS NHS TRUST",755,635,84.10596026490066,8.6063829787234,27.8,1,0,0,66.03491664045296,18.071043624447697,40.0
2026-01-01,RFF,BARNSLEY HOSPITAL NHS FOUNDATION TRUST,174,171,98.27586206896551,2.64285714285714,8.51333333333334,0,0,0,66.03491664045296,32.240945428512546,3.0
2026-01-01,R1H,BARTS HEALTH NHS TRUST,1134,867,76.45502645502646,9.44,32.7133333333333,1,0,0,66.03491664045296,10.420109814573493,56.0
2026-01-01,RC9,BEDFORDSHIRE HOSPITALS NHS FOUNDATION TRUST,825,774,93.81818181818183,6.8625,16.5,0,0,0,66.03491664045296,27.783265177728865,16.0
2026-01-01,RWX,BERKSHIRE HEALTHCARE NHS FOUNDATION TRUST,0,0,,,,0,0,0,66.03491664045296,,
2026-01-01,RYW,BIRMINGHAM COMMUNITY HEALTHCARE NHS FOUNDATION TRUST,0,0,,,,0,0,0,66.03491664045296,,
2026-01-01,RQ3,BIRMINGHAM WOMEN'S AND CHILDREN'S NHS FOUNDATION TRUST,0,0,,,,0,0,0,66.03491664045296,,
2026-01-01,RXL,BLACKPOOL TEACHING HOSPITALS NHS FOUNDATION TRUST,924,612,66.23376623376623,12.6904761904762,30.1854545454545,5,0,0,66.03491664045296,0.19884959331326968,76.0
2026-01-01,RMC,BOLTON NHS FOUNDATION TRUST,382,369,96.59685863874346,7.03448275862069,14.7775,0,0,0,66.03491664045296,30.561941998290493,8.0
2026-01-01,TAD,BRADFORD DISTRICT CARE NHS FOUNDATION TRUST,0,0,,,,0,0,0,66.03491664045296,,
2026-01-01,RAE,BRADFORD TEACHING HOSPITALS NHS FOUNDATION TRUST,475,393,82.73684210526315,9.15909090909091,24.2,0,0,0,66.03491664045296,16.701925464810188,42.0
2026-01-01,RXQ,BUCKINGHAMSHIRE HEALTHCARE NHS TRUST,452,400,88.49557522123894,9.33333333333333,21.21,0,0,0,66.03491664045296,22.460658580785974,23.0
2026-01-01,RWY,CALDERDALE AND HUDDERSFIELD NHS FOUNDATION TRUST,998,749,75.0501002004008,10.8181818181818,31.02,0,0,0,66.03491664045296,9.015183559947843,60.0
2026-01-01,RGT,CAMBRIDGE UNIVERSITY HOSPITALS NHS FOUNDATION TRUST,1811,1392,76.86361126449476,8.76515151515152,27.0075,0,0,0,66.03491664045296,10.828694624041802,55.0
2026-01-01,RT1,CAMBRIDGESHIRE AND PETERBOROUGH NHS FOUNDATION TRUST,0,0,,,,0,0,0,66.03491664045296,,
2026-01-01,RQM,CHELSEA AND WESTMINSTER HOSPITAL NHS FOUNDATION TRUST,1457,902,61.90803019903912,14.3690476190476,31.16,0,0,0,66.03491664045296,-4.126886441413845,87.0
2026-01-01,RFS,CHESTERFIELD ROYAL HOSPITAL NHS FOUNDATION TRUST,659,268,40.667678300455236,25.1666666666667,52.52,60,0,0,66.03491664045296,-25.367238339997726,118.0
2026-01-01,RJ8,CORNWALL PARTNERSHIP NHS FOUNDATION TRUST,0,0,,,,0,0,0,66.03491664045296,,
2026-01-01,RJR,COUNTESS OF CHESTER HOSPITAL NHS FOUNDATION TRUST,404,259,64.10891089108911,11.5555555555556,32.42,4,0,0,66.03491664045296,-1.9260057493638527,83.0
2026-01-01,RXP,COUNTY DURHAM AND DARLINGTON NHS FOUNDATION TRUST,801,441,55.0561797752809,16.46,36.8776470588235,2,0,0,66.03491664045296,-10.97873686517206,97.0
2026-01-01,RJ6,CROYDON HEALTH SERVICES NHS TRUST,1055,635,60.18957345971564,14.6707317073171,30.0866666666667,0,0,0,66.03491664045296,-5.8453431807373235,92.0
2026-01-01,RX4,"CUMBRIA, NORTHUMBERLAND, TYNE AND WEAR NHS FOUNDATION TRUST",0,0,,,,0,0,0,66.03491664045296,,
2026-01-01,RN7,DARTFORD AND GRAVESHAM NHS TRUST,0,0,,,,0,0,0,66.03491664045296,,
2026-01-01,RP5,DONCASTER AND BASSETLAW TEACHING HOSPITALS NHS FOUNDATION TRUST,859,558,64.95925494761352,12.75,29.5175,0,0,0,66.03491664045296,-1.0756616928394465,79.0
2026-01-01,RBD,DORSET COUNTY HOSPITAL NHS FOUNDATION TRUST,0,0,,,,0,0,0,66.03491664045296,,
2026-01-01,RWH,EAST AND NORTH HERTFORDSHIRE TEACHING NHS TRUST,1135,692,60.969162995594715,14.7,32.0923076923077,0,0,0,66.03491664045296,-5.065753644858248,90.0
2026-01-01,RJN,EAST CHESHIRE NHS TRUST,0,0,,,,0,0,0,66.03491664045296,,
2026-01-01,RVV,EAST KENT HOSPITALS UNIVERSITY NHS FOUNDATION TRUST,3185,1167,36.64050235478807,24.8538461538462,44.0222222222222,41,0,0,66.03491664045296,-29.394414285664894,119.0
2026-01-01,RXR,EAST LANCASHIRE HOSPITALS NHS TRUST,908,624,68.72246696035242,11.0689655172414,34.6228571428571,7,0,0,66.03491664045296,2.687550319899458,71.0
2026-01-01,RDE,EAST SUFFOLK AND NORTH ESSEX NHS FOUNDATION TRUST,1987,1063,53.49773527931555,16.2613636363636,34.652,0,0,0,66.03491664045296,-12.537181361137414,101.0
2026-01-01,RXC,EAST SUSSEX HEALTHCARE NHS TRUST,938,802,85.50106609808103,8.84126984126984,23.48,1,0,0,66.03491664045296,19.466149457628063,33.0
2026-01-01,RVR,EPSOM AND ST HELIER UNIVERSITY HOSPITALS NHS TRUST,747,487,65.19410977242302,12.025,34.724,2,0,0,66.03491664045296,-0.8408068680299436,78.0
2026-01-01,RDU,FRIMLEY HEALTH NHS FOUNDATION TRUST,505,433,85.74257425742574,6.98387096774194,22.2,0,0,0,66.03491664045296,19.70765761697278,30.0
2026-01-01,RR7,GATESHEAD HEALTH NHS FOUNDATION TRUST,396,267,67.42424242424242,12.5555555555556,30.264,0,0,0,66.03491664045296,1.3893257837894595,73.0
2026-01-01,RLT,GEORGE ELIOT HOSPITAL NHS TRUST,333,313,93.993993993994,6.09,16.12,0,0,0,66.03491664045296,27.959077353541034,15.0
2026-01-01,RTE,GLOUCESTERSHIRE HOSPITALS NHS FOUNDATION TRUST,1055,636,60.28436018957346,14.5694444444444,34.7333333333333,0,0,0,66.03491664045296,-5.7505564508795,91.0
2026-01-01,RP4,GREAT ORMOND STREET HOSPITAL FOR CHILDREN NHS FOUNDATION TRUST,0,0,,,,0,0,0,66.03491664045296,,
2026-01-01,RN3,GREAT WESTERN HOSPITALS NHS FOUNDATION TRUST,238,225,94.53781512605042,5.2,14.495,0,0,0,66.03491664045296,28.502898485597456,13.0
2026-01-01,RJ1,GUY'S AND ST THOMAS' NHS FOUNDATION TRUST,427,410,96.01873536299766,4.125,12.68,0,0,0,66.03491664045296,29.983818722544697,10.0
2026-01-01,RW1,HAMPSHIRE AND ISLE OF WIGHT HEALTHCARE NHS FOUNDATION TRUST,56,56,100.0,4.0,8.78857142857143,0,0,0,66.03491664045296,33.96508335954704,1.0
2026-01-01,RN5,HAMPSHIRE HOSPITALS NHS FOUNDATION TRUST,1888,851,45.07415254237288,20.2682926829268,42.0436363636364,14,0,0,66.03491664045296,-20.960764098080084,116.0
2026-01-01,RCD,HARROGATE AND DISTRICT NHS FOUNDATION TRUST,255,244,95.68627450980392,5.68181818181818,14.2285714285714,0,0,0,66.03491664045296,29.65135786935096,12.0
2026-01-01,R1A,HEREFORDSHIRE AND WORCESTERSHIRE HEALTH AND CARE NHS TRUST,0,0,,,,0,0,0,66.03491664045296,,
2026-01-01,RQX,HOMERTON HEALTHCARE NHS FOUNDATION TRUST,121,117,96.69421487603306,1.91666666666667,9.864,0,0,0,66.03491664045296,30.659298235580096,7.0
2026-01-01,RWA,HULL UNIVERSITY TEACHING HOSPITALS NHS TRUST,1074,782,72.8119180633147,11.9705882352941,27.2895238095238,2,0,0,66.03491664045296,6.777001422861744,66.0
2026-01-01,RYJ,IMPERIAL COLLEGE HEALTHCARE NHS TRUST,603,511,84.74295190713102,7.4375,24.38,0,0,0,66.03491664045296,18.708035266678053,36.0
2026-01-01,R1F,ISLE OF WIGHT NHS TRUST,581,434,74.69879518072288,8.33928571428571,30.352,0,0,0,66.03491664045296,8.66387854026992,61.0
2026-01-01,RGP,JAMES PAGET UNIVERSITY HOSPITALS NHS FOUNDATION TRUST,447,395,88.36689038031321,9.55357142857143,21.7066666666667,1,0,0,66.03491664045296,22.331973739860246,24.0
2026-01-01,RYY,KENT COMMUNITY HEALTH NHS FOUNDATION TRUST,0,0,,,,0,0,0,66.03491664045296,,
2026-01-01,RNQ,KETTERING GENERAL HOSPITAL NHS FOUNDATION TRUST,1067,683,64.0112464854733,13.4259259259259,36.8611764705882,1,0,0,66.03491664045296,-2.023670154979669,84.0
2026-01-01,RJZ,KING'S COLLEGE HOSPITAL NHS FOUNDATION TRUST,1059,867,81.86968838526913,7.5078125,25.8771428571429,1,0,0,66.03491664045296,15.834771744816166,44.0
2026-01-01,RAX,KINGSTON AND RICHMOND NHS FOUNDATION TRUST,561,422,75.22281639928698,11.1923076923077,23.4654545454545,0,0,0,66.03491664045296,9.187899758834021,58.0
2026-01-01,RW5,LANCASHIRE & SOUTH CUMBRIA NHS FOUNDATION TRUST,352,323,91.76136363636364,7.11764705882353,18.084,0,0,0,66.03491664045296,25.726446995910678,18.0
2026-01-01,RXN,LANCASHIRE TEACHING HOSPITALS NHS FOUNDATION TRUST,0,0,,,,0,0,0,66.03491664045296,,
2026-01-01,RR8,LEEDS TEACHING HOSPITALS NHS TRUST,2038,1310,64.27870461236506,13.21875,33.8133333333333,0,0,0,66.03491664045296,-1.7562120280879014,81.0
2026-01-01,RJ2,LEWISHAM AND GREENWICH NHS TRUST,897,577,64.32552954292085,12.7380952380952,26.1916279069767,0,0,0,66.03491664045296,-1.7093870975321153,80.0
2026-01-01,RP7,LINCOLNSHIRE PARTNERSHIP NHS FOUNDATION TRUST,0,0,,,,0,0,0,66.03491664045296,,
2026-01-01,RBQ,LIVERPOOL HEART AND CHEST HOSPITAL NHS FOUNDATION TRUST,0,0,,,,0,0,0,66.03491664045296,,
2026-01-01,REM,LIVERPOOL UNIVERSITY HOSPITALS NHS FOUNDATION TRUST,487,388,79.67145790554414,9.18421052631579,22.3876923076923,0,0,0,66.03491664045296,13.636541265091182,48.0
2026-01-01,REP,LIVERPOOL WOMEN'S NHS FOUNDATION TRUST,0,0,,,,0,0,0,66.03491664045296,,
2026-01-01,R1K,LONDON NORTH WEST UNIVERSITY HEALTHCARE NHS TRUST,582,505,86.76975945017182,5.0,21.92,0,0,0,66.03491664045296,20.734842809718856,25.0
2026-01-01,RWF,MAIDSTONE AND TUNBRIDGE WELLS NHS TRUST,256,246,96.09375,3.23076923076923,15.104,0,0,0,66.03491664045296,30.058833359547037,9.0
2026-01-01,R0A,MANCHESTER UNIVERSITY NHS FOUNDATION TRUST,1035,788,76.13526570048309,7.75490196078431,28.9272727272727,0,0,0,66.03491664045296,10.100349060030126,57.0
2026-01-01,RPA,MEDWAY NHS FOUNDATION TRUST,3289,1167,35.48190939495287,26.1214285714286,48.1291304347826,74,0,0,66.03491664045296,-30.55300724550009,120.0
2026-01-01,RBN,MERSEY AND WEST LANCASHIRE TEACHING HOSPITALS NHS TRUST,1308,814,62.23241590214067,13.5,43.4466666666667,38,0,0,66.03491664045296,-3.8025007383122897,85.0
2026-01-01,RW4,MERSEY CARE NHS FOUNDATION TRUST,0,0,,,,0,0,0,66.03491664045296,,
2026-01-01,RAJ,MID AND SOUTH ESSEX NHS FOUNDATION TRUST,2657,1400,52.691004892736174,16.6022727272727,53.4678787878788,250,19,1,66.03491664045296,-13.343911747716788,102.0
2026-01-01,RBT,MID CHESHIRE HOSPITALS NHS FOUNDATION TRUST,1176,539,45.83333333333333,19.7058823529412,44.596,39,0,0,66.03491664045296,-20.201583307119634,115.0
2026-01-01,RXF,MID YORKSHIRE TEACHING NHS TRUST,684,450,65.78947368421053,13.5,35.76,0,0,0,66.03491664045296,-0.24544295624242807,77.0
2026-01-01,RRE,MIDLANDS PARTNERSHIP UNIVERSITY NHS FOUNDATION TRUST,3914,3500,89.42258559018906,6.99468085106383,19.3315151515152,1,0,0,66.03491664045296,23.387668949736096,21.0
2026-01-01,RD8,MILTON KEYNES UNIVERSITY HOSPITAL NHS FOUNDATION TRUST,1460,636,43.56164383561644,21.258064516129,44.6375,28,0,0,66.03491664045296,-22.473272804836526,117.0
2026-01-01,RP6,MOORFIELDS EYE HOSPITAL NHS FOUNDATION TRUST,0,0,,,,0,0,0,66.03491664045296,,
2026-01-01,RM1,NORFOLK AND NORWICH UNIVERSITY HOSPITALS NHS FOUNDATION TRUST,1099,877,79.79981801637852,10.7222222222222,21.936,0,0,0,66.03491664045296,13.764901375925561,47.0
2026-01-01,RVJ,NORTH BRISTOL NHS TRUST,1095,602,54.977168949771695,16.375,35.47,0,0,0,66.03491664045296,-11.057747690681268,98.0
2026-01-01,RNN,NORTH CUMBRIA INTEGRATED CARE NHS FOUNDATION TRUST,1256,659,52.468152866242036,17.0,37.68,11,0,0,66.03491664045296,-13.566763774210926,103.0
2026-01-01,RVW,NORTH TEES AND HARTLEPOOL NHS FOUNDATION TRUST,514,433,84.24124513618678,11.4074074074074,26.888,0,0,0,66.03491664045296,18.206328495733814,39.0
2026-01-01,RGN,NORTH WEST ANGLIA NHS FOUNDATION TRUST,1132,697,61.572438162544174,14.3513513513514,32.896,0,0,0,66.03491664045296,-4.462478477908789,89.0
2026-01-01,RNS,NORTHAMPTON GENERAL HOSPITAL NHS TRUST,595,497,83.52941176470588,10.578125,21.6727272727273,0,0,0,66.03491664045296,17.49449512425292,41.0
2026-01-01,RM3,NORTHERN CARE ALLIANCE NHS FOUNDATION TRUST,2280,1250,54.824561403508774,16.4,39.2666666666667,13,0,0,66.03491664045296,-11.210355236944189,99.0
2026-01-01,RJL,NORTHERN LINCOLNSHIRE AND GOOLE NHS FOUNDATION TRUST,979,475,48.518896833503575,18.725,38.134,0,0,0,66.03491664045296,-17.516019806949387,113.0
2026-01-01,RTF,NORTHUMBRIA HEALTHCARE NHS FOUNDATION TRUST,932,792,84.97854077253218,8.25,22.6525,0,0,0,66.03491664045296,18.943624132079222,35.0
2026-01-01,RX1,NOTTINGHAM UNIVERSITY HOSPITALS NHS TRUST,804,595,74.00497512437812,10.5789473684211,26.8453333333333,0,0,0,66.03491664045296,7.970058483925158,63.0
2026-01-01,RTH,OXFORD UNIVERSITY HOSPITALS NHS FOUNDATION TRUST,1119,945,84.45040214477211,7.92372881355932,25.7466666666667,0,0,0,66.03491664045296,18.41548550431915,38.0
2026-01-01,RPG,OXLEAS NHS FOUNDATION TRUST,0,0,,,,0,0,0,66.03491664045296,,
2026-01-01,RHU,PORTSMOUTH HOSPITALS UNIVERSITY NHS TRUST,529,517,97.73156899810964,6.921875,14.4771428571429,0,0,0,66.03491664045296,31.696652357656674,5.0
2026-01-01,RPC,QUEEN VICTORIA HOSPITAL NHS FOUNDATION TRUST,55,34,61.81818181818181,13.25,32.6,0,0,0,66.03491664045296,-4.21673482227115,88.0
2026-01-01,RHW,ROYAL BERKSHIRE NHS FOUNDATION TRUST,530,456,86.0377358490566,9.34615384615385,24.1777777777778,0,0,0,66.03491664045296,20.00281920860364,28.0
2026-01-01,REF,ROYAL CORNWALL HOSPITALS NHS TRUST,703,664,94.45234708392604,6.63559322033898,16.076,0,0,0,66.03491664045296,28.41743044347308,14.0
2026-01-01,RH8,ROYAL DEVON UNIVERSITY HEALTHCARE NHS FOUNDATION TRUST,648,556,85.80246913580247,8.29545454545454,22.04,1,0,0,66.03491664045296,19.767552495349506,29.0
2026-01-01,RAL,ROYAL FREE LONDON NHS FOUNDATION TRUST,3365,1732,51.47102526002971,17.3028169014085,40.445,2,0,0,66.03491664045296,-14.56389138042325,106.0
2026-01-01,RAN,ROYAL NATIONAL ORTHOPAEDIC HOSPITAL NHS TRUST,424,340,80.18867924528303,9.3030303030303,22.3466666666667,0,0,0,66.03491664045296,14.153762604830064,46.0
2026-01-01,RGM,ROYAL PAPWORTH HOSPITAL NHS FOUNDATION TRUST,0,0,,,,0,0,0,66.03491664045296,,
2026-01-01,RA2,ROYAL SURREY NHS FOUNDATION TRUST,208,193,92.78846153846155,5.66666666666667,17.672,2,0,0,66.03491664045296,26.753544898008585,17.0
2026-01-01,RD1,ROYAL UNITED HOSPITALS BATH NHS FOUNDATION TRUST,1596,893,55.952380952380956,14.9,36.3492682926829,0,0,0,66.03491664045296,-10.082535688072007,96.0
2026-01-01,RNZ,SALISBURY NHS FOUNDATION TRUST,800,407,50.875,17.5882352941176,41.5833333333333,0,0,0,66.03491664045296,-15.159916640452963,108.0
2026-01-01,RXK,SANDWELL AND WEST BIRMINGHAM HOSPITALS NHS TRUST,650,537,82.61538461538461,9.08928571428571,27.0,0,0,0,66.03491664045296,16.58046797493165,43.0
2026-01-01,RCU,SHEFFIELD CHILDREN'S NHS FOUNDATION TRUST,0,0,,,,0,0,0,66.03491664045296,,
2026-01-01,RK5,SHERWOOD FOREST HOSPITALS NHS FOUNDATION TRUST,112,109,97.32142857142857,4.0,13.02,0,0,0,66.03491664045296,31.286511930975607,6.0
2026-01-01,R1D,SHROPSHIRE COMMUNITY HEALTH NHS TRUST,30,18,60.0,11.0,25.72,0,0,0,66.03491664045296,-6.034916640452963,93.0
2026-01-01,RH5,SOMERSET NHS FOUNDATION TRUST,765,491,64.18300653594771,11.3888888888889,34.8666666666667,1,0,0,66.03491664045296,-1.8519101045052508,82.0
2026-01-01,RTR,SOUTH TEES HOSPITALS NHS FOUNDATION TRUST,1577,821,52.06087507926442,17.3627450980392,38.6231578947368,3,0,0,66.03491664045296,-13.974041561188542,105.0
2026-01-01,R0B,SOUTH TYNESIDE AND SUNDERLAND NHS FOUNDATION TRUST,1126,776,68.9165186500888,12.2105263157895,27.146,0,0,0,66.03491664045296,2.8816020096358415,70.0
2026-01-01,RJC,SOUTH WARWICKSHIRE UNIVERSITY NHS FOUNDATION TRUST,376,361,96.01063829787235,7.8695652173913,15.692,0,0,0,66.03491664045296,29.975721657419385,11.0
2026-01-01,RXG,SOUTH WEST YORKSHIRE PARTNERSHIP NHS FOUNDATION TRUST,0,0,,,,0,0,0,66.03491664045296,,
2026-01-01,RJ7,ST GEORGE'S UNIVERSITY HOSPITALS NHS FOUNDATION TRUST,1309,877,66.99770817417875,12.5,35.1753846153846,4,0,0,66.03491664045296,0.9627915337257917,74.0
2026-01-01,RWJ,STOCKPORT NHS FOUNDATION TRUST,1126,699,62.07815275310835,14.030303030303,36.44,1,0,0,66.03491664045296,-3.9567638873446143,86.0
2026-01-01,RTP,SURREY AND SUSSEX HEALTHCARE NHS TRUST,795,680,85.53459119496856,9.12068965517241,21.9454545454545,0,0,0,66.03491664045296,19.499674554515593,32.0
2026-01-01,RDR,SUSSEX COMMUNITY NHS FOUNDATION TRUST,563,279,49.55595026642984,18.25,33.5418181818182,0,0,0,66.03491664045296,-16.478966374023123,110.0
2026-01-01,RMP,TAMESIDE AND GLOSSOP INTEGRATED CARE NHS FOUNDATION TRUST,359,306,85.23676880222841,9.75,20.256,0,0,0,66.03491664045296,19.20185216177545,34.0
2026-01-01,RBV,THE CHRISTIE NHS FOUNDATION TRUST,0,0,,,,0,0,0,66.03491664045296,,
2026-01-01,REN,THE CLATTERBRIDGE CANCER CENTRE NHS FOUNDATION TRUST,0,0,,,,0,0,0,66.03491664045296,,
2026-01-01,RNA,THE DUDLEY GROUP NHS FOUNDATION TRUST,741,656,88.52901484480432,8.16964285714286,21.6742857142857,0,0,0,66.03491664045296,22.49409820435136,22.0
2026-01-01,RAS,THE HILLINGDON HOSPITALS NHS FOUNDATION TRUST,890,532,59.7752808988764,14.5416666666667,32.0444444444445,0,0,0,66.03491664045296,-6.2596357415765596,94.0
2026-01-01,RTD,THE NEWCASTLE UPON TYNE HOSPITALS NHS FOUNDATION TRUST,656,562,85.67073170731707,8.40476190476191,21.904,0,0,0,66.03491664045296,19.63581506686411,31.0
2026-01-01,RQW,THE PRINCESS ALEXANDRA HOSPITAL NHS TRUST,1651,816,49.42459115687462,18.3392857142857,49.596,88,1,0,66.03491664045296,-16.610325483578343,112.0
2026-01-01,RCX,"THE QUEEN ELIZABETH HOSPITAL, KING'S LYNN, NHS FOUNDATION TRUST",696,346,49.712643678160916,18.1,37.895,0,0,0,66.03491664045296,-16.322272962292047,109.0
2026-01-01,RL1,THE ROBERT JONES AND AGNES HUNT ORTHOPAEDIC HOSPITAL NHS FOUNDATION TRUST,876,685,78.19634703196347,10.675,31.88,2,0,0,66.03491664045296,12.161430391510507,53.0
2026-01-01,RFR,THE ROTHERHAM NHS FOUNDATION TRUST,916,719,78.49344978165938,10.3684210526316,30.144,0,0,0,66.03491664045296,12.458533141206416,52.0
2026-01-01,RPY,THE ROYAL MARSDEN NHS FOUNDATION TRUST,0,0,,,,0,0,0,66.03491664045296,,
2026-01-01,RRJ,THE ROYAL ORTHOPAEDIC HOSPITAL NHS FOUNDATION TRUST,0,0,,,,0,0,0,66.03491664045296,,
2026-01-01,RL4,THE ROYAL WOLVERHAMPTON NHS TRUST,1731,1266,73.13691507798961,11.6325301204819,34.6438095238095,3,0,0,66.03491664045296,7.1019984375366505,65.0
2026-01-01,RXW,THE SHREWSBURY AND TELFORD HOSPITAL NHS TRUST,0,0,,,,0,0,0,66.03491664045296,,
2026-01-01,RET,THE WALTON CENTRE NHS FOUNDATION TRUST,0,0,,,,0,0,0,66.03491664045296,,
2026-01-01,RA9,TORBAY AND SOUTH DEVON NHS FOUNDATION TRUST,945,738,78.0952380952381,10.75,30.2666666666667,2,0,0,66.03491664045296,12.06032145478514,54.0
2026-01-01,RWD,UNITED LINCOLNSHIRE TEACHING HOSPITALS NHS TRUST,1674,858,51.25448028673835,17.655737704918,46.8175,47,0,0,66.03491664045296,-14.780436353714613,107.0
2026-01-01,RRV,UNIVERSITY COLLEGE LONDON HOSPITALS NHS FOUNDATION TRUST,1049,590,56.244041944709245,15.1136363636364,35.008,5,0,0,66.03491664045296,-9.790874695743717,95.0
2026-01-01,RHM,UNIVERSITY HOSPITAL SOUTHAMPTON NHS FOUNDATION TRUST,712,535,75.14044943820225,9.0,29.6711111111111,5,0,0,66.03491664045296,9.10553279774929,59.0
2026-01-01,RRK,UNIVERSITY HOSPITALS BIRMINGHAM NHS FOUNDATION TRUST,961,785,81.68574401664932,7.9125,25.2836363636364,0,0,0,66.03491664045296,15.65082737619636,45.0
2026-01-01,RA7,UNIVERSITY HOSPITALS BRISTOL AND WESTON NHS FOUNDATION TRUST,644,481,74.68944099378882,10.0869565217391,30.296,0,0,0,66.03491664045296,8.654524353335859,62.0
2026-01-01,RKB,UNIVERSITY HOSPITALS COVENTRY AND WARWICKSHIRE NHS TRUST,559,500,89.44543828264759,6.59803921568627,21.056,2,0,0,66.03491664045296,23.410521642194624,20.0
2026-01-01,R0D,UNIVERSITY HOSPITALS DORSET NHS FOUNDATION TRUST,1178,1019,86.5025466893039,7.76136363636364,23.5542857142857,0,0,0,66.03491664045296,20.467630048850936,26.0
2026-01-01,RTG,UNIVERSITY HOSPITALS OF DERBY AND BURTON NHS FOUNDATION TRUST,1769,1288,72.80949689089881,11.1083333333333,27.92,2,0,0,66.03491664045296,6.774580250445851,67.0
2026-01-01,RWE,UNIVERSITY HOSPITALS OF LEICESTER NHS TRUST,3879,1797,46.32637277648878,19.6075268817204,41.5506976744186,19,0,0,66.03491664045296,-19.70854386396418,114.0
2026-01-01,RTX,UNIVERSITY HOSPITALS OF MORECAMBE BAY NHS FOUNDATION TRUST,1030,736,71.45631067961165,10.6153846153846,29.9666666666667,6,0,0,66.03491664045296,5.421394039158685,68.0
2026-01-01,RJE,UNIVERSITY HOSPITALS OF NORTH MIDLANDS NHS TRUST,2,2,100.0,,,0,0,0,66.03491664045296,33.96508335954704,1.0
2026-01-01,RK9,UNIVERSITY HOSPITALS PLYMOUTH NHS TRUST,555,469,84.50450450450451,7.58571428571429,25.6571428571429,1,0,0,66.03491664045296,18.469587864051547,37.0
2026-01-01,RYR,UNIVERSITY HOSPITALS SUSSEX NHS FOUNDATION TRUST,1288,674,52.32919254658385,16.8181818181818,40.1557894736842,8,0,0,66.03491664045296,-13.705724093869115,104.0
2026-01-01,RBK,WALSALL HEALTHCARE NHS TRUST,844,580,68.72037914691943,13.265306122449,26.0822222222222,0,0,0,66.03491664045296,2.6854625064664646,72.0
2026-01-01,RWW,WARRINGTON AND HALTON TEACHING HOSPITALS NHS FOUNDATION TRUST,1106,598,54.06871609403255,16.6190476190476,44.47,20,0,0,66.03491664045296,-11.96620054642041,100.0
2026-01-01,RWG,WEST HERTFORDSHIRE TEACHING HOSPITALS NHS TRUST,859,592,68.91734575087311,12.421875,29.6618181818182,0,0,0,66.03491664045296,2.882429110420148,69.0
2026-01-01,RGR,WEST SUFFOLK NHS FOUNDATION TRUST,459,412,89.76034858387798,6.58888888888889,19.856,1,0,0,66.03491664045296,23.725431943425022,19.0
2026-01-01,RKE,WHITTINGTON HEALTH NHS TRUST,235,230,97.87234042553192,6.45,16.32,0,0,0,66.03491664045296,31.837423785078954,4.0
2026-01-01,RBL,WIRRAL UNIVERSITY TEACHING HOSPITAL NHS FOUNDATION TRUST,1158,573,49.48186528497409,18.24,46.4917647058824,30,0,0,66.03491664045296,-16.55305135547887,111.0
2026-01-01,RWP,WORCESTERSHIRE ACUTE HOSPITALS NHS TRUST,681,586,86.04992657856094,8.38,19.9747368421053,0,0,0,66.03491664045296,20.01500993810798,27.0
2026-01-01,RRF,"WRIGHTINGTON, WIGAN AND LEIGH TEACHING HOSPITALS NHS FOUNDATION TRUST",750,590,78.66666666666666,8.89189189189189,26.875,1,0,0,66.03491664045296,12.631750026213695,51.0
2026-01-01,RLQ,WYE VALLEY NHS TRUST,334,246,73.65269461077844,11.4,28.656,0,0,0,66.03491664045296,7.617777970325477,64.0
2026-01-01,RCB,YORK AND SCARBOROUGH TEACHING HOSPITALS NHS FOUNDATION TRUST,617,487,78.93030794165315,8.68181818181818,26.16,1,0,0,66.03491664045296,12.895391301200192,50.0
2026-02-01,RCF,AIREDALE NHS FOUNDATION TRUST,404,299,74.00990099009901,10.1428571428571,25.7422222222222,0,0,0,67.07581355691346,6.934087433185553,64.0
2026-02-01,RBS,ALDER HEY CHILDREN'S NHS FOUNDATION TRUST,0,0,,,,0,0,0,67.07581355691346,,
2026-02-01,RTK,ASHFORD AND ST PETER'S HOSPITALS NHS FOUNDATION TRUST,261,173,66.28352490421456,11.9166666666667,28.7314285714286,1,0,0,67.07581355691346,-0.7922886526989004,81.0
2026-02-01,RF4,"BARKING, HAVERING AND REDBRIDGE UNIVERSITY HOSPITALS NHS TRUST",844,698,82.70142180094787,8.81818181818182,25.62,2,0,0,67.07581355691346,15.62560824403441,45.0
2026-02-01,RFF,BARNSLEY HOSPITAL NHS FOUNDATION TRUST,159,158,99.37106918238993,2.15217391304348,8.32,0,0,0,67.07581355691346,32.29525562547647,3.0
2026-02-01,R1H,BARTS HEALTH NHS TRUST,1058,793,74.95274102079395,7.24,32.16,1,0,0,67.07581355691346,7.876927463880492,61.0
2026-02-01,RC9,BEDFORDSHIRE HOSPITALS NHS FOUNDATION TRUST,914,865,94.63894967177244,5.63934426229508,16.6586666666667,0,0,0,67.07581355691346,27.563136114858978,14.0
2026-02-01,RWX,BERKSHIRE HEALTHCARE NHS FOUNDATION TRUST,0,0,,,,0,0,0,67.07581355691346,,
2026-02-01,RYW,BIRMINGHAM COMMUNITY HEALTHCARE NHS FOUNDATION TRUST,0,0,,,,0,0,0,67.07581355691346,,
2026-02-01,RQ3,BIRMINGHAM WOMEN'S AND CHILDREN'S NHS FOUNDATION TRUST,0,0,,,,0,0,0,67.07581355691346,,
2026-02-01,RXL,BLACKPOOL TEACHING HOSPITALS NHS FOUNDATION TRUST,1003,659,65.70289132602194,13.015625,31.3418181818182,2,0,0,67.07581355691346,-1.3729222308915183,83.0
2026-02-01,RMC,BOLTON NHS FOUNDATION TRUST,422,406,96.2085308056872,6.56521739130435,15.7911111111111,0,0,0,67.07581355691346,29.132717248773744,10.0
2026-02-01,TAD,BRADFORD DISTRICT CARE NHS FOUNDATION TRUST,0,0,,,,0,0,0,67.07581355691346,,
2026-02-01,RAE,BRADFORD TEACHING HOSPITALS NHS FOUNDATION TRUST,454,388,85.46255506607929,7.66666666666667,20.5257142857143,0,0,0,67.07581355691346,18.38674150916583,37.0
2026-02-01,RXQ,BUCKINGHAMSHIRE HEALTHCARE NHS TRUST,476,422,88.65546218487394,7.6969696969697,19.5466666666667,0,0,0,67.07581355691346,21.57964862796048,23.0
2026-02-01,RWY,CALDERDALE AND HUDDERSFIELD NHS FOUNDATION TRUST,1043,784,75.16778523489933,11.3947368421053,31.3971428571429,1,0,0,67.07581355691346,8.091971677985867,60.0
2026-02-01,RGT,CAMBRIDGE UNIVERSITY HOSPITALS NHS FOUNDATION TRUST,1765,1451,82.20963172804532,7.02873563218391,24.0533333333333,0,0,0,67.07581355691346,15.133818171131864,46.0
2026-02-01,RT1,CAMBRIDGESHIRE AND PETERBOROUGH NHS FOUNDATION TRUST,0,0,,,,0,0,0,67.07581355691346,,
2026-02-01,RQM,CHELSEA AND WESTMINSTER HOSPITAL NHS FOUNDATION TRUST,1414,929,65.7001414427157,13.5217391304348,29.6742857142857,0,0,0,67.07581355691346,-1.375672114197755,84.0
2026-02-01,RFS,CHESTERFIELD ROYAL HOSPITAL NHS FOUNDATION TRUST,499,273,54.70941883767535,15.4411764705882,51.0114285714286,33,0,0,67.07581355691346,-12.366394719238109,100.0
2026-02-01,RJ8,CORNWALL PARTNERSHIP NHS FOUNDATION TRUST,0,0,,,,0,0,0,67.07581355691346,,
2026-02-01,RJR,COUNTESS OF CHESTER HOSPITAL NHS FOUNDATION TRUST,335,245,73.13432835820896,7.67647058823529,29.3,2,0,0,67.07581355691346,6.058514801295502,67.0
2026-02-01,RXP,COUNTY DURHAM AND DARLINGTON NHS FOUNDATION TRUST,829,448,54.041013268998796,16.8125,39.312,3,0,0,67.07581355691346,-13.034800287914663,101.0
2026-02-01,RJ6,CROYDON HEALTH SERVICES NHS TRUST,1061,615,57.96418473138548,15.0178571428571,30.8218181818182,0,0,0,67.07581355691346,-9.11162882552798,95.0
2026-02-01,RX4,"CUMBRIA, NORTHUMBERLAND, TYNE AND WEAR NHS FOUNDATION TRUST",0,0,,,,0,0,0,67.07581355691346,,
2026-02-01,RN7,DARTFORD AND GRAVESHAM NHS TRUST,0,0,,,,0,0,0,67.07581355691346,,
2026-02-01,RP5,DONCASTER AND BASSETLAW TEACHING HOSPITALS NHS FOUNDATION TRUST,862,592,68.67749419953596,12.2045454545455,30.0022222222222,1,0,0,67.07581355691346,1.6016806426224974,74.0
2026-02-01,RBD,DORSET COUNTY HOSPITAL NHS FOUNDATION TRUST,0,0,,,,0,0,0,67.07581355691346,,
2026-02-01,RWH,EAST AND NORTH HERTFORDSHIRE TEACHING NHS TRUST,1127,677,60.07098491570542,14.6805555555556,31.4866666666667,0,0,0,67.07581355691346,-7.004828641208043,91.0
2026-02-01,RJN,EAST CHESHIRE NHS TRUST,0,0,,,,0,0,0,67.07581355691346,,
2026-02-01,RVV,EAST KENT HOSPITALS UNIVERSITY NHS FOUNDATION TRUST,3161,1114,35.24201202151218,24.75,45.1294545454545,38,1,0,67.07581355691346,-31.833801535401278,117.0
2026-02-01,RXR,EAST LANCASHIRE HOSPITALS NHS TRUST,855,574,67.13450292397661,12.1756756756757,35.7666666666667,3,0,0,67.07581355691346,0.05868936706315253,78.0
2026-02-01,RDE,EAST SUFFOLK AND NORTH ESSEX NHS FOUNDATION TRUST,2107,1134,53.820598006644516,16.452380952381,36.1274074074074,3,0,0,67.07581355691346,-13.255215550268943,103.0
2026-02-01,RXC,EAST SUSSEX HEALTHCARE NHS TRUST,894,777,86.91275167785236,8.6,22.31,1,0,0,67.07581355691346,19.836938120938896,31.0
2026-02-01,RVR,EPSOM AND ST HELIER UNIVERSITY HOSPITALS NHS TRUST,687,463,67.39446870451238,12.3148148148148,37.0030769230769,1,0,0,67.07581355691346,0.31865514759891767,77.0
2026-02-01,RDU,FRIMLEY HEALTH NHS FOUNDATION TRUST,499,438,87.7755511022044,5.98275862068965,21.416,0,0,0,67.07581355691346,20.699737545290944,27.0
2026-02-01,RR7,GATESHEAD HEALTH NHS FOUNDATION TRUST,368,278,75.54347826086956,11.25,26.3657142857143,0,0,0,67.07581355691346,8.467664703956103,59.0
2026-02-01,RLT,GEORGE ELIOT HOSPITAL NHS TRUST,300,272,90.66666666666666,5.28571428571429,19.2,0,0,0,67.07581355691346,23.590853109753198,20.0
2026-02-01,RTE,GLOUCESTERSHIRE HOSPITALS NHS FOUNDATION TRUST,1148,726,63.2404181184669,12.8064516129032,34.0644444444444,0,0,0,67.07581355691346,-3.835395438446561,87.0
2026-02-01,RP4,GREAT ORMOND STREET HOSPITAL FOR CHILDREN NHS FOUNDATION TRUST,0,0,,,,0,0,0,67.07581355691346,,
2026-02-01,RN3,GREAT WESTERN HOSPITALS NHS FOUNDATION TRUST,275,264,96.0,4.925,15.3333333333333,0,0,0,67.07581355691346,28.92418644308654,11.0
2026-02-01,RJ1,GUY'S AND ST THOMAS' NHS FOUNDATION TRUST,459,442,96.29629629629629,4.52127659574468,14.2533333333333,0,0,0,67.07581355691346,29.22048273938283,9.0
2026-02-01,RW1,HAMPSHIRE AND ISLE OF WIGHT HEALTHCARE NHS FOUNDATION TRUST,69,69,100.0,4.5,10.496,0,0,0,67.07581355691346,32.92418644308654,1.0
2026-02-01,RN5,HAMPSHIRE HOSPITALS NHS FOUNDATION TRUST,1825,801,43.890410958904106,20.5851063829787,42.1111111111111,22,0,0,67.07581355691346,-23.185402598009354,115.0
2026-02-01,RCD,HARROGATE AND DISTRICT NHS FOUNDATION TRUST,269,262,97.39776951672863,4.74137931034483,14.8266666666667,0,0,0,67.07581355691346,30.32195595981517,7.0
2026-02-01,R1A,HEREFORDSHIRE AND WORCESTERSHIRE HEALTH AND CARE NHS TRUST,0,0,,,,0,0,0,67.07581355691346,,
2026-02-01,RQX,HOMERTON HEALTHCARE NHS FOUNDATION TRUST,111,110,99.09909909909909,2.46296296296296,5.812,0,0,0,67.07581355691346,32.02328554218563,4.0
2026-02-01,RWA,HULL UNIVERSITY TEACHING HOSPITALS NHS TRUST,992,695,70.06048387096774,11.4897959183673,28.0711111111111,0,0,0,67.07581355691346,2.9846703140542843,72.0
2026-02-01,RYJ,IMPERIAL COLLEGE HEALTHCARE NHS TRUST,615,509,82.76422764227642,6.80769230769231,24.3,0,0,0,67.07581355691346,15.688414085362965,44.0
2026-02-01,R1F,ISLE OF WIGHT NHS TRUST,579,409,70.63903281519862,9.80434782608696,32.568,0,0,0,67.07581355691346,3.5632192582851587,70.0
2026-02-01,RGP,JAMES PAGET UNIVERSITY HOSPITALS NHS FOUNDATION TRUST,431,398,92.34338747099768,8.25,17.63,0,0,0,67.07581355691346,25.267573914084224,18.0
2026-02-01,RYY,KENT COMMUNITY HEALTH NHS FOUNDATION TRUST,0,0,,,,0,0,0,67.07581355691346,,
2026-02-01,RNQ,KETTERING GENERAL HOSPITAL NHS FOUNDATION TRUST,1150,705,61.30434782608696,12.5625,37.6,2,0,0,67.07581355691346,-5.771465730826499,88.0
2026-02-01,RJZ,KING'S COLLEGE HOSPITAL NHS FOUNDATION TRUST,1037,891,85.92092574734812,6.52222222222222,24.5866666666667,1,0,0,67.07581355691346,18.845112190434662,36.0
2026-02-01,RAX,KINGSTON AND RICHMOND NHS FOUNDATION TRUST,460,351,76.30434782608695,3.96296296296296,22.1448275862069,0,0,0,67.07581355691346,9.228534269173494,57.0
2026-02-01,RW5,LANCASHIRE & SOUTH CUMBRIA NHS FOUNDATION TRUST,405,383,94.5679012345679,5.87037037037037,16.075,0,0,0,67.07581355691346,27.49208767765444,16.0
2026-02-01,RXN,LANCASHIRE TEACHING HOSPITALS NHS FOUNDATION TRUST,0,0,,,,0,0,0,67.07581355691346,,
2026-02-01,RR8,LEEDS TEACHING HOSPITALS NHS TRUST,2042,1292,63.27130264446621,12.3731343283582,32.3093333333333,0,0,0,67.07581355691346,-3.804510912447249,86.0
2026-02-01,RJ2,LEWISHAM AND GREENWICH NHS TRUST,724,600,82.87292817679558,8.77777777777778,24.416,0,0,0,67.07581355691346,15.797114619882123,43.0
2026-02-01,RP7,LINCOLNSHIRE PARTNERSHIP NHS FOUNDATION TRUST,0,0,,,,0,0,0,67.07581355691346,,
2026-02-01,RBQ,LIVERPOOL HEART AND CHEST HOSPITAL NHS FOUNDATION TRUST,0,0,,,,0,0,0,67.07581355691346,,
2026-02-01,REM,LIVERPOOL UNIVERSITY HOSPITALS NHS FOUNDATION TRUST,487,411,84.39425051334702,7.64285714285714,22.005,0,0,0,67.07581355691346,17.31843695643356,41.0
2026-02-01,REP,LIVERPOOL WOMEN'S NHS FOUNDATION TRUST,0,0,,,,0,0,0,67.07581355691346,,
2026-02-01,R1K,LONDON NORTH WEST UNIVERSITY HEALTHCARE NHS TRUST,570,510,89.47368421052632,4.45945945945946,21.0444444444444,0,0,0,67.07581355691346,22.397870653612856,22.0
2026-02-01,RWF,MAIDSTONE AND TUNBRIDGE WELLS NHS TRUST,235,230,97.87234042553192,2.5,8.74285714285715,0,0,0,67.07581355691346,30.796526868618457,6.0
2026-02-01,R0A,MANCHESTER UNIVERSITY NHS FOUNDATION TRUST,1055,855,81.04265402843602,6.27678571428571,27.475,0,0,0,67.07581355691346,13.96684047152256,49.0
2026-02-01,RPA,MEDWAY NHS FOUNDATION TRUST,3323,1137,34.21606981643094,26.1363636363636,49.6486153846154,124,0,0,67.07581355691346,-32.85974374048252,118.0
2026-02-01,RBN,MERSEY AND WEST LANCASHIRE TEACHING HOSPITALS NHS TRUST,1344,860,63.988095238095234,12.6363636363636,41.7828571428571,39,0,0,67.07581355691346,-3.087718318818226,85.0
2026-02-01,RW4,MERSEY CARE NHS FOUNDATION TRUST,0,0,,,,0,0,0,67.07581355691346,,
2026-02-01,RAJ,MID AND SOUTH ESSEX NHS FOUNDATION TRUST,2588,1337,51.66151468315301,16.5952380952381,51.4059259259259,191,9,1,67.07581355691346,-15.414298873760451,107.0
2026-02-01,RBT,MID CHESHIRE HOSPITALS NHS FOUNDATION TRUST,1112,512,46.043165467625904,19.7142857142857,43.3107692307692,21,0,0,67.07581355691346,-21.032648089287555,114.0
2026-02-01,RXF,MID YORKSHIRE TEACHING NHS TRUST,656,460,70.1219512195122,11.4516129032258,32.904,0,0,0,67.07581355691346,3.0461376625987384,71.0
2026-02-01,RRE,MIDLANDS PARTNERSHIP UNIVERSITY NHS FOUNDATION TRUST,4096,3603,87.9638671875,5.75961538461539,20.7149090909091,0,0,0,67.07581355691346,20.88805363058654,24.0
2026-02-01,RD8,MILTON KEYNES UNIVERSITY HOSPITAL NHS FOUNDATION TRUST,1469,644,43.83934649421375,21.1458333333333,45.4514285714286,41,0,0,67.07581355691346,-23.23646706269971,116.0
2026-02-01,RP6,MOORFIELDS EYE HOSPITAL NHS FOUNDATION TRUST,0,0,,,,0,0,0,67.07581355691346,,
2026-02-01,RM1,NORFOLK AND NORWICH UNIVERSITY HOSPITALS NHS FOUNDATION TRUST,1165,868,74.50643776824035,10.85,23.5130434782609,0,0,0,67.07581355691346,7.4306242113268866,63.0
2026-02-01,RVJ,NORTH BRISTOL NHS TRUST,1084,606,55.904059040590404,15.3333333333333,36.4112,0,0,0,67.07581355691346,-11.171754516323055,98.0
2026-02-01,RNN,NORTH CUMBRIA INTEGRATED CARE NHS FOUNDATION TRUST,1297,660,50.88666152659984,17.5208333333333,38.8016666666667,16,1,0,67.07581355691346,-16.189152030313622,109.0
2026-02-01,RVW,NORTH TEES AND HARTLEPOOL NHS FOUNDATION TRUST,531,446,83.9924670433145,8.43333333333333,23.52,0,0,0,67.07581355691346,16.916653486401046,42.0
2026-02-01,RGN,NORTH WEST ANGLIA NHS FOUNDATION TRUST,1198,804,67.1118530884808,11.75,29.8106666666667,0,0,0,67.07581355691346,0.03603953156734008,79.0
2026-02-01,RNS,NORTHAMPTON GENERAL HOSPITAL NHS TRUST,579,432,74.61139896373057,11.78,23.2436363636364,0,0,0,67.07581355691346,7.5355854068171055,62.0
2026-02-01,RM3,NORTHERN CARE ALLIANCE NHS FOUNDATION TRUST,2208,1265,57.291666666666664,15.0,38.0674285714286,4,0,0,67.07581355691346,-9.784146890246795,96.0
2026-02-01,RJL,NORTHERN LINCOLNSHIRE AND GOOLE NHS FOUNDATION TRUST,982,472,48.06517311608962,18.6785714285714,36.9178947368421,0,0,0,67.07581355691346,-19.010640440823842,112.0
2026-02-01,RTF,NORTHUMBRIA HEALTHCARE NHS FOUNDATION TRUST,961,838,87.20083246618107,9.075,21.03,0,0,0,67.07581355691346,20.12501890926761,30.0
2026-02-01,RX1,NOTTINGHAM UNIVERSITY HOSPITALS NHS TRUST,761,591,77.66097240473061,11.1296296296296,26.9022222222222,0,0,0,67.07581355691346,10.585158847817155,55.0
2026-02-01,RTH,OXFORD UNIVERSITY HOSPITALS NHS FOUNDATION TRUST,1265,1072,84.74308300395256,6.98051948051948,24.35,1,0,0,67.07581355691346,17.667269447039104,39.0
2026-02-01,RPG,OXLEAS NHS FOUNDATION TRUST,0,0,,,,0,0,0,67.07581355691346,,
2026-02-01,RHU,PORTSMOUTH HOSPITALS UNIVERSITY NHS TRUST,547,540,98.72029250457038,4.67045454545454,14.4618181818182,0,0,0,67.07581355691346,31.64447894765692,5.0
2026-02-01,RPC,QUEEN VICTORIA HOSPITAL NHS FOUNDATION TRUST,46,36,78.26086956521739,14.0,22.66,0,0,0,67.07581355691346,11.185056008303931,54.0
2026-02-01,RHW,ROYAL BERKSHIRE NHS FOUNDATION TRUST,526,432,82.12927756653993,10.0555555555556,23.64,0,0,0,67.07581355691346,15.053464009626467,47.0
2026-02-01,REF,ROYAL CORNWALL HOSPITALS NHS TRUST,639,605,94.67918622848201,6.22321428571429,15.788,0,0,0,67.07581355691346,27.60337267156855,13.0
2026-02-01,RH8,ROYAL DEVON UNIVERSITY HEALTHCARE NHS FOUNDATION TRUST,628,540,85.98726114649682,7.51724137931035,20.7054545454545,1,0,0,67.07581355691346,18.91144758958336,35.0
2026-02-01,RAL,ROYAL FREE LONDON NHS FOUNDATION TRUST,3196,1795,56.16395494367959,15.7948717948718,38.6843243243243,4,0,0,67.07581355691346,-10.911858613233868,97.0
2026-02-01,RAN,ROYAL NATIONAL ORTHOPAEDIC HOSPITAL NHS TRUST,452,363,80.30973451327434,7.7741935483871,24.9854545454545,0,0,0,67.07581355691346,13.233920956360876,52.0
2026-02-01,RGM,ROYAL PAPWORTH HOSPITAL NHS FOUNDATION TRUST,0,0,,,,0,0,0,67.07581355691346,,
2026-02-01,RA2,ROYAL SURREY NHS FOUNDATION TRUST,222,202,90.990990990991,4.36842105263158,19.24,2,0,0,67.07581355691346,23.915177434077535,19.0
2026-02-01,RD1,ROYAL UNITED HOSPITALS BATH NHS FOUNDATION TRUST,1738,1012,58.22784810126582,14.6346153846154,36.848,0,0,0,67.07581355691346,-8.847965455647639,94.0
2026-02-01,RNZ,SALISBURY NHS FOUNDATION TRUST,711,376,52.883263009845294,16.925,40.2836363636364,0,0,0,67.07581355691346,-14.192550547068166,105.0
2026-02-01,RXK,SANDWELL AND WEST BIRMINGHAM HOSPITALS NHS TRUST,522,492,94.25287356321839,6.96428571428571,16.905,1,0,0,67.07581355691346,27.177060006304927,17.0
2026-02-01,RCU,SHEFFIELD CHILDREN'S NHS FOUNDATION TRUST,0,0,,,,0,0,0,67.07581355691346,,
2026-02-01,RK5,SHERWOOD FOREST HOSPITALS NHS FOUNDATION TRUST,105,105,100.0,3.75,13.15,0,0,0,67.07581355691346,32.92418644308654,1.0
2026-02-01,R1D,SHROPSHIRE COMMUNITY HEALTH NHS TRUST,21,11,52.38095238095239,16.5,30.32,0,0,0,67.07581355691346,-14.694861175961073,106.0
2026-02-01,RH5,SOMERSET NHS FOUNDATION TRUST,732,430,58.7431693989071,13.0416666666667,36.0338461538462,1,0,0,67.07581355691346,-8.33264415800636,93.0
2026-02-01,RTR,SOUTH TEES HOSPITALS NHS FOUNDATION TRUST,1600,820,51.24999999999999,17.5121951219512,38.8823529411765,13,0,0,67.07581355691346,-15.825813556913467,108.0
2026-02-01,R0B,SOUTH TYNESIDE AND SUNDERLAND NHS FOUNDATION TRUST,1078,771,71.5213358070501,11.2894736842105,25.2414285714286,0,0,0,67.07581355691346,4.445522250136634,69.0
2026-02-01,RJC,SOUTH WARWICKSHIRE UNIVERSITY NHS FOUNDATION TRUST,421,406,96.43705463182897,6.39473684210526,15.5177777777778,0,0,0,67.07581355691346,29.36124107491551,8.0
2026-02-01,RXG,SOUTH WEST YORKSHIRE PARTNERSHIP NHS FOUNDATION TRUST,0,0,,,,0,0,0,67.07581355691346,,
2026-02-01,RJ7,ST GEORGE'S UNIVERSITY HOSPITALS NHS FOUNDATION TRUST,1272,866,68.08176100628931,12.1379310344828,33.616,4,0,0,67.07581355691346,1.005947449375853,76.0
2026-02-01,RWJ,STOCKPORT NHS FOUNDATION TRUST,1124,679,60.40925266903915,13.7916666666667,36.2971428571429,2,0,0,67.07581355691346,-6.6665608878743114,90.0
2026-02-01,RTP,SURREY AND SUSSEX HEALTHCARE NHS TRUST,802,696,86.78304239401497,8.53333333333333,21.14,0,0,0,67.07581355691346,19.70722883710151,32.0
2026-02-01,RDR,SUSSEX COMMUNITY NHS FOUNDATION TRUST,0,0,,,,0,0,0,67.07581355691346,,
2026-02-01,RMP,TAMESIDE AND GLOSSOP INTEGRATED CARE NHS FOUNDATION TRUST,321,280,87.22741433021807,8.9375,19.27,0,0,0,67.07581355691346,20.151600773304608,29.0
2026-02-01,RBV,THE CHRISTIE NHS FOUNDATION TRUST,0,0,,,,0,0,0,67.07581355691346,,
2026-02-01,REN,THE CLATTERBRIDGE CANCER CENTRE NHS FOUNDATION TRUST,0,0,,,,0,0,0,67.07581355691346,,
2026-02-01,RNA,THE DUDLEY GROUP NHS FOUNDATION TRUST,811,703,86.68310727496917,7.20967741935484,21.912,0,0,0,67.07581355691346,19.607293718055715,33.0
2026-02-01,RAS,THE HILLINGDON HOSPITALS NHS FOUNDATION TRUST,805,530,65.83850931677019,12.9038461538462,31.0375,0,0,0,67.07581355691346,-1.2373042401432741,82.0
2026-02-01,RTD,THE NEWCASTLE UPON TYNE HOSPITALS NHS FOUNDATION TRUST,676,594,87.86982248520711,6.75,21.41,0,0,0,67.07581355691346,20.79400892829365,25.0
2026-02-01,RQW,THE PRINCESS ALEXANDRA HOSPITAL NHS TRUST,1493,820,54.92297387809779,16.21,45.6177777777778,55,0,0,67.07581355691346,-12.152839678815667,99.0
2026-02-01,RCX,"THE QUEEN ELIZABETH HOSPITAL, KING'S LYNN, NHS FOUNDATION TRUST",671,357,53.20417287630402,16.7,37.415,0,0,0,67.07581355691346,-13.871640680609438,104.0
2026-02-01,RL1,THE ROBERT JONES AND AGNES HUNT ORTHOPAEDIC HOSPITAL NHS FOUNDATION TRUST,659,557,84.52200303490136,7.5375,28.4266666666667,0,0,0,67.07581355691346,17.4461894779879,40.0
2026-02-01,RFR,THE ROTHERHAM NHS FOUNDATION TRUST,731,591,80.84815321477427,8.21666666666667,28.1733333333333,0,0,0,67.07581355691346,13.772339657860812,50.0
2026-02-01,RPY,THE ROYAL MARSDEN NHS FOUNDATION TRUST,0,0,,,,0,0,0,67.07581355691346,,
2026-02-01,RRJ,THE ROYAL ORTHOPAEDIC HOSPITAL NHS FOUNDATION TRUST,0,0,,,,0,0,0,67.07581355691346,,
2026-02-01,RL4,THE ROYAL WOLVERHAMPTON NHS TRUST,1707,1227,71.8804920913884,11.4135802469136,33.5626666666667,0,0,0,67.07581355691346,4.804678534474945,68.0
2026-02-01,RXW,THE SHREWSBURY AND TELFORD HOSPITAL NHS TRUST,0,0,,,,0,0,0,67.07581355691346,,
2026-02-01,RET,THE WALTON CENTRE NHS FOUNDATION TRUST,0,0,,,,0,0,0,67.07581355691346,,
2026-02-01,RA9,TORBAY AND SOUTH DEVON NHS FOUNDATION TRUST,890,683,76.74157303370787,11.5957446808511,25.35,6,0,0,67.07581355691346,9.665759476794406,56.0
2026-02-01,RWD,UNITED LINCOLNSHIRE TEACHING HOSPITALS NHS TRUST,1646,830,50.42527339003645,17.9195402298851,45.38,46,0,0,67.07581355691346,-16.650540166877008,110.0
2026-02-01,RRV,UNIVERSITY COLLEGE LONDON HOSPITALS NHS FOUNDATION TRUST,1037,633,61.041465766634516,14.5,34.2266666666667,2,0,0,67.07581355691346,-6.034347790278943,89.0
2026-02-01,RHM,UNIVERSITY HOSPITAL SOUTHAMPTON NHS FOUNDATION TRUST,655,495,75.57251908396947,8.73076923076923,31.0461538461538,4,0,0,67.07581355691346,8.496705527056008,58.0
2026-02-01,RRK,UNIVERSITY HOSPITALS BIRMINGHAM NHS FOUNDATION TRUST,948,778,82.0675105485232,7.68421052631579,23.94,0,0,0,67.07581355691346,14.991696991609743,48.0
2026-02-01,RA7,UNIVERSITY HOSPITALS BRISTOL AND WESTON NHS FOUNDATION TRUST,669,465,69.50672645739911,11.09375,30.31,0,0,0,67.07581355691346,2.4309129004856516,73.0
2026-02-01,RKB,UNIVERSITY HOSPITALS COVENTRY AND WARWICKSHIRE NHS TRUST,514,487,94.74708171206225,4.26315789473684,13.9253333333333,3,0,0,67.07581355691346,27.671268155148795,12.0
2026-02-01,R0D,UNIVERSITY HOSPITALS DORSET NHS FOUNDATION TRUST,1149,974,84.76936466492603,7.8525641025641,24.09,0,0,0,67.07581355691346,17.69355110801257,38.0
2026-02-01,RTG,UNIVERSITY HOSPITALS OF DERBY AND BURTON NHS FOUNDATION TRUST,1738,1279,73.59033371691599,11.1034482758621,28.8775757575758,3,0,0,67.07581355691346,6.514520160002533,66.0
2026-02-01,RWE,UNIVERSITY HOSPITALS OF LEICESTER NHS TRUST,4091,1890,46.19897335614765,19.6130952380952,41.0786666666667,20,0,0,67.07581355691346,-20.876840200765812,113.0
2026-02-01,RTX,UNIVERSITY HOSPITALS OF MORECAMBE BAY NHS FOUNDATION TRUST,973,720,73.99794450154162,8.6304347826087,32.18,4,0,0,67.07581355691346,6.922130944628165,65.0
2026-02-01,RJE,UNIVERSITY HOSPITALS OF NORTH MIDLANDS NHS TRUST,0,0,,,,0,0,0,67.07581355691346,,
2026-02-01,RK9,UNIVERSITY HOSPITALS PLYMOUTH NHS TRUST,472,409,86.65254237288136,7.54545454545454,23.648,0,0,0,67.07581355691346,19.576728815967897,34.0
2026-02-01,RYR,UNIVERSITY HOSPITALS SUSSEX NHS FOUNDATION TRUST,1236,737,59.627831715210355,13.9210526315789,38.5704347826087,2,0,0,67.07581355691346,-7.447981841703104,92.0
2026-02-01,RBK,WALSALL HEALTHCARE NHS TRUST,831,566,68.1107099879663,13.7166666666667,26.7933333333333,0,0,0,67.07581355691346,1.034896431052843,75.0
2026-02-01,RWW,WARRINGTON AND HALTON TEACHING HOSPITALS NHS FOUNDATION TRUST,1144,616,53.84615384615385,16.7666666666667,42.8986666666667,10,0,0,67.07581355691346,-13.229659710759613,102.0
2026-02-01,RWG,WEST HERTFORDSHIRE TEACHING HOSPITALS NHS TRUST,946,629,66.49048625792811,12.0416666666667,31.5177777777778,0,0,0,67.07581355691346,-0.585327298985348,80.0
2026-02-01,RGR,WEST SUFFOLK NHS FOUNDATION TRUST,488,440,90.1639344262295,6.51428571428571,21.6533333333333,0,0,0,67.07581355691346,23.088120869316043,21.0
2026-02-01,RKE,WHITTINGTON HEALTH NHS TRUST,258,244,94.57364341085271,6.17948717948718,16.736,0,0,0,67.07581355691346,27.49782985393925,15.0
2026-02-01,RBL,WIRRAL UNIVERSITY TEACHING HOSPITAL NHS FOUNDATION TRUST,1155,560,48.484848484848484,19.0208333333333,47.8736842105263,35,0,0,67.07581355691346,-18.590965072064975,111.0
2026-02-01,RWP,WORCESTERSHIRE ACUTE HOSPITALS NHS TRUST,593,521,87.85834738617201,5.68478260869565,21.13,0,0,0,67.07581355691346,20.782533829258554,26.0
2026-02-01,RRF,"WRIGHTINGTON, WIGAN AND LEIGH TEACHING HOSPITALS NHS FOUNDATION TRUST",601,527,87.68718801996673,6.58771929824561,20.1533333333333,1,0,0,67.07581355691346,20.611374463053266,28.0
2026-02-01,RLQ,WYE VALLEY NHS TRUST,324,261,80.55555555555556,9.77777777777778,27.08,0,0,0,67.07581355691346,13.479741998642098,51.0
2026-02-01,RCB,YORK AND SCARBOROUGH TEACHING HOSPITALS NHS FOUNDATION TRUST,620,497,80.16129032258064,8.25925925925926,24.64,0,0,0,67.07581355691346,13.085476765667181,53.0
2026-03-01,RCF,AIREDALE NHS FOUNDATION TRUST,419,307,73.26968973747017,8.73809523809524,27.08,0,0,0,70.14800032507698,3.121689412393195,74.0
2026-03-01,RBS,ALDER HEY CHILDREN'S NHS FOUNDATION TRUST,0,0,,,,0,0,0,70.14800032507698,,
2026-03-01,RTK,ASHFORD AND ST PETER'S HOSPITALS NHS FOUNDATION TRUST,318,210,66.0377358490566,7.75,31.78,2,0,0,70.14800032507698,-4.110264476020376,84.0
2026-03-01,RF4,"BARKING, HAVERING AND REDBRIDGE UNIVERSITY HOSPITALS NHS TRUST",889,741,83.35208098987627,9.00862068965517,24.576,3,0,0,70.14800032507698,13.204080664799292,56.0
2026-03-01,RFF,BARNSLEY HOSPITAL NHS FOUNDATION TRUST,168,167,99.40476190476191,2.36363636363636,8.712,0,0,0,70.14800032507698,29.256761579684934,7.0
2026-03-01,R1H,BARTS HEALTH NHS TRUST,1046,869,83.07839388145315,6.88,25.9244444444445,0,0,0,70.14800032507698,12.930393556376174,57.0
2026-03-01,RC9,BEDFORDSHIRE HOSPITALS NHS FOUNDATION TRUST,950,922,97.05263157894737,5.96666666666667,15.0,0,0,0,70.14800032507698,26.90463125387039,13.0
2026-03-01,RWX,BERKSHIRE HEALTHCARE NHS FOUNDATION TRUST,0,0,,,,0,0,0,70.14800032507698,,
2026-03-01,RYW,BIRMINGHAM COMMUNITY HEALTHCARE NHS FOUNDATION TRUST,0,0,,,,0,0,0,70.14800032507698,,
2026-03-01,RQ3,BIRMINGHAM WOMEN'S AND CHILDREN'S NHS FOUNDATION TRUST,0,0,,,,0,0,0,70.14800032507698,,
2026-03-01,RXL,BLACKPOOL TEACHING HOSPITALS NHS FOUNDATION TRUST,1033,728,70.47434656340755,10.7982456140351,29.295,0,0,0,70.14800032507698,0.3263462383305722,78.0
2026-03-01,RMC,BOLTON NHS FOUNDATION TRUST,504,477,94.64285714285714,7.09302325581395,16.6533333333333,0,0,0,70.14800032507698,24.49485681778016,18.0
2026-03-01,TAD,BRADFORD DISTRICT CARE NHS FOUNDATION TRUST,0,0,,,,0,0,0,70.14800032507698,,
2026-03-01,RAE,BRADFORD TEACHING HOSPITALS NHS FOUNDATION TRUST,402,348,86.56716417910447,6.4,20.9771428571429,0,0,0,70.14800032507698,16.419163854027488,41.0
2026-03-01,RXQ,BUCKINGHAMSHIRE HEALTHCARE NHS TRUST,469,430,91.68443496801706,6.66129032258065,18.37,0,0,0,70.14800032507698,21.53643464294008,28.0
2026-03-01,RWY,CALDERDALE AND HUDDERSFIELD NHS FOUNDATION TRUST,1100,854,77.63636363636364,10.3650793650794,26.8333333333333,2,0,0,70.14800032507698,7.488363311286662,65.0
2026-03-01,RGT,CAMBRIDGE UNIVERSITY HOSPITALS NHS FOUNDATION TRUST,1640,1393,84.9390243902439,6.68468468468468,22.7047619047619,0,0,0,70.14800032507698,14.791024065166923,50.0
2026-03-01,RT1,CAMBRIDGESHIRE AND PETERBOROUGH NHS FOUNDATION TRUST,0,0,,,,0,0,0,70.14800032507698,,
2026-03-01,RQM,CHELSEA AND WESTMINSTER HOSPITAL NHS FOUNDATION TRUST,1259,942,74.82128673550437,10.3181818181818,25.5847619047619,0,0,0,70.14800032507698,4.673286410427394,69.0
2026-03-01,RFS,CHESTERFIELD ROYAL HOSPITAL NHS FOUNDATION TRUST,377,241,63.92572944297083,9.52777777777778,46.6133333333333,17,0,0,70.14800032507698,-6.222270882106152,91.0
2026-03-01,RJ8,CORNWALL PARTNERSHIP NHS FOUNDATION TRUST,0,0,,,,0,0,0,70.14800032507698,,
2026-03-01,RJR,COUNTESS OF CHESTER HOSPITAL NHS FOUNDATION TRUST,291,246,84.5360824742268,6.19444444444444,26.9066666666667,0,0,0,70.14800032507698,14.388082149149824,52.0
2026-03-01,RXP,COUNTY DURHAM AND DARLINGTON NHS FOUNDATION TRUST,841,434,51.60523186682521,17.578125,39.465,1,0,0,70.14800032507698,-18.54276845825177,112.0
2026-03-01,RJ6,CROYDON HEALTH SERVICES NHS TRUST,1104,668,60.507246376811594,14.2666666666667,30.9822222222222,0,0,0,70.14800032507698,-9.640753948265385,99.0
2026-03-01,RX4,"CUMBRIA, NORTHUMBERLAND, TYNE AND WEAR NHS FOUNDATION TRUST",0,0,,,,0,0,0,70.14800032507698,,
2026-03-01,RN7,DARTFORD AND GRAVESHAM NHS TRUST,0,0,,,,0,0,0,70.14800032507698,,
2026-03-01,RP5,DONCASTER AND BASSETLAW TEACHING HOSPITALS NHS FOUNDATION TRUST,865,609,70.40462427745665,9.95714285714286,27.9478260869565,0,0,0,70.14800032507698,0.2566239523796696,79.0
2026-03-01,RBD,DORSET COUNTY HOSPITAL NHS FOUNDATION TRUST,0,0,,,,0,0,0,70.14800032507698,,
2026-03-01,RWH,EAST AND NORTH HERTFORDSHIRE TEACHING NHS TRUST,1262,780,61.806656101426306,14.030303030303,31.784347826087,0,0,0,70.14800032507698,-8.341344223650673,96.0
2026-03-01,RJN,EAST CHESHIRE NHS TRUST,0,0,,,,0,0,0,70.14800032507698,,
2026-03-01,RVV,EAST KENT HOSPITALS UNIVERSITY NHS FOUNDATION TRUST,3149,1262,40.07621467132423,23.0878378378378,44.2462222222222,36,0,0,70.14800032507698,-30.071785653752748,119.0
2026-03-01,RXR,EAST LANCASHIRE HOSPITALS NHS TRUST,900,586,65.11111111111111,10.7727272727273,32.5,1,0,0,70.14800032507698,-5.036889213965864,87.0
2026-03-01,RDE,EAST SUFFOLK AND NORTH ESSEX NHS FOUNDATION TRUST,2161,1212,56.08514576584914,15.29,35.7748571428571,0,0,0,70.14800032507698,-14.062854559227837,106.0
2026-03-01,RXC,EAST SUSSEX HEALTHCARE NHS TRUST,847,733,86.54073199527745,8.00980392156863,22.2066666666667,0,0,0,70.14800032507698,16.392731670200476,42.0
2026-03-01,RVR,EPSOM AND ST HELIER UNIVERSITY HOSPITALS NHS TRUST,619,451,72.859450726979,9.35185185185185,32.3542857142857,2,0,0,70.14800032507698,2.7114504019020274,75.0
2026-03-01,RDU,FRIMLEY HEALTH NHS FOUNDATION TRUST,523,468,89.48374760994264,5.3,20.6933333333333,0,0,0,70.14800032507698,19.33574728486566,32.0
2026-03-01,RR7,GATESHEAD HEALTH NHS FOUNDATION TRUST,369,305,82.65582655826557,8.55263157894737,24.2755555555556,0,0,0,70.14800032507698,12.507826233188595,59.0
2026-03-01,RLT,GEORGE ELIOT HOSPITAL NHS TRUST,285,269,94.38596491228071,4.74,15.0666666666667,0,0,0,70.14800032507698,24.237964587203734,19.0
2026-03-01,RTE,GLOUCESTERSHIRE HOSPITALS NHS FOUNDATION TRUST,1093,704,64.40988106129917,11.9545454545455,32.4373333333333,0,0,0,70.14800032507698,-5.738119263777804,90.0
2026-03-01,RP4,GREAT ORMOND STREET HOSPITAL FOR CHILDREN NHS FOUNDATION TRUST,0,0,,,,0,0,0,70.14800032507698,,
2026-03-01,RN3,GREAT WESTERN HOSPITALS NHS FOUNDATION TRUST,334,322,96.40718562874252,4.12,15.5233333333333,0,0,0,70.14800032507698,26.259185303665546,15.0
2026-03-01,RJ1,GUY'S AND ST THOMAS' NHS FOUNDATION TRUST,434,419,96.54377880184332,4.55102040816327,14.32,0,0,0,70.14800032507698,26.39577847676634,14.0
2026-03-01,RW1,HAMPSHIRE AND ISLE OF WIGHT HEALTHCARE NHS FOUNDATION TRUST,70,70,100.0,4.9,10.1333333333333,0,0,0,70.14800032507698,29.85199967492302,1.0
2026-03-01,RN5,HAMPSHIRE HOSPITALS NHS FOUNDATION TRUST,1448,782,54.00552486187845,16.1538461538462,39.4622222222222,18,0,0,70.14800032507698,-16.14247546319853,108.0
2026-03-01,RCD,HARROGATE AND DISTRICT NHS FOUNDATION TRUST,277,266,96.028880866426,5.46875,16.5377777777778,0,0,0,70.14800032507698,25.880880541349015,16.0
2026-03-01,R1A,HEREFORDSHIRE AND WORCESTERSHIRE HEALTH AND CARE NHS TRUST,0,0,,,,0,0,0,70.14800032507698,,
2026-03-01,RQX,HOMERTON HEALTHCARE NHS FOUNDATION TRUST,103,103,100.0,1.5,6.752,0,0,0,70.14800032507698,29.85199967492302,1.0
2026-03-01,RWA,HULL UNIVERSITY TEACHING HOSPITALS NHS TRUST,999,714,71.47147147147147,11.0428571428571,28.9342857142857,0,0,0,70.14800032507698,1.3234711463944961,77.0
2026-03-01,RYJ,IMPERIAL COLLEGE HEALTHCARE NHS TRUST,637,542,85.08634222919937,6.0625,24.255,0,0,0,70.14800032507698,14.938341904122396,49.0
2026-03-01,R1F,ISLE OF WIGHT NHS TRUST,684,510,74.56140350877193,6.77777777777778,30.4685714285714,0,0,0,70.14800032507698,4.413403183694953,70.0
2026-03-01,RGP,JAMES PAGET UNIVERSITY HOSPITALS NHS FOUNDATION TRUST,474,423,89.24050632911393,8.56521739130435,18.8175,0,0,0,70.14800032507698,19.09250600403695,33.0
2026-03-01,RYY,KENT COMMUNITY HEALTH NHS FOUNDATION TRUST,0,0,,,,0,0,0,70.14800032507698,,
2026-03-01,RNQ,KETTERING GENERAL HOSPITAL NHS FOUNDATION TRUST,1098,717,65.30054644808743,11.2686567164179,35.5114285714286,1,0,0,70.14800032507698,-4.847453876989547,86.0
2026-03-01,RJZ,KING'S COLLEGE HOSPITAL NHS FOUNDATION TRUST,1049,909,86.65395614871306,6.78,21.3628571428571,0,0,0,70.14800032507698,16.505955823636086,40.0
2026-03-01,RAX,KINGSTON AND RICHMOND NHS FOUNDATION TRUST,305,305,100.0,2.8953488372093,15.2363636363636,0,0,0,70.14800032507698,29.85199967492302,1.0
2026-03-01,RW5,LANCASHIRE & SOUTH CUMBRIA NHS FOUNDATION TRUST,407,377,92.62899262899262,6.14705882352941,16.93,0,0,0,70.14800032507698,22.48099230391564,23.0
2026-03-01,RXN,LANCASHIRE TEACHING HOSPITALS NHS FOUNDATION TRUST,0,0,,,,0,0,0,70.14800032507698,,
2026-03-01,RR8,LEEDS TEACHING HOSPITALS NHS TRUST,2078,1359,65.39942252165544,10.8405797101449,30.0502857142857,0,0,0,70.14800032507698,-4.74857780342154,85.0
2026-03-01,RJ2,LEWISHAM AND GREENWICH NHS TRUST,838,720,85.91885441527445,7.21621621621622,23.83,0,0,0,70.14800032507698,15.770854090197474,45.0
2026-03-01,RP7,LINCOLNSHIRE PARTNERSHIP NHS FOUNDATION TRUST,0,0,,,,0,0,0,70.14800032507698,,
2026-03-01,RBQ,LIVERPOOL HEART AND CHEST HOSPITAL NHS FOUNDATION TRUST,0,0,,,,0,0,0,70.14800032507698,,
2026-03-01,REM,LIVERPOOL UNIVERSITY HOSPITALS NHS FOUNDATION TRUST,547,479,87.56855575868373,7.91666666666667,20.3028571428571,0,0,0,70.14800032507698,17.42055543360675,37.0
2026-03-01,REP,LIVERPOOL WOMEN'S NHS FOUNDATION TRUST,0,0,,,,0,0,0,70.14800032507698,,
2026-03-01,R1K,LONDON NORTH WEST UNIVERSITY HEALTHCARE NHS TRUST,613,569,92.82218597063621,3.73717948717949,17.496,0,0,0,70.14800032507698,22.674185645559234,22.0
2026-03-01,RWF,MAIDSTONE AND TUNBRIDGE WELLS NHS TRUST,300,299,99.66666666666667,2.39285714285714,7.11111111111111,0,0,0,70.14800032507698,29.518666341589693,6.0
2026-03-01,R0A,MANCHESTER UNIVERSITY NHS FOUNDATION TRUST,1007,864,85.79940417080437,5.73636363636364,23.5854545454545,0,0,0,70.14800032507698,15.651403845727387,46.0
2026-03-01,RPA,MEDWAY NHS FOUNDATION TRUST,3387,1147,33.86477708886921,26.5153846153846,50.7182608695652,198,0,0,70.14800032507698,-36.28322323620777,120.0
2026-03-01,RBN,MERSEY AND WEST LANCASHIRE TEACHING HOSPITALS NHS TRUST,1421,983,69.17663617171006,11.0603448275862,38.61,28,0,0,70.14800032507698,-0.9713641533669204,81.0
2026-03-01,RW4,MERSEY CARE NHS FOUNDATION TRUST,0,0,,,,0,0,0,70.14800032507698,,
2026-03-01,RAJ,MID AND SOUTH ESSEX NHS FOUNDATION TRUST,2419,1363,56.34559735427863,14.0119047619048,52.7036363636364,209,3,1,70.14800032507698,-13.802402970798347,105.0
2026-03-01,RBT,MID CHESHIRE HOSPITALS NHS FOUNDATION TRUST,959,473,49.32221063607925,18.3095238095238,39.345,6,0,0,70.14800032507698,-20.82578968899773,115.0
2026-03-01,RXF,MID YORKSHIRE TEACHING NHS TRUST,689,506,73.43976777939042,9.21875,31.88,0,0,0,70.14800032507698,3.291767454313444,73.0
2026-03-01,RRE,MIDLANDS PARTNERSHIP UNIVERSITY NHS FOUNDATION TRUST,4381,3790,86.50992923989956,6.29700854700855,22.5464615384615,0,0,0,70.14800032507698,16.361928914822585,43.0
2026-03-01,RD8,MILTON KEYNES UNIVERSITY HOSPITAL NHS FOUNDATION TRUST,1366,622,45.534407027818446,20.0882352941176,46.4466666666667,28,0,0,70.14800032507698,-24.613593297258532,117.0
2026-03-01,RP6,MOORFIELDS EYE HOSPITAL NHS FOUNDATION TRUST,0,0,,,,0,0,0,70.14800032507698,,
2026-03-01,RM1,NORFOLK AND NORWICH UNIVERSITY HOSPITALS NHS FOUNDATION TRUST,1245,928,74.53815261044177,9.39,24.3586206896552,0,0,0,70.14800032507698,4.390152285364792,71.0
2026-03-01,RVJ,NORTH BRISTOL NHS TRUST,1020,594,58.235294117647065,14.45,35.5636363636364,0,0,0,70.14800032507698,-11.912706207429913,103.0
2026-03-01,RNN,NORTH CUMBRIA INTEGRATED CARE NHS FOUNDATION TRUST,1247,679,54.45068163592622,16.0384615384615,36.0729411764706,2,0,0,70.14800032507698,-15.697318689150755,107.0
2026-03-01,RVW,NORTH TEES AND HARTLEPOOL NHS FOUNDATION TRUST,476,402,84.45378151260505,8.90243902439024,20.7028571428571,0,0,0,70.14800032507698,14.30578118752807,53.0
2026-03-01,RGN,NORTH WEST ANGLIA NHS FOUNDATION TRUST,1118,811,72.5402504472272,10.4255319148936,27.5311111111111,0,0,0,70.14800032507698,2.392250122150216,76.0
2026-03-01,RNS,NORTHAMPTON GENERAL HOSPITAL NHS TRUST,499,367,73.54709418837675,12.3260869565217,23.4488888888889,0,0,0,70.14800032507698,3.3990938632997683,72.0
2026-03-01,RM3,NORTHERN CARE ALLIANCE NHS FOUNDATION TRUST,2180,1282,58.80733944954129,14.7313432835821,37.2714285714286,5,0,0,70.14800032507698,-11.34066087553569,102.0
2026-03-01,RJL,NORTHERN LINCOLNSHIRE AND GOOLE NHS FOUNDATION TRUST,967,497,51.39607032057911,17.2058823529412,36.32,0,0,0,70.14800032507698,-18.751930004497865,113.0
2026-03-01,RTF,NORTHUMBRIA HEALTHCARE NHS FOUNDATION TRUST,1022,872,85.32289628180038,8.49397590361446,21.1033333333333,0,0,0,70.14800032507698,15.174895956723404,48.0
2026-03-01,RX1,NOTTINGHAM UNIVERSITY HOSPITALS NHS TRUST,633,590,93.20695102685625,7.01851851851852,17.717037037037,0,0,0,70.14800032507698,23.058950701779267,20.0
2026-03-01,RTH,OXFORD UNIVERSITY HOSPITALS NHS FOUNDATION TRUST,1207,1040,86.16404308202155,6.84782608695652,23.2114285714286,2,0,0,70.14800032507698,16.01604275694457,44.0
2026-03-01,RPG,OXLEAS NHS FOUNDATION TRUST,0,0,,,,0,0,0,70.14800032507698,,
2026-03-01,RHU,PORTSMOUTH HOSPITALS UNIVERSITY NHS TRUST,502,498,99.20318725099602,5.40425531914894,14.3871428571429,0,0,0,70.14800032507698,29.055186925919045,8.0
2026-03-01,RPC,QUEEN VICTORIA HOSPITAL NHS FOUNDATION TRUST,48,31,64.58333333333334,11.0,26.16,0,0,0,70.14800032507698,-5.5646669917436355,89.0
2026-03-01,RHW,ROYAL BERKSHIRE NHS FOUNDATION TRUST,500,421,84.2,8.375,22.6,0,0,0,70.14800032507698,14.051999674923024,55.0
2026-03-01,REF,ROYAL CORNWALL HOSPITALS NHS TRUST,630,600,95.23809523809523,5.7,15.4181818181818,0,0,0,70.14800032507698,25.09009491301825,17.0
2026-03-01,RH8,ROYAL DEVON UNIVERSITY HEALTHCARE NHS FOUNDATION TRUST,715,613,85.73426573426573,7.35185185185185,22.15,0,0,0,70.14800032507698,15.586265409188755,47.0
2026-03-01,RAL,ROYAL FREE LONDON NHS FOUNDATION TRUST,2855,1771,62.03152364273205,12.5480769230769,38.215,1,0,0,70.14800032507698,-8.116476682344931,94.0
2026-03-01,RAN,ROYAL NATIONAL ORTHOPAEDIC HOSPITAL NHS TRUST,456,376,82.45614035087719,8.87878787878788,22.952,0,0,0,70.14800032507698,12.308140025800213,60.0
2026-03-01,RGM,ROYAL PAPWORTH HOSPITAL NHS FOUNDATION TRUST,0,0,,,,0,0,0,70.14800032507698,,
2026-03-01,RA2,ROYAL SURREY NHS FOUNDATION TRUST,224,207,92.41071428571429,4.72,16.54,0,0,0,70.14800032507698,22.262713960637313,25.0
2026-03-01,RD1,ROYAL UNITED HOSPITALS BATH NHS FOUNDATION TRUST,1619,977,60.34589252625078,12.6904761904762,34.5616666666667,0,0,0,70.14800032507698,-9.8021077988262,100.0
2026-03-01,RNZ,SALISBURY NHS FOUNDATION TRUST,656,372,56.70731707317073,15.4736842105263,40.0577777777778,0,0,0,70.14800032507698,-13.44068325190625,104.0
2026-03-01,RXK,SANDWELL AND WEST BIRMINGHAM HOSPITALS NHS TRUST,523,477,91.20458891013385,5.78333333333333,18.52,0,0,0,70.14800032507698,21.056588585056872,29.0
2026-03-01,RCU,SHEFFIELD CHILDREN'S NHS FOUNDATION TRUST,0,0,,,,0,0,0,70.14800032507698,,
2026-03-01,RK5,SHERWOOD FOREST HOSPITALS NHS FOUNDATION TRUST,98,97,98.9795918367347,3.18181818181818,9.895,0,0,0,70.14800032507698,28.83159151165772,9.0
2026-03-01,R1D,SHROPSHIRE COMMUNITY HEALTH NHS TRUST,20,9,45.0,18.3333333333333,33.4,0,0,0,70.14800032507698,-25.14800032507698,118.0
2026-03-01,RH5,SOMERSET NHS FOUNDATION TRUST,738,434,58.80758807588076,14.0625,37.24,4,0,0,70.14800032507698,-11.34041224919622,101.0
2026-03-01,RTR,SOUTH TEES HOSPITALS NHS FOUNDATION TRUST,1476,794,53.794037940379404,16.3214285714286,36.101052631579,9,0,0,70.14800032507698,-16.353962384697574,110.0
2026-03-01,R0B,SOUTH TYNESIDE AND SUNDERLAND NHS FOUNDATION TRUST,1093,843,77.12717291857274,8.56382978723404,23.2171428571429,0,0,0,70.14800032507698,6.979172593495761,67.0
2026-03-01,RJC,SOUTH WARWICKSHIRE UNIVERSITY NHS FOUNDATION TRUST,397,390,98.2367758186398,6.22,14.624,0,0,0,70.14800032507698,28.08877549356282,10.0
2026-03-01,RXG,SOUTH WEST YORKSHIRE PARTNERSHIP NHS FOUNDATION TRUST,0,0,,,,0,0,0,70.14800032507698,,
2026-03-01,RJ7,ST GEORGE'S UNIVERSITY HOSPITALS NHS FOUNDATION TRUST,1286,882,68.58475894245724,10.7179487179487,32.3657142857143,0,0,0,70.14800032507698,-1.5632413826197364,82.0
2026-03-01,RWJ,STOCKPORT NHS FOUNDATION TRUST,1165,721,61.88841201716738,12.625,36.05,1,0,0,70.14800032507698,-8.259588307909596,95.0
2026-03-01,RTP,SURREY AND SUSSEX HEALTHCARE NHS TRUST,786,667,84.86005089058524,8.09756097560976,21.7381818181818,0,0,0,70.14800032507698,14.712050565508264,51.0
2026-03-01,RDR,SUSSEX COMMUNITY NHS FOUNDATION TRUST,0,0,,,,0,0,0,70.14800032507698,,
2026-03-01,RMP,TAMESIDE AND GLOSSOP INTEGRATED CARE NHS FOUNDATION TRUST,301,276,91.69435215946844,7.78571428571429,18.115,0,0,0,70.14800032507698,21.54635183439146,27.0
2026-03-01,RBV,THE CHRISTIE NHS FOUNDATION TRUST,0,0,,,,0,0,0,70.14800032507698,,
2026-03-01,REN,THE CLATTERBRIDGE CANCER CENTRE NHS FOUNDATION TRUST,0,0,,,,0,0,0,70.14800032507698,,
2026-03-01,RNA,THE DUDLEY GROUP NHS FOUNDATION TRUST,823,722,87.72782503037668,7.84166666666667,22.1657142857143,0,0,0,70.14800032507698,17.5798247052997,36.0
2026-03-01,RAS,THE HILLINGDON HOSPITALS NHS FOUNDATION TRUST,759,532,70.09222661396575,11.8333333333333,31.328,0,0,0,70.14800032507698,-0.05577371111122886,80.0
2026-03-01,RTD,THE NEWCASTLE UPON TYNE HOSPITALS NHS FOUNDATION TRUST,613,551,89.88580750407831,6.06818181818182,20.6533333333333,0,0,0,70.14800032507698,19.737807179001337,30.0
2026-03-01,RQW,THE PRINCESS ALEXANDRA HOSPITAL NHS TRUST,1404,861,61.32478632478633,13.1428571428571,41.7422222222222,10,0,0,70.14800032507698,-8.823214000290648,98.0
2026-03-01,RCX,"THE QUEEN ELIZABETH HOSPITAL, KING'S LYNN, NHS FOUNDATION TRUST",698,442,63.323782234957015,10.695652173913,33.8327272727273,0,0,0,70.14800032507698,-6.824218090119963,93.0
2026-03-01,RL1,THE ROBERT JONES AND AGNES HUNT ORTHOPAEDIC HOSPITAL NHS FOUNDATION TRUST,506,468,92.4901185770751,4.8695652173913,17.752,0,0,0,70.14800032507698,22.342118251998116,24.0
2026-03-01,RFR,THE ROTHERHAM NHS FOUNDATION TRUST,681,601,88.2525697503671,7.68103448275862,21.7244444444444,0,0,0,70.14800032507698,18.104569425290123,35.0
2026-03-01,RPY,THE ROYAL MARSDEN NHS FOUNDATION TRUST,0,0,,,,0,0,0,70.14800032507698,,
2026-03-01,RRJ,THE ROYAL ORTHOPAEDIC HOSPITAL NHS FOUNDATION TRUST,0,0,,,,0,0,0,70.14800032507698,,
2026-03-01,RL4,THE ROYAL WOLVERHAMPTON NHS TRUST,1434,1109,77.33612273361229,8.58227848101266,32.128,0,0,0,70.14800032507698,7.188122408535307,66.0
2026-03-01,RXW,THE SHREWSBURY AND TELFORD HOSPITAL NHS TRUST,2,2,100.0,,,0,0,0,70.14800032507698,29.85199967492302,1.0
2026-03-01,RET,THE WALTON CENTRE NHS FOUNDATION TRUST,0,0,,,,0,0,0,70.14800032507698,,
2026-03-01,RA9,TORBAY AND SOUTH DEVON NHS FOUNDATION TRUST,857,690,80.51341890315052,9.03061224489796,25.6763636363636,5,0,0,70.14800032507698,10.365418578073545,63.0
2026-03-01,RWD,UNITED LINCOLNSHIRE TEACHING HOSPITALS NHS TRUST,1730,875,50.57803468208093,17.6774193548387,45.6444444444445,76,0,0,70.14800032507698,-19.569965642996046,114.0
2026-03-01,RRV,UNIVERSITY COLLEGE LONDON HOSPITALS NHS FOUNDATION TRUST,995,613,61.60804020100502,14.1875,36.6714285714286,24,7,3,70.14800032507698,-8.53996012407196,97.0
2026-03-01,RHM,UNIVERSITY HOSPITAL SOUTHAMPTON NHS FOUNDATION TRUST,679,564,83.06332842415317,8.22727272727273,24.5566666666667,1,0,0,70.14800032507698,12.915328099076191,58.0
2026-03-01,RRK,UNIVERSITY HOSPITALS BIRMINGHAM NHS FOUNDATION TRUST,925,779,84.21621621621621,6.27,21.1818181818182,0,0,0,70.14800032507698,14.068215891139232,54.0
2026-03-01,RA7,UNIVERSITY HOSPITALS BRISTOL AND WESTON NHS FOUNDATION TRUST,604,475,78.64238410596026,7.57692307692308,27.1866666666667,0,0,0,70.14800032507698,8.494383780883282,64.0
2026-03-01,RKB,UNIVERSITY HOSPITALS COVENTRY AND WARWICKSHIRE NHS TRUST,547,533,97.44058500914076,3.7265625,11.655,0,0,0,70.14800032507698,27.292584684063783,11.0
2026-03-01,R0D,UNIVERSITY HOSPITALS DORSET NHS FOUNDATION TRUST,1234,1070,86.709886547812,8.94,23.028,0,0,0,70.14800032507698,16.561886222735026,39.0
2026-03-01,RTG,UNIVERSITY HOSPITALS OF DERBY AND BURTON NHS FOUNDATION TRUST,1393,1250,89.73438621679828,6.38815789473684,21.356,1,0,0,70.14800032507698,19.586385891721307,31.0
2026-03-01,RWE,UNIVERSITY HOSPITALS OF LEICESTER NHS TRUST,4100,1960,47.80487804878049,19.2592592592593,41.6307692307692,20,0,0,70.14800032507698,-22.34312227629649,116.0
2026-03-01,RTX,UNIVERSITY HOSPITALS OF MORECAMBE BAY NHS FOUNDATION TRUST,961,724,75.33818938605619,8.61,34.7381818181818,3,0,0,70.14800032507698,5.190189060979208,68.0
2026-03-01,RJE,UNIVERSITY HOSPITALS OF NORTH MIDLANDS NHS TRUST,1,1,100.0,,,0,0,0,70.14800032507698,29.85199967492302,1.0
2026-03-01,RK9,UNIVERSITY HOSPITALS PLYMOUTH NHS TRUST,504,446,88.4920634920635,5.5,20.9542857142857,0,0,0,70.14800032507698,18.344063166986516,34.0
2026-03-01,RYR,UNIVERSITY HOSPITALS SUSSEX NHS FOUNDATION TRUST,1177,750,63.72132540356839,12.6851851851852,36.5136,0,0,0,70.14800032507698,-6.426674921508585,92.0
2026-03-01,RBK,WALSALL HEALTHCARE NHS TRUST,842,544,64.60807600950119,12.2,26.1885714285714,0,0,0,70.14800032507698,-5.539924315575789,88.0
2026-03-01,RWW,WARRINGTON AND HALTON TEACHING HOSPITALS NHS FOUNDATION TRUST,1208,651,53.890728476821195,16.12,42.2725,4,0,0,70.14800032507698,-16.257271848255783,109.0
2026-03-01,RWG,WEST HERTFORDSHIRE TEACHING HOSPITALS NHS TRUST,986,670,67.95131845841786,10.9428571428571,29.306,0,0,0,70.14800032507698,-2.1966818666591195,83.0
2026-03-01,RGR,WEST SUFFOLK NHS FOUNDATION TRUST,538,500,92.93680297397769,5.29411764705882,16.592,0,0,0,70.14800032507698,22.788802648900713,21.0
2026-03-01,RKE,WHITTINGTON HEALTH NHS TRUST,280,272,97.14285714285714,6.5,15.9428571428571,0,0,0,70.14800032507698,26.99485681778016,12.0
2026-03-01,RBL,WIRRAL UNIVERSITY TEACHING HOSPITAL NHS FOUNDATION TRUST,1113,596,53.54896675651393,15.875,46.44,31,0,0,70.14800032507698,-16.59903356856305,111.0
2026-03-01,RWP,WORCESTERSHIRE ACUTE HOSPITALS NHS TRUST,577,530,91.85441941074524,5.59782608695652,18.42,0,0,0,70.14800032507698,21.70641908566826,26.0
2026-03-01,RRF,"WRIGHTINGTON, WIGAN AND LEIGH TEACHING HOSPITALS NHS FOUNDATION TRUST",706,614,86.96883852691218,7.09615384615385,20.368,1,0,0,70.14800032507698,16.8208382018352,38.0
2026-03-01,RLQ,WYE VALLEY NHS TRUST,328,268,81.70731707317073,8.1578947368421,26.92,0,0,0,70.14800032507698,11.55931674809375,62.0
2026-03-01,RCB,YORK AND SCARBOROUGH TEACHING HOSPITALS NHS FOUNDATION TRUST,629,514,81.71701112877582,8.328125,25.4088888888889,0,0,0,70.14800032507698,11.569010803698845,61.0
2026-04-01,RCF,AIREDALE NHS FOUNDATION TRUST,445,321,72.13483146067415,10.40625,29.28,0,0,0,69.39700213380634,2.7378293268678107,73.0
2026-04-01,RBS,ALDER HEY CHILDREN'S NHS FOUNDATION TRUST,0,0,,,,0,0,0,69.39700213380634,,
2026-04-01,RTK,ASHFORD AND ST PETER'S HOSPITALS NHS FOUNDATION TRUST,316,207,65.50632911392405,9.55555555555556,29.86,2,0,0,69.39700213380634,-3.8906730198822856,88.0
2026-04-01,RF4,"BARKING, HAVERING AND REDBRIDGE UNIVERSITY HOSPITALS NHS TRUST",1100,926,84.18181818181819,10.2380952380952,24.1818181818182,1,0,0,69.39700213380634,14.784816048011848,50.0
2026-04-01,RFF,BARNSLEY HOSPITAL NHS FOUNDATION TRUST,182,180,98.9010989010989,2.51515151515152,8.57333333333333,0,0,0,69.39700213380634,29.504096767292566,7.0
2026-04-01,R1H,BARTS HEALTH NHS TRUST,1109,942,84.94138863841299,6.72784810126582,28.0311111111111,2,0,0,69.39700213380634,15.54438650460665,44.0
2026-04-01,RC9,BEDFORDSHIRE HOSPITALS NHS FOUNDATION TRUST,1044,953,91.28352490421456,7.10769230769231,18.4675,0,0,0,69.39700213380634,21.88652277040822,27.0
2026-04-01,RWX,BERKSHIRE HEALTHCARE NHS FOUNDATION TRUST,0,0,,,,0,0,0,69.39700213380634,,
2026-04-01,RYW,BIRMINGHAM COMMUNITY HEALTHCARE NHS FOUNDATION TRUST,0,0,,,,0,0,0,69.39700213380634,,
2026-04-01,RQ3,BIRMINGHAM WOMEN'S AND CHILDREN'S NHS FOUNDATION TRUST,0,0,,,,0,0,0,69.39700213380634,,
2026-04-01,RXL,BLACKPOOL TEACHING HOSPITALS NHS FOUNDATION TRUST,1117,756,67.68128916741271,12.1323529411765,30.8488888888889,1,0,0,69.39700213380634,-1.7157129663936246,82.0
2026-04-01,RMC,BOLTON NHS FOUNDATION TRUST,536,463,86.38059701492537,8.68965517241379,19.3747368421053,0,0,0,69.39700213380634,16.983594881119032,39.0
2026-04-01,TAD,BRADFORD DISTRICT CARE NHS FOUNDATION TRUST,0,0,,,,0,0,0,69.39700213380634,,
2026-04-01,RAE,BRADFORD TEACHING HOSPITALS NHS FOUNDATION TRUST,440,370,84.0909090909091,6.32142857142857,22.45,0,0,0,69.39700213380634,14.693906957102755,52.0
2026-04-01,RXQ,BUCKINGHAMSHIRE HEALTHCARE NHS TRUST,414,349,84.29951690821255,8.85,22.5733333333333,0,0,0,69.39700213380634,14.902514774406214,49.0
2026-04-01,RWY,CALDERDALE AND HUDDERSFIELD NHS FOUNDATION TRUST,1116,850,76.16487455197132,10.7209302325581,26.0654545454545,1,0,0,69.39700213380634,6.767872418164984,67.0
2026-04-01,RGT,CAMBRIDGE UNIVERSITY HOSPITALS NHS FOUNDATION TRUST,1838,1551,84.38520130576714,7.07920792079208,23.9504761904762,0,0,0,69.39700213380634,14.988199171960801,48.0
2026-04-01,RT1,CAMBRIDGESHIRE AND PETERBOROUGH NHS FOUNDATION TRUST,0,0,,,,0,0,0,69.39700213380634,,
2026-04-01,RQM,CHELSEA AND WESTMINSTER HOSPITAL NHS FOUNDATION TRUST,1217,916,75.2670501232539,11.0202702702703,24.7178947368421,0,0,0,69.39700213380634,5.870047989447556,68.0
2026-04-01,RFS,CHESTERFIELD ROYAL HOSPITAL NHS FOUNDATION TRUST,383,273,71.27937336814621,8.625,45.872,18,2,0,69.39700213380634,1.882371234339871,76.0
2026-04-01,RJ8,CORNWALL PARTNERSHIP NHS FOUNDATION TRUST,0,0,,,,0,0,0,69.39700213380634,,
2026-04-01,RJR,COUNTESS OF CHESTER HOSPITAL NHS FOUNDATION TRUST,379,347,91.55672823218998,4.703125,18.56,0,0,0,69.39700213380634,22.159726098383643,25.0
2026-04-01,RXP,COUNTY DURHAM AND DARLINGTON NHS FOUNDATION TRUST,1807,927,51.30049806308799,16.6710526315789,40.5447619047619,16,0,0,69.39700213380634,-18.096504070718346,111.0
2026-04-01,RJ6,CROYDON HEALTH SERVICES NHS TRUST,1159,697,60.13805004314064,13.0483870967742,31.9712,0,0,0,69.39700213380634,-9.258952090665701,98.0
2026-04-01,RX4,"CUMBRIA, NORTHUMBERLAND, TYNE AND WEAR NHS FOUNDATION TRUST",0,0,,,,0,0,0,69.39700213380634,,
2026-04-01,RN7,DARTFORD AND GRAVESHAM NHS TRUST,0,0,,,,0,0,0,69.39700213380634,,
2026-04-01,RP5,DONCASTER AND BASSETLAW TEACHING HOSPITALS NHS FOUNDATION TRUST,856,590,68.92523364485982,11.1875,29.065,0,0,0,69.39700213380634,-0.47176848894652323,80.0
2026-04-01,RBD,DORSET COUNTY HOSPITAL NHS FOUNDATION TRUST,0,0,,,,0,0,0,69.39700213380634,,
2026-04-01,RWH,EAST AND NORTH HERTFORDSHIRE TEACHING NHS TRUST,1268,751,59.22712933753943,14.3125,32.1873684210526,0,0,0,69.39700213380634,-10.169872796266908,101.0
2026-04-01,RJN,EAST CHESHIRE NHS TRUST,0,0,,,,0,0,0,69.39700213380634,,
2026-04-01,RVV,EAST KENT HOSPITALS UNIVERSITY NHS FOUNDATION TRUST,3148,1331,42.28081321473952,22.7592592592593,44.486875,37,0,0,69.39700213380634,-27.116188919066822,118.0
2026-04-01,RXR,EAST LANCASHIRE HOSPITALS NHS TRUST,878,567,64.57858769931663,11.4615384615385,34.64,1,0,0,69.39700213380634,-4.818414434489711,92.0
2026-04-01,RDE,EAST SUFFOLK AND NORTH ESSEX NHS FOUNDATION TRUST,2279,1278,56.077226853883275,14.6071428571429,36.9528571428572,0,0,0,69.39700213380634,-13.319775279923064,105.0
2026-04-01,RXC,EAST SUSSEX HEALTHCARE NHS TRUST,868,729,83.98617511520737,8.55813953488372,24.4145454545455,1,0,0,69.39700213380634,14.589172981401035,53.0
2026-04-01,RVR,EPSOM AND ST HELIER UNIVERSITY HOSPITALS NHS TRUST,593,434,73.18718381112986,9.296875,32.4266666666667,4,0,0,69.39700213380634,3.790181677323517,71.0
2026-04-01,RDU,FRIMLEY HEALTH NHS FOUNDATION TRUST,522,475,90.99616858237547,4.87755102040816,19.648,0,0,0,69.39700213380634,21.599166448569136,29.0
2026-04-01,RR7,GATESHEAD HEALTH NHS FOUNDATION TRUST,395,316,80.0,9.13461538461539,23.5666666666667,0,0,0,69.39700213380634,10.602997866193661,62.0
2026-04-01,RLT,GEORGE ELIOT HOSPITAL NHS TRUST,293,273,93.1740614334471,4.925,15.39,0,0,0,69.39700213380634,23.777059299640754,22.0
2026-04-01,RTE,GLOUCESTERSHIRE HOSPITALS NHS FOUNDATION TRUST,1084,683,63.00738007380073,12.0526315789474,32.7733333333333,1,0,0,69.39700213380634,-6.389622060005607,93.0
2026-04-01,RP4,GREAT ORMOND STREET HOSPITAL FOR CHILDREN NHS FOUNDATION TRUST,0,0,,,,0,0,0,69.39700213380634,,
2026-04-01,RN3,GREAT WESTERN HOSPITALS NHS FOUNDATION TRUST,356,333,93.53932584269663,5.57575757575758,16.704,0,0,0,69.39700213380634,24.142323708890288,21.0
2026-04-01,RJ1,GUY'S AND ST THOMAS' NHS FOUNDATION TRUST,473,457,96.61733615221986,5.36904761904762,15.0828571428571,0,0,0,69.39700213380634,27.220334018413524,9.0
2026-04-01,RW1,HAMPSHIRE AND ISLE OF WIGHT HEALTHCARE NHS FOUNDATION TRUST,79,79,100.0,5.5,11.736,0,0,0,69.39700213380634,30.60299786619366,1.0
2026-04-01,RN5,HAMPSHIRE HOSPITALS NHS FOUNDATION TRUST,1387,746,53.78514780100937,15.7205882352941,34.9644444444444,13,0,0,69.39700213380634,-15.611854332796966,108.0
2026-04-01,RCD,HARROGATE AND DISTRICT NHS FOUNDATION TRUST,298,280,93.95973154362416,5.81818181818182,14.58,0,0,0,69.39700213380634,24.56272940981782,16.0
2026-04-01,R1A,HEREFORDSHIRE AND WORCESTERSHIRE HEALTH AND CARE NHS TRUST,0,0,,,,0,0,0,69.39700213380634,,
2026-04-01,RQX,HOMERTON HEALTHCARE NHS FOUNDATION TRUST,129,129,100.0,2.06,7.56,0,0,0,69.39700213380634,30.60299786619366,1.0
2026-04-01,RWA,HULL UNIVERSITY TEACHING HOSPITALS NHS TRUST,1083,732,67.59002770083103,12.5096153846154,30.4872727272727,1,0,0,69.39700213380634,-1.8069744329753092,83.0
2026-04-01,RYJ,IMPERIAL COLLEGE HEALTHCARE NHS TRUST,619,538,86.91437802907916,7.453125,22.7466666666667,0,0,0,69.39700213380634,17.51737589527282,37.0
2026-04-01,R1F,ISLE OF WIGHT NHS TRUST,656,462,70.42682926829268,7.625,32.7244444444444,0,0,0,69.39700213380634,1.0298271344863394,77.0
2026-04-01,RGP,JAMES PAGET UNIVERSITY HOSPITALS NHS FOUNDATION TRUST,501,432,86.22754491017965,9.28378378378378,19.7433333333333,0,0,0,69.39700213380634,16.830542776373306,40.0
2026-04-01,RYY,KENT COMMUNITY HEALTH NHS FOUNDATION TRUST,0,0,,,,0,0,0,69.39700213380634,,
2026-04-01,RNQ,KETTERING GENERAL HOSPITAL NHS FOUNDATION TRUST,1075,717,66.69767441860465,12.2638888888889,35.0,2,0,0,69.39700213380634,-2.69932771520169,86.0
2026-04-01,RJZ,KING'S COLLEGE HOSPITAL NHS FOUNDATION TRUST,1166,1019,87.39279588336191,7.81081081081081,21.9015384615385,1,0,0,69.39700213380634,17.995793749555574,35.0
2026-04-01,RAX,KINGSTON AND RICHMOND NHS FOUNDATION TRUST,326,306,93.86503067484662,3.24,16.4933333333333,0,0,0,69.39700213380634,24.468028541040283,17.0
2026-04-01,RW5,LANCASHIRE & SOUTH CUMBRIA NHS FOUNDATION TRUST,455,427,93.84615384615384,6.5,15.6636363636364,0,0,0,69.39700213380634,24.4491517123475,18.0
2026-04-01,RXN,LANCASHIRE TEACHING HOSPITALS NHS FOUNDATION TRUST,0,0,,,,0,0,0,69.39700213380634,,
2026-04-01,RR8,LEEDS TEACHING HOSPITALS NHS TRUST,2167,1403,64.74388555606829,11.6917808219178,31.6195348837209,0,0,0,69.39700213380634,-4.6531165777380465,90.0
2026-04-01,RJ2,LEWISHAM AND GREENWICH NHS TRUST,770,650,84.4155844155844,9.18518518518519,24.48,0,0,0,69.39700213380634,15.018582281778066,47.0
2026-04-01,RP7,LINCOLNSHIRE PARTNERSHIP NHS FOUNDATION TRUST,0,0,,,,0,0,0,69.39700213380634,,
2026-04-01,RBQ,LIVERPOOL HEART AND CHEST HOSPITAL NHS FOUNDATION TRUST,0,0,,,,0,0,0,69.39700213380634,,
2026-04-01,REM,LIVERPOOL UNIVERSITY HOSPITALS NHS FOUNDATION TRUST,516,444,86.04651162790698,7.84,20.42,0,0,0,69.39700213380634,16.64950949410064,41.0
2026-04-01,REP,LIVERPOOL WOMEN'S NHS FOUNDATION TRUST,0,0,,,,0,0,0,69.39700213380634,,
2026-04-01,R1K,LONDON NORTH WEST UNIVERSITY HEALTHCARE NHS TRUST,748,707,94.5187165775401,4.25757575757576,15.716,0,0,0,69.39700213380634,25.121714443733765,14.0
2026-04-01,RWF,MAIDSTONE AND TUNBRIDGE WELLS NHS TRUST,341,340,99.70674486803519,2.95833333333333,8.248,0,0,0,69.39700213380634,30.30974273422885,5.0
2026-04-01,R0A,MANCHESTER UNIVERSITY NHS FOUNDATION TRUST,1022,904,88.45401174168298,6.33870967741935,21.2066666666667,0,0,0,69.39700213380634,19.057009607876637,31.0
2026-04-01,RPA,MEDWAY NHS FOUNDATION TRUST,3344,1077,32.20693779904306,27.6769230769231,51.48,241,0,0,69.39700213380634,-37.19006433476328,119.0
2026-04-01,RBN,MERSEY AND WEST LANCASHIRE TEACHING HOSPITALS NHS TRUST,1393,907,65.11127063890882,12.2446808510638,40.07,43,0,0,69.39700213380634,-4.285731494897519,89.0
2026-04-01,RAJ,MID AND SOUTH ESSEX NHS FOUNDATION TRUST,2596,1443,55.58551617873652,14.3157894736842,51.9066666666667,206,3,0,69.39700213380634,-13.81148595506982,106.0
2026-04-01,RBT,MID CHESHIRE HOSPITALS NHS FOUNDATION TRUST,976,467,47.84836065573771,19.24,41.5657142857143,3,0,0,69.39700213380634,-21.54864147806863,114.0
2026-04-01,RXF,MID YORKSHIRE TEACHING NHS TRUST,783,563,71.9029374201788,9.171875,30.672,0,0,0,69.39700213380634,2.5059352863724627,74.0
2026-04-01,RRE,MIDLANDS PARTNERSHIP UNIVERSITY NHS FOUNDATION TRUST,4228,3579,84.64995269631032,7.31282051282051,23.6835555555556,0,0,0,69.39700213380634,15.252950562503983,45.0
2026-04-01,RD8,MILTON KEYNES UNIVERSITY HOSPITAL NHS FOUNDATION TRUST,1403,602,42.90805416963649,21.35,49.7848275862069,64,0,0,69.39700213380634,-26.488947964169846,117.0
2026-04-01,RP6,MOORFIELDS EYE HOSPITAL NHS FOUNDATION TRUST,0,0,,,,0,0,0,69.39700213380634,,
2026-04-01,RM1,NORFOLK AND NORWICH UNIVERSITY HOSPITALS NHS FOUNDATION TRUST,1279,928,72.556684910086,10.6914893617021,25.9860869565217,0,0,0,69.39700213380634,3.1596827762796664,72.0
2026-04-01,RVJ,NORTH BRISTOL NHS TRUST,1167,696,59.6401028277635,12.0925925925926,36.98,0,0,0,69.39700213380634,-9.75689930604284,99.0
2026-04-01,RWW,NORTH CHESHIRE AND MERSEY NHS FOUNDATION TRUST,1187,590,49.70513900589722,18.1296296296296,43.0030769230769,2,0,0,69.39700213380634,-19.691863127909116,113.0
2026-04-01,RNN,NORTH CUMBRIA INTEGRATED CARE NHS FOUNDATION TRUST,1263,673,53.285827395091054,16.1346153846154,37.8430769230769,4,0,0,69.39700213380634,-16.111174738715285,109.0
2026-04-01,RVW,NORTH TEES AND HARTLEPOOL NHS FOUNDATION TRUST,497,420,84.50704225352112,9.70833333333333,21.31,0,0,0,69.39700213380634,15.110040119714782,46.0
2026-04-01,RGN,NORTH WEST ANGLIA NHS FOUNDATION TRUST,1151,822,71.41615986099045,11.4134615384615,27.528,0,0,0,69.39700213380634,2.0191577271841084,75.0
2026-04-01,RNS,NORTHAMPTON GENERAL HOSPITAL NHS TRUST,513,379,73.87914230019493,12.8225806451613,23.08,0,0,0,69.39700213380634,4.482140166388589,70.0
2026-04-01,RM3,NORTHERN CARE ALLIANCE NHS FOUNDATION TRUST,2221,1271,57.22647456100856,14.2551020408163,36.4622222222222,5,0,0,69.39700213380634,-12.17052757279778,103.0
2026-04-01,RJL,NORTHERN LINCOLNSHIRE AND GOOLE NHS FOUNDATION TRUST,994,505,50.804828973843065,17.2,38.5860869565217,0,0,0,69.39700213380634,-18.592173159963274,112.0
2026-04-01,RTF,NORTHUMBRIA HEALTHCARE NHS FOUNDATION TRUST,1030,826,80.19417475728156,10.1733333333333,23.0352941176471,0,0,0,69.39700213380634,10.79717262347522,61.0
2026-04-01,RX1,NOTTINGHAM UNIVERSITY HOSPITALS NHS TRUST,691,600,86.83068017366136,7.28378378378378,19.886,0,0,0,69.39700213380634,17.433678039855025,38.0
2026-04-01,RTH,OXFORD UNIVERSITY HOSPITALS NHS FOUNDATION TRUST,1242,1083,87.19806763285024,7.40816326530612,22.76,1,0,0,69.39700213380634,17.8010654990439,36.0
2026-04-01,RPG,OXLEAS NHS FOUNDATION TRUST,0,0,,,,0,0,0,69.39700213380634,,
2026-04-01,RHU,PORTSMOUTH HOSPITALS UNIVERSITY NHS TRUST,536,520,97.01492537313433,5.57692307692308,13.7957894736842,0,0,0,69.39700213380634,27.617923239327993,8.0
2026-04-01,RPC,QUEEN VICTORIA HOSPITAL NHS FOUNDATION TRUST,52,41,78.84615384615384,9.5,25.42,0,0,0,69.39700213380634,9.4491517123475,64.0
2026-04-01,RHW,ROYAL BERKSHIRE NHS FOUNDATION TRUST,508,419,82.48031496062993,8.46428571428571,23.336,1,0,0,69.39700213380634,13.083312826823587,57.0
2026-04-01,REF,ROYAL CORNWALL HOSPITALS NHS TRUST,650,610,93.84615384615384,6.15555555555556,16.7272727272727,0,0,0,69.39700213380634,24.4491517123475,18.0
2026-04-01,RH8,ROYAL DEVON UNIVERSITY HEALTHCARE NHS FOUNDATION TRUST,720,616,85.55555555555556,7.1219512195122,22.4888888888889,0,0,0,69.39700213380634,16.158553421749218,42.0
2026-04-01,RAL,ROYAL FREE LONDON NHS FOUNDATION TRUST,3008,1827,60.73803191489362,13.8190476190476,38.8341176470588,3,0,0,69.39700213380634,-8.658970218912721,96.0
2026-04-01,RAN,ROYAL NATIONAL ORTHOPAEDIC HOSPITAL NHS TRUST,421,347,82.42280285035629,9.75,21.9433333333333,0,0,0,69.39700213380634,13.025800716549952,58.0
2026-04-01,RGM,ROYAL PAPWORTH HOSPITAL NHS FOUNDATION TRUST,0,0,,,,0,0,0,69.39700213380634,,
2026-04-01,RA2,ROYAL SURREY NHS FOUNDATION TRUST,274,263,95.98540145985402,4.77272727272727,13.44,0,0,0,69.39700213380634,26.58839932604768,11.0
2026-04-01,RD1,ROYAL UNITED HOSPITALS BATH NHS FOUNDATION TRUST,1480,996,67.29729729729729,11.4363636363636,33.2333333333333,0,0,0,69.39700213380634,-2.099704836509048,85.0
2026-04-01,RNZ,SALISBURY NHS FOUNDATION TRUST,630,380,60.317460317460316,13.25,36.7,0,0,0,69.39700213380634,-9.079541816346023,97.0
2026-04-01,RXK,SANDWELL AND WEST BIRMINGHAM HOSPITALS NHS TRUST,507,462,91.12426035502959,5.36458333333333,19.1466666666667,0,0,0,69.39700213380634,21.727258221223252,28.0
2026-04-01,RCU,SHEFFIELD CHILDREN'S NHS FOUNDATION TRUST,0,0,,,,0,0,0,69.39700213380634,,
2026-04-01,RK5,SHERWOOD FOREST HOSPITALS NHS FOUNDATION TRUST,130,129,99.23076923076923,2.47368421052632,10.92,0,0,0,69.39700213380634,29.833767096962887,6.0
2026-04-01,R1D,SHROPSHIRE COMMUNITY HEALTH NHS TRUST,24,16,66.66666666666666,14.0,27.08,0,0,0,69.39700213380634,-2.730335467139682,87.0
2026-04-01,RH5,SOMERSET NHS FOUNDATION TRUST,759,429,56.52173913043478,13.2058823529412,39.0254545454546,2,0,0,69.39700213380634,-12.875263003371558,104.0
2026-04-01,RTR,SOUTH TEES HOSPITALS NHS FOUNDATION TRUST,1500,825,55.00000000000001,15.1818181818182,38.9375,11,0,0,69.39700213380634,-14.397002133806332,107.0
2026-04-01,R0B,SOUTH TYNESIDE AND SUNDERLAND NHS FOUNDATION TRUST,1095,867,79.17808219178082,8.58035714285714,22.9103448275862,0,0,0,69.39700213380634,9.781080057974478,63.0
2026-04-01,RJC,SOUTH WARWICKSHIRE UNIVERSITY NHS FOUNDATION TRUST,422,404,95.73459715639811,8.02702702702703,15.5563636363636,0,0,0,69.39700213380634,26.33759502259177,12.0
2026-04-01,RXG,SOUTH WEST YORKSHIRE PARTNERSHIP NHS FOUNDATION TRUST,0,0,,,,0,0,0,69.39700213380634,,
2026-04-01,RJ7,ST GEORGE'S UNIVERSITY HOSPITALS NHS FOUNDATION TRUST,1311,909,69.33638443935926,10.9907407407407,32.1927272727273,3,0,0,69.39700213380634,-0.060617694447074655,79.0
2026-04-01,RWJ,STOCKPORT NHS FOUNDATION TRUST,1221,751,61.50696150696151,12.625,35.432,9,0,0,69.39700213380634,-7.890040626844829,95.0
2026-04-01,RTP,SURREY AND SUSSEX HEALTHCARE NHS TRUST,778,597,76.73521850899743,10.5,24.576,0,0,0,69.39700213380634,7.338216375191095,66.0
2026-04-01,RDR,SUSSEX COMMUNITY NHS FOUNDATION TRUST,0,0,,,,0,0,0,69.39700213380634,,
2026-04-01,RMP,TAMESIDE AND GLOSSOP INTEGRATED CARE NHS FOUNDATION TRUST,303,288,95.04950495049505,7.20454545454545,15.22,0,0,0,69.39700213380634,25.65250281668871,13.0
2026-04-01,RBV,THE CHRISTIE NHS FOUNDATION TRUST,0,0,,,,0,0,0,69.39700213380634,,
2026-04-01,REN,THE CLATTERBRIDGE CANCER CENTRE NHS FOUNDATION TRUST,0,0,,,,0,0,0,69.39700213380634,,
2026-04-01,RNA,THE DUDLEY GROUP NHS FOUNDATION TRUST,875,773,88.34285714285714,7.54878048780488,20.4705882352941,0,0,0,69.39700213380634,18.945855009050803,32.0
2026-04-01,RAS,THE HILLINGDON HOSPITALS NHS FOUNDATION TRUST,652,453,69.47852760736197,12.0,26.568,0,0,0,69.39700213380634,0.08152547355562945,78.0
2026-04-01,RTD,THE NEWCASTLE UPON TYNE HOSPITALS NHS FOUNDATION TRUST,701,618,88.15977175463622,6.68269230769231,20.82,0,0,0,69.39700213380634,18.762769620829886,33.0
2026-04-01,RQW,THE PRINCESS ALEXANDRA HOSPITAL NHS TRUST,1381,893,64.66328747284577,12.2916666666667,40.6188235294118,13,0,0,69.39700213380634,-4.7337146609605725,91.0
2026-04-01,RCX,"THE QUEEN ELIZABETH HOSPITAL, KING'S LYNN, NHS FOUNDATION TRUST",676,455,67.3076923076923,11.3636363636364,34.24,0,0,0,69.39700213380634,-2.0893098261140324,84.0
2026-04-01,RL1,THE ROBERT JONES AND AGNES HUNT ORTHOPAEDIC HOSPITAL NHS FOUNDATION TRUST,530,500,94.33962264150944,6.17948717948718,15.15,1,0,0,69.39700213380634,24.942620507703097,15.0
2026-04-01,RFR,THE ROTHERHAM NHS FOUNDATION TRUST,694,650,93.65994236311239,8.0,17.1138461538462,0,0,0,69.39700213380634,24.262940229306054,20.0
2026-04-01,RPY,THE ROYAL MARSDEN NHS FOUNDATION TRUST,0,0,,,,0,0,0,69.39700213380634,,
2026-04-01,RRJ,THE ROYAL ORTHOPAEDIC HOSPITAL NHS FOUNDATION TRUST,0,0,,,,0,0,0,69.39700213380634,,
2026-04-01,RL4,THE ROYAL WOLVERHAMPTON NHS TRUST,1401,1090,77.80157030692362,9.06818181818182,30.0613333333333,0,0,0,69.39700213380634,8.404568173117283,65.0
2026-04-01,RXW,THE SHREWSBURY AND TELFORD HOSPITAL NHS TRUST,1,1,100.0,,,0,0,0,69.39700213380634,30.60299786619366,1.0
2026-04-01,RET,THE WALTON CENTRE NHS FOUNDATION TRUST,0,0,,,,0,0,0,69.39700213380634,,
2026-04-01,RWD,UNITED LINCOLNSHIRE TEACHING HOSPITALS NHS TRUST,1763,834,47.3057288712422,19.1896551724138,49.0816666666667,106,0,0,69.39700213380634,-22.091273262564137,115.0
2026-04-01,RRV,UNIVERSITY COLLEGE LONDON HOSPITALS NHS FOUNDATION TRUST,974,570,58.52156057494866,14.1666666666667,39.0830769230769,26,1,1,69.39700213380634,-10.87544155885768,102.0
2026-04-01,RHM,UNIVERSITY HOSPITAL SOUTHAMPTON NHS FOUNDATION TRUST,796,666,83.66834170854271,7.72,23.76,1,0,0,69.39700213380634,14.271339574736373,54.0
2026-04-01,RRK,UNIVERSITY HOSPITALS BIRMINGHAM NHS FOUNDATION TRUST,983,827,84.13021363173957,6.77118644067797,22.4369230769231,0,0,0,69.39700213380634,14.733211497933226,51.0
2026-04-01,RA7,UNIVERSITY HOSPITALS BRISTOL AND WESTON NHS FOUNDATION TRUST,638,524,82.13166144200626,6.02857142857143,25.08,0,0,0,69.39700213380634,12.734659308199923,60.0
2026-04-01,RKB,UNIVERSITY HOSPITALS COVENTRY AND WARWICKSHIRE NHS TRUST,627,604,96.33173843700159,5.26190476190476,13.3490909090909,0,0,0,69.39700213380634,26.93473630319525,10.0
2026-04-01,R0D,UNIVERSITY HOSPITALS DORSET NHS FOUNDATION TRUST,1255,1068,85.0996015936255,8.38059701492537,24.9714285714286,0,0,0,69.39700213380634,15.702599459819155,43.0
2026-04-01,RTG,UNIVERSITY HOSPITALS OF DERBY AND BURTON NHS FOUNDATION TRUST,1428,1288,90.19607843137256,6.6046511627907,19.0733333333333,0,0,0,69.39700213380634,20.799076297566216,30.0
2026-04-01,RWE,UNIVERSITY HOSPITALS OF LEICESTER NHS TRUST,4123,1849,44.84598593257337,20.9347826086957,43.5813333333333,26,0,0,69.39700213380634,-24.55101620123297,116.0
2026-04-01,RTX,UNIVERSITY HOSPITALS OF MORECAMBE BAY NHS FOUNDATION TRUST,979,732,74.77017364657814,9.69736842105263,36.7422222222222,3,0,0,69.39700213380634,5.373171512771805,69.0
2026-04-01,RJE,UNIVERSITY HOSPITALS OF NORTH MIDLANDS NHS TRUST,3,3,100.0,,,0,0,0,69.39700213380634,30.60299786619366,1.0
2026-04-01,RK9,UNIVERSITY HOSPITALS PLYMOUTH NHS TRUST,488,428,87.70491803278688,6.6551724137931,21.592,1,0,0,69.39700213380634,18.30791589898054,34.0
2026-04-01,RYR,UNIVERSITY HOSPITALS SUSSEX NHS FOUNDATION TRUST,1169,726,62.104362703165094,11.9489795918367,34.8061538461538,2,0,0,69.39700213380634,-7.292639430641245,94.0
2026-04-01,RBK,WALSALL HEALTHCARE NHS TRUST,884,527,59.61538461538461,13.5217391304348,29.3165217391304,0,0,0,69.39700213380634,-9.781617518421726,100.0
2026-04-01,RWG,WEST HERTFORDSHIRE TEACHING HOSPITALS NHS TRUST,1056,719,68.08712121212122,10.7692307692308,29.3418181818182,0,0,0,69.39700213380634,-1.3098809216851208,81.0
2026-04-01,RGR,WEST SUFFOLK NHS FOUNDATION TRUST,642,592,92.21183800623052,6.51020408163265,17.8057142857143,3,0,0,69.39700213380634,22.814835872424183,24.0
2026-04-01,RKE,WHITTINGTON HEALTH NHS TRUST,283,262,92.57950530035336,7.53125,16.36,0,0,0,69.39700213380634,23.182503166547022,23.0
2026-04-01,RBL,WIRRAL UNIVERSITY TEACHING HOSPITAL NHS FOUNDATION TRUST,1235,645,52.226720647773284,15.9375,47.0166666666667,51,0,0,69.39700213380634,-17.170281486033055,110.0
2026-04-01,RWP,WORCESTERSHIRE ACUTE HOSPITALS NHS TRUST,604,552,91.3907284768212,6.6304347826087,18.5257142857143,0,0,0,69.39700213380634,21.993726343014856,26.0
2026-04-01,RRF,"WRIGHTINGTON, WIGAN AND LEIGH TEACHING HOSPITALS NHS FOUNDATION TRUST",795,665,83.64779874213836,8.3974358974359,22.7444444444444,3,0,0,69.39700213380634,14.250796608332024,55.0
2026-04-01,RLQ,WYE VALLEY NHS TRUST,338,281,83.13609467455622,7.81818181818182,25.48,0,0,0,69.39700213380634,13.73909254074988,56.0
2026-04-01,RCB,YORK AND SCARBOROUGH TEACHING HOSPITALS NHS FOUNDATION TRUST,667,548,82.15892053973015,8.29347826086956,23.08,0,0,0,69.39700213380634,12.761918405923808,59.0
2026-05-01,RCF,AIREDALE NHS FOUNDATION TRUST,414,295,71.25603864734299,11.5333333333333,32.2618181818182,0,0,0,70.22210743801654,1.0339312093264539,77.0
2026-05-01,RBS,ALDER HEY CHILDREN'S NHS FOUNDATION TRUST,0,0,,,,0,0,0,70.22210743801654,,
2026-05-01,RTK,ASHFORD AND ST PETER'S HOSPITALS NHS FOUNDATION TRUST,381,282,74.01574803149606,9.95454545454546,26.63,1,0,0,70.22210743801654,3.793640593479523,74.0
2026-05-01,RF4,"BARKING, HAVERING AND REDBRIDGE UNIVERSITY HOSPITALS NHS TRUST",1048,862,82.25190839694656,10.72,24.395,4,0,0,70.22210743801654,12.029800958930025,58.0
2026-05-01,RFF,BARNSLEY HOSPITAL NHS FOUNDATION TRUST,215,212,98.6046511627907,2.55128205128205,10.5428571428571,0,0,0,70.22210743801654,28.382543724774166,7.0
2026-05-01,R1H,BARTS HEALTH NHS TRUST,1194,994,83.24958123953098,8.83050847457627,30.31,0,0,0,70.22210743801654,13.027473801514446,56.0
2026-05-01,RC9,BEDFORDSHIRE HOSPITALS NHS FOUNDATION TRUST,1060,932,87.9245283018868,7.85714285714286,20.575,0,0,0,70.22210743801654,17.70242086387026,36.0
2026-05-01,RWX,BERKSHIRE HEALTHCARE NHS FOUNDATION TRUST,0,0,,,,0,0,0,70.22210743801654,,
2026-05-01,RYW,BIRMINGHAM COMMUNITY HEALTHCARE NHS FOUNDATION TRUST,0,0,,,,0,0,0,70.22210743801654,,
2026-05-01,RQ3,BIRMINGHAM WOMEN'S AND CHILDREN'S NHS FOUNDATION TRUST,0,0,,,,0,0,0,70.22210743801654,,
2026-05-01,RXL,BLACKPOOL TEACHING HOSPITALS NHS FOUNDATION TRUST,1210,766,63.30578512396694,14.047619047619,33.02,3,0,0,70.22210743801654,-6.916322314049594,97.0
2026-05-01,RMC,BOLTON NHS FOUNDATION TRUST,545,489,89.72477064220183,9.27777777777778,18.775,0,0,0,70.22210743801654,19.502663204185296,30.0
2026-05-01,TAD,BRADFORD DISTRICT CARE NHS FOUNDATION TRUST,0,0,,,,0,0,0,70.22210743801654,,
2026-05-01,RAE,BRADFORD TEACHING HOSPITALS NHS FOUNDATION TRUST,446,390,87.4439461883408,7.16666666666667,20.4092307692308,0,0,0,70.22210743801654,17.221838750324267,38.0
2026-05-01,RXQ,BUCKINGHAMSHIRE HEALTHCARE NHS TRUST,474,409,86.28691983122363,7.0,20.18,0,0,0,70.22210743801654,16.06481239320709,42.0
2026-05-01,RWY,CALDERDALE AND HUDDERSFIELD NHS FOUNDATION TRUST,1074,802,74.67411545623837,11.203125,27.7753846153846,0,0,0,70.22210743801654,4.452008018221832,72.0
2026-05-01,RGT,CAMBRIDGE UNIVERSITY HOSPITALS NHS FOUNDATION TRUST,1847,1582,85.65240931239848,7.14077669902913,24.112,0,0,0,70.22210743801654,15.43030187438194,47.0
2026-05-01,RT1,CAMBRIDGESHIRE AND PETERBOROUGH NHS FOUNDATION TRUST,0,0,,,,0,0,0,70.22210743801654,,
2026-05-01,RQM,CHELSEA AND WESTMINSTER HOSPITAL NHS FOUNDATION TRUST,1287,980,76.14607614607614,11.1046511627907,26.4246153846154,0,0,0,70.22210743801654,5.923968708059604,69.0
2026-05-01,RFS,CHESTERFIELD ROYAL HOSPITAL NHS FOUNDATION TRUST,370,290,78.37837837837837,7.375,33.7714285714286,6,2,0,70.22210743801654,8.156270940361836,66.0
2026-05-01,RJ8,CORNWALL PARTNERSHIP NHS FOUNDATION TRUST,0,0,,,,0,0,0,70.22210743801654,,
2026-05-01,RJR,COUNTESS OF CHESTER HOSPITAL NHS FOUNDATION TRUST,408,370,90.68627450980392,6.68421052631579,19.072,0,0,0,70.22210743801654,20.464167071787386,29.0
2026-05-01,RXP,COUNTY DURHAM AND DARLINGTON NHS FOUNDATION TRUST,1889,980,51.87930121757544,17.5202702702703,42.1044444444445,34,0,0,70.22210743801654,-18.342806220441098,110.0
2026-05-01,RJ6,CROYDON HEALTH SERVICES NHS TRUST,1236,781,63.18770226537217,12.2,32.785,0,0,0,70.22210743801654,-7.0344051726443695,98.0
2026-05-01,RX4,"CUMBRIA, NORTHUMBERLAND, TYNE AND WEAR NHS FOUNDATION TRUST",0,0,,,,0,0,0,70.22210743801654,,
2026-05-01,RN7,DARTFORD AND GRAVESHAM NHS TRUST,0,0,,,,0,0,0,70.22210743801654,,
2026-05-01,RP5,DONCASTER AND BASSETLAW TEACHING HOSPITALS NHS FOUNDATION TRUST,857,602,70.24504084014002,11.5888888888889,30.244,0,0,0,70.22210743801654,0.022933402123484825,79.0
2026-05-01,RBD,DORSET COUNTY HOSPITAL NHS FOUNDATION TRUST,0,0,,,,0,0,0,70.22210743801654,,
2026-05-01,RWH,EAST AND NORTH HERTFORDSHIRE TEACHING NHS TRUST,1224,683,55.80065359477124,15.7674418604651,34.1961290322581,1,0,0,70.22210743801654,-14.421453843245295,106.0
2026-05-01,RJN,EAST CHESHIRE NHS TRUST,0,0,,,,0,0,0,70.22210743801654,,
2026-05-01,RVV,EAST KENT HOSPITALS UNIVERSITY NHS FOUNDATION TRUST,3105,1306,42.06119162640902,22.2708333333333,44.9625,44,0,0,70.22210743801654,-28.160915811607516,118.0
2026-05-01,RXR,EAST LANCASHIRE HOSPITALS NHS TRUST,873,588,67.35395189003437,11.5344827586207,37.0076190476191,0,0,0,70.22210743801654,-2.8681555479821697,87.0
2026-05-01,RDE,EAST SUFFOLK AND NORTH ESSEX NHS FOUNDATION TRUST,2363,1315,55.64959796868387,15.8534482758621,39.2485714285714,0,0,0,70.22210743801654,-14.572509469332665,107.0
2026-05-01,RXC,EAST SUSSEX HEALTHCARE NHS TRUST,782,675,86.31713554987212,8.54285714285714,22.288,2,0,0,70.22210743801654,16.095028111855584,40.0
2026-05-01,RVR,EPSOM AND ST HELIER UNIVERSITY HOSPITALS NHS TRUST,620,509,82.09677419354838,8.77272727272727,28.35,2,0,0,70.22210743801654,11.874666755531848,59.0
2026-05-01,RDU,FRIMLEY HEALTH NHS FOUNDATION TRUST,521,489,93.85796545105566,4.53921568627451,15.16,0,0,0,70.22210743801654,23.635858013039126,18.0
2026-05-01,RR7,GATESHEAD HEALTH NHS FOUNDATION TRUST,402,332,82.58706467661692,10.0333333333333,23.6914285714286,0,0,0,70.22210743801654,12.364957238600383,57.0
2026-05-01,RLT,GEORGE ELIOT HOSPITAL NHS TRUST,297,277,93.26599326599326,4.85897435897436,17.248,0,0,0,70.22210743801654,23.043885827976723,21.0
2026-05-01,RTE,GLOUCESTERSHIRE HOSPITALS NHS FOUNDATION TRUST,1136,762,67.0774647887324,11.4857142857143,33.5952941176471,0,0,0,70.22210743801654,-3.144642649284137,88.0
2026-05-01,RP4,GREAT ORMOND STREET HOSPITAL FOR CHILDREN NHS FOUNDATION TRUST,0,0,,,,0,0,0,70.22210743801654,,
2026-05-01,RN3,GREAT WESTERN HOSPITALS NHS FOUNDATION TRUST,369,339,91.869918699187,5.55357142857143,18.48,0,0,0,70.22210743801654,21.64781126117046,25.0
2026-05-01,RJ1,GUY'S AND ST THOMAS' NHS FOUNDATION TRUST,466,437,93.77682403433477,5.65789473684211,17.2472727272727,0,0,0,70.22210743801654,23.55471659631823,19.0
2026-05-01,RW1,HAMPSHIRE AND ISLE OF WIGHT HEALTHCARE NHS FOUNDATION TRUST,82,82,100.0,4.61538461538461,9.86,0,0,0,70.22210743801654,29.777892561983464,1.0
2026-05-01,RN5,HAMPSHIRE HOSPITALS NHS FOUNDATION TRUST,1408,794,56.39204545454546,15.3666666666667,35.5971428571429,17,1,0,70.22210743801654,-13.830061983471076,105.0
2026-05-01,RCD,HARROGATE AND DISTRICT NHS FOUNDATION TRUST,331,316,95.46827794561933,5.74,15.38,0,0,0,70.22210743801654,25.2461705076028,14.0
2026-05-01,R1A,HEREFORDSHIRE AND WORCESTERSHIRE HEALTH AND CARE NHS TRUST,0,0,,,,0,0,0,70.22210743801654,,
2026-05-01,RQX,HOMERTON HEALTHCARE NHS FOUNDATION TRUST,136,136,100.0,2.82608695652174,8.12,0,0,0,70.22210743801654,29.777892561983464,1.0
2026-05-01,RWA,HULL UNIVERSITY TEACHING HOSPITALS NHS TRUST,1058,741,70.03780718336485,12.2571428571429,31.824,1,0,0,70.22210743801654,-0.18430025465168853,80.0
2026-05-01,RYJ,IMPERIAL COLLEGE HEALTHCARE NHS TRUST,620,523,84.35483870967741,8.47826086956522,24.2,0,0,0,70.22210743801654,14.132731271660873,50.0
2026-05-01,R1F,ISLE OF WIGHT NHS TRUST,611,475,77.74140752864157,7.05555555555556,30.3745454545455,0,0,0,70.22210743801654,7.519300090625038,67.0
2026-05-01,RGP,JAMES PAGET UNIVERSITY HOSPITALS NHS FOUNDATION TRUST,554,488,88.08664259927798,8.96153846153846,20.21,0,0,0,70.22210743801654,17.864535161261443,35.0
2026-05-01,RYY,KENT COMMUNITY HEALTH NHS FOUNDATION TRUST,0,0,,,,0,0,0,70.22210743801654,,
2026-05-01,RNQ,KETTERING GENERAL HOSPITAL NHS FOUNDATION TRUST,1055,679,64.36018957345972,12.9081632653061,34.9391304347826,1,0,0,70.22210743801654,-5.8619178645568155,93.0
2026-05-01,RJZ,KING'S COLLEGE HOSPITAL NHS FOUNDATION TRUST,1258,1081,85.93004769475357,8.73684210526316,22.436,1,0,0,70.22210743801654,15.707940256737032,45.0
2026-05-01,RAX,KINGSTON AND RICHMOND NHS FOUNDATION TRUST,427,400,93.6768149882904,3.01190476190476,12.84,0,0,0,70.22210743801654,23.454707550273866,20.0
2026-05-01,RW5,LANCASHIRE & SOUTH CUMBRIA NHS FOUNDATION TRUST,463,413,89.20086393088553,7.52777777777778,18.48,0,0,0,70.22210743801654,18.978756492868996,32.0
2026-05-01,RXN,LANCASHIRE TEACHING HOSPITALS NHS FOUNDATION TRUST,0,0,,,,0,0,0,70.22210743801654,,
2026-05-01,RR8,LEEDS TEACHING HOSPITALS NHS TRUST,2203,1454,66.00090785292782,12.7650602409639,32.8426086956522,0,0,0,70.22210743801654,-4.221199585088712,90.0
2026-05-01,RJ2,LEWISHAM AND GREENWICH NHS TRUST,692,579,83.67052023121387,12.1641791044776,24.205,0,0,0,70.22210743801654,13.448412793197335,54.0
2026-05-01,RP7,LINCOLNSHIRE PARTNERSHIP NHS FOUNDATION TRUST,0,0,,,,0,0,0,70.22210743801654,,
2026-05-01,RBQ,LIVERPOOL HEART AND CHEST HOSPITAL NHS FOUNDATION TRUST,0,0,,,,0,0,0,70.22210743801654,,
2026-05-01,REM,LIVERPOOL UNIVERSITY HOSPITALS NHS FOUNDATION TRUST,487,410,84.18891170431212,9.25,20.2914285714286,0,0,0,70.22210743801654,13.966804266295583,51.0
2026-05-01,REP,LIVERPOOL WOMEN'S NHS FOUNDATION TRUST,0,0,,,,0,0,0,70.22210743801654,,
2026-05-01,R1K,LONDON NORTH WEST UNIVERSITY HEALTHCARE NHS TRUST,862,831,96.40371229698376,4.45283018867925,13.5415384615385,0,0,0,70.22210743801654,26.18160485896722,11.0
2026-05-01,RWF,MAIDSTONE AND TUNBRIDGE WELLS NHS TRUST,373,373,100.0,3.06410256410256,9.516,0,0,0,70.22210743801654,29.777892561983464,1.0
2026-05-01,R0A,MANCHESTER UNIVERSITY NHS FOUNDATION TRUST,1062,970,91.33709981167608,6.10769230769231,18.32,0,0,0,70.22210743801654,21.114992373659547,27.0
2026-05-01,RPA,MEDWAY NHS FOUNDATION TRUST,3306,1034,31.276467029643072,29.1224489795918,52.4347368421053,281,0,0,70.22210743801654,-38.945640408373464,119.0
2026-05-01,RBN,MERSEY AND WEST LANCASHIRE TEACHING HOSPITALS NHS TRUST,1430,930,65.03496503496503,13.525641025641,38.5090909090909,33,0,0,70.22210743801654,-5.18714240305151,92.0
2026-05-01,RAJ,MID AND SOUTH ESSEX NHS FOUNDATION TRUST,2441,1321,54.117165096272025,16.4568965517241,53.736,229,4,0,70.22210743801654,-16.10494234174451,109.0
2026-05-01,RBT,MID CHESHIRE HOSPITALS NHS FOUNDATION TRUST,973,465,47.79033915724563,18.8269230769231,42.26,5,0,0,70.22210743801654,-22.431768280770903,115.0
2026-05-01,RXF,MID YORKSHIRE TEACHING NHS TRUST,722,519,71.8836565096953,9.96875,31.6933333333333,0,0,0,70.22210743801654,1.6615490716787633,76.0
2026-05-01,RRE,MIDLANDS PARTNERSHIP UNIVERSITY NHS FOUNDATION TRUST,4553,3871,85.0208653634966,6.95833333333333,25.1390476190476,0,0,0,70.22210743801654,14.79875792548006,49.0
2026-05-01,RD8,MILTON KEYNES UNIVERSITY HOSPITAL NHS FOUNDATION TRUST,1435,604,42.09059233449477,21.7666666666667,53.0066666666667,127,2,0,70.22210743801654,-28.131515103521764,117.0
2026-05-01,RP6,MOORFIELDS EYE HOSPITAL NHS FOUNDATION TRUST,0,0,,,,0,0,0,70.22210743801654,,
2026-05-01,RM1,NORFOLK AND NORWICH UNIVERSITY HOSPITALS NHS FOUNDATION TRUST,1161,811,69.8535745047373,12.2840909090909,26.8373333333333,1,0,0,70.22210743801654,-0.36853293327924064,81.0
2026-05-01,RVJ,NORTH BRISTOL NHS TRUST,1212,771,63.613861386138616,12.4814814814815,36.7638095238095,0,0,0,70.22210743801654,-6.60824605187792,96.0
2026-05-01,RWW,NORTH CHESHIRE AND MERSEY NHS FOUNDATION TRUST,1257,640,50.91487669053302,17.5,43.6021052631579,5,0,0,70.22210743801654,-19.307230747483516,113.0
2026-05-01,RNN,NORTH CUMBRIA INTEGRATED CARE NHS FOUNDATION TRUST,1357,743,54.75313190862195,16.1285714285714,38.4745454545455,1,0,0,70.22210743801654,-15.468975529394584,108.0
2026-05-01,RVW,NORTH TEES AND HARTLEPOOL NHS FOUNDATION TRUST,573,494,86.2129144851658,9.1969696969697,19.616,0,0,0,70.22210743801654,15.99080704714926,43.0
2026-05-01,RGN,NORTH WEST ANGLIA NHS FOUNDATION TRUST,1248,853,68.34935897435898,12.5652173913043,28.1028571428571,0,0,0,70.22210743801654,-1.8727484636575582,85.0
2026-05-01,RNS,NORTHAMPTON GENERAL HOSPITAL NHS TRUST,533,367,68.85553470919325,13.7105263157895,25.8177777777778,0,0,0,70.22210743801654,-1.3665727288232858,83.0
2026-05-01,RM3,NORTHERN CARE ALLIANCE NHS FOUNDATION TRUST,2190,1300,59.3607305936073,14.6969696969697,36.5111111111111,0,0,0,70.22210743801654,-10.861376844409236,101.0
2026-05-01,RJL,NORTHERN LINCOLNSHIRE AND GOOLE NHS FOUNDATION TRUST,1011,518,51.23639960435212,17.4565217391304,38.9328571428571,0,0,0,70.22210743801654,-18.985707833664414,112.0
2026-05-01,RTF,NORTHUMBRIA HEALTHCARE NHS FOUNDATION TRUST,1176,1015,86.30952380952381,9.39130434782609,23.323,0,0,0,70.22210743801654,16.087416371507274,41.0
2026-05-01,RX1,NOTTINGHAM UNIVERSITY HOSPITALS NHS TRUST,693,606,87.44588744588745,7.41071428571429,20.1114285714286,1,0,0,70.22210743801654,17.223780007870914,37.0
2026-05-01,RTH,OXFORD UNIVERSITY HOSPITALS NHS FOUNDATION TRUST,1289,1144,88.75096974398758,6.99295774647887,21.48,1,0,0,70.22210743801654,18.528862305971046,34.0
2026-05-01,RPG,OXLEAS NHS FOUNDATION TRUST,0,0,,,,0,0,0,70.22210743801654,,
2026-05-01,RHU,PORTSMOUTH HOSPITALS UNIVERSITY NHS TRUST,517,507,98.06576402321083,5.52439024390244,13.48,0,0,0,70.22210743801654,27.843656585194296,8.0
2026-05-01,RPC,QUEEN VICTORIA HOSPITAL NHS FOUNDATION TRUST,57,45,78.94736842105263,8.25,28.72,0,0,0,70.22210743801654,8.725260983036094,64.0
2026-05-01,RHW,ROYAL BERKSHIRE NHS FOUNDATION TRUST,527,453,85.95825426944972,8.63333333333333,23.8066666666667,1,0,0,70.22210743801654,15.736146831433189,44.0
2026-05-01,REF,ROYAL CORNWALL HOSPITALS NHS TRUST,640,603,94.21875,5.57142857142857,16.6333333333333,0,0,0,70.22210743801654,23.996642561983464,17.0
2026-05-01,RH8,ROYAL DEVON UNIVERSITY HEALTHCARE NHS FOUNDATION TRUST,721,627,86.9625520110957,8.10294117647059,23.0355555555556,0,0,0,70.22210743801654,16.74044457307916,39.0
2026-05-01,RAL,ROYAL FREE LONDON NHS FOUNDATION TRUST,3072,1833,59.66796875,15.047619047619,37.664,1,0,0,70.22210743801654,-10.554138688016536,100.0
2026-05-01,RAN,ROYAL NATIONAL ORTHOPAEDIC HOSPITAL NHS TRUST,437,364,83.29519450800915,7.91176470588235,20.9127272727273,0,0,0,70.22210743801654,13.07308706999261,55.0
2026-05-01,RGM,ROYAL PAPWORTH HOSPITAL NHS FOUNDATION TRUST,0,0,,,,0,0,0,70.22210743801654,,
2026-05-01,RA2,ROYAL SURREY NHS FOUNDATION TRUST,303,289,95.37953795379538,5.26785714285714,15.5371428571429,1,0,0,70.22210743801654,25.15743051577884,15.0
2026-05-01,RD1,ROYAL UNITED HOSPITALS BATH NHS FOUNDATION TRUST,1468,1015,69.141689373297,11.125,31.8715789473684,0,0,0,70.22210743801654,-1.080418064719538,82.0
2026-05-01,RNZ,SALISBURY NHS FOUNDATION TRUST,665,424,63.75939849624061,12.1153846153846,33.88,2,0,0,70.22210743801654,-6.462708941775929,95.0
2026-05-01,RXK,SANDWELL AND WEST BIRMINGHAM HOSPITALS NHS TRUST,532,491,92.29323308270678,5.4468085106383,17.8266666666667,0,0,0,70.22210743801654,22.07112564469024,23.0
2026-05-01,RCU,SHEFFIELD CHILDREN'S NHS FOUNDATION TRUST,0,0,,,,0,0,0,70.22210743801654,,
2026-05-01,RK5,SHERWOOD FOREST HOSPITALS NHS FOUNDATION TRUST,167,165,98.80239520958084,3.11538461538462,12.16,0,0,0,70.22210743801654,28.5802877715643,6.0
2026-05-01,R1D,SHROPSHIRE COMMUNITY HEALTH NHS TRUST,22,15,68.18181818181817,11.0,25.24,0,0,0,70.22210743801654,-2.0402892561983634,86.0
2026-05-01,RH5,SOMERSET NHS FOUNDATION TRUST,823,488,59.295261239368166,12.5869565217391,40.1661538461539,1,0,0,70.22210743801654,-10.92684619864837,102.0
2026-05-01,RTR,SOUTH TEES HOSPITALS NHS FOUNDATION TRUST,1457,835,57.3095401509952,15.4404761904762,37.822,4,0,0,70.22210743801654,-12.91256728702134,104.0
2026-05-01,R0B,SOUTH TYNESIDE AND SUNDERLAND NHS FOUNDATION TRUST,1083,850,78.48568790397044,9.73958333333333,23.624347826087,0,0,0,70.22210743801654,8.263580465953908,65.0
2026-05-01,RJC,SOUTH WARWICKSHIRE UNIVERSITY NHS FOUNDATION TRUST,406,395,97.29064039408867,6.46153846153846,15.544347826087,0,0,0,70.22210743801654,27.068532956072133,10.0
2026-05-01,RXG,SOUTH WEST YORKSHIRE PARTNERSHIP NHS FOUNDATION TRUST,0,0,,,,0,0,0,70.22210743801654,,
2026-05-01,RJ7,ST GEORGE'S UNIVERSITY HOSPITALS NHS FOUNDATION TRUST,1330,980,73.68421052631578,10.1521739130435,33.9428571428572,15,0,0,70.22210743801654,3.4621030882992443,75.0
2026-05-01,RWJ,STOCKPORT NHS FOUNDATION TRUST,1260,790,62.698412698412696,13.1612903225806,34.8782608695652,2,0,0,70.22210743801654,-7.52369473960384,99.0
2026-05-01,RTP,SURREY AND SUSSEX HEALTHCARE NHS TRUST,802,594,74.06483790523691,11.2894736842105,27.07,0,0,0,70.22210743801654,3.8427304672203775,73.0
2026-05-01,RDR,SUSSEX COMMUNITY NHS FOUNDATION TRUST,0,0,,,,0,0,0,70.22210743801654,,
2026-05-01,RMP,TAMESIDE AND GLOSSOP INTEGRATED CARE NHS FOUNDATION TRUST,321,313,97.50778816199377,6.97826086956522,15.5533333333333,0,0,0,70.22210743801654,27.285680723977237,9.0
2026-05-01,RBV,THE CHRISTIE NHS FOUNDATION TRUST,0,0,,,,0,0,0,70.22210743801654,,
2026-05-01,REN,THE CLATTERBRIDGE CANCER CENTRE NHS FOUNDATION TRUST,0,0,,,,0,0,0,70.22210743801654,,
2026-05-01,RNA,THE DUDLEY GROUP NHS FOUNDATION TRUST,851,758,89.07168037602821,8.2948717948718,19.6622222222222,0,0,0,70.22210743801654,18.849572938011676,33.0
2026-05-01,RAS,THE HILLINGDON HOSPITALS NHS FOUNDATION TRUST,574,429,74.73867595818815,12.0,26.385,1,0,0,70.22210743801654,4.516568520171617,71.0
2026-05-01,RTD,THE NEWCASTLE UPON TYNE HOSPITALS NHS FOUNDATION TRUST,791,719,90.89759797724399,6.71875,18.7927272727273,0,0,0,70.22210743801654,20.675490539227454,28.0
2026-05-01,RQW,THE PRINCESS ALEXANDRA HOSPITAL NHS TRUST,1314,861,65.52511415525115,13.3384615384615,40.43,14,1,0,70.22210743801654,-4.696993282765391,91.0
2026-05-01,RCX,"THE QUEEN ELIZABETH HOSPITAL, KING'S LYNN, NHS FOUNDATION TRUST",651,461,70.81413210445469,11.1730769230769,30.8109090909091,1,0,0,70.22210743801654,0.5920246664381494,78.0
2026-05-01,RL1,THE ROBERT JONES AND AGNES HUNT ORTHOPAEDIC HOSPITAL NHS FOUNDATION TRUST,595,567,95.29411764705881,6.51470588235294,15.0307692307692,0,0,0,70.22210743801654,25.072010209042276,16.0
2026-05-01,RFR,THE ROTHERHAM NHS FOUNDATION TRUST,737,706,95.79375848032564,6.7125,17.098064516129,0,0,0,70.22210743801654,25.5716510423091,13.0
2026-05-01,RPY,THE ROYAL MARSDEN NHS FOUNDATION TRUST,0,0,,,,0,0,0,70.22210743801654,,
2026-05-01,RRJ,THE ROYAL ORTHOPAEDIC HOSPITAL NHS FOUNDATION TRUST,0,0,,,,0,0,0,70.22210743801654,,
2026-05-01,RL4,THE ROYAL WOLVERHAMPTON NHS TRUST,1432,1106,77.23463687150837,9.52380952380952,29.2293333333333,0,0,0,70.22210743801654,7.012529433491835,68.0
2026-05-01,RXW,THE SHREWSBURY AND TELFORD HOSPITAL NHS TRUST,1,1,100.0,,,0,0,0,70.22210743801654,29.777892561983464,1.0
2026-05-01,RET,THE WALTON CENTRE NHS FOUNDATION TRUST,0,0,,,,0,0,0,70.22210743801654,,
2026-05-01,RWD,UNITED LINCOLNSHIRE TEACHING HOSPITALS NHS TRUST,1762,856,48.58115777525539,18.8064516129032,50.3355555555556,104,1,0,70.22210743801654,-21.640949662761145,114.0
2026-05-01,RRV,UNIVERSITY COLLEGE LONDON HOSPITALS NHS FOUNDATION TRUST,945,558,59.04761904761905,14.5909090909091,39.0666666666667,26,0,0,70.22210743801654,-11.174488390397485,103.0
2026-05-01,RHM,UNIVERSITY HOSPITAL SOUTHAMPTON NHS FOUNDATION TRUST,816,659,80.75980392156863,8.4,24.144,0,0,0,70.22210743801654,10.537696483552097,63.0
2026-05-01,RRK,UNIVERSITY HOSPITALS BIRMINGHAM NHS FOUNDATION TRUST,1005,844,83.98009950248756,6.75423728813559,23.0428571428571,0,0,0,70.22210743801654,13.757992064471026,52.0
2026-05-01,RA7,UNIVERSITY HOSPITALS BRISTOL AND WESTON NHS FOUNDATION TRUST,626,577,92.17252396166134,5.27272727272727,17.9018181818182,0,0,0,70.22210743801654,21.950416523644805,24.0
2026-05-01,RKB,UNIVERSITY HOSPITALS COVENTRY AND WARWICKSHIRE NHS TRUST,586,564,96.24573378839591,5.16666666666667,13.8742857142857,0,0,0,70.22210743801654,26.023626350379374,12.0
2026-05-01,R0D,UNIVERSITY HOSPITALS DORSET NHS FOUNDATION TRUST,1348,1100,81.60237388724035,9.14583333333333,25.93,1,0,0,70.22210743801654,11.38026644922381,61.0
2026-05-01,RTG,UNIVERSITY HOSPITALS OF DERBY AND BURTON NHS FOUNDATION TRUST,1510,1350,89.40397350993378,6.95,19.4857142857143,1,0,0,70.22210743801654,19.18186607191724,31.0
2026-05-01,RWE,UNIVERSITY HOSPITALS OF LEICESTER NHS TRUST,4210,1929,45.819477434679335,20.1527777777778,44.878125,47,0,0,70.22210743801654,-24.4026300033372,116.0
2026-05-01,RTX,UNIVERSITY HOSPITALS OF MORECAMBE BAY NHS FOUNDATION TRUST,959,720,75.07820646506778,10.37,38.4685714285714,8,0,0,70.22210743801654,4.856099027051243,70.0
2026-05-01,RJE,UNIVERSITY HOSPITALS OF NORTH MIDLANDS NHS TRUST,3,3,100.0,,,0,0,0,70.22210743801654,29.777892561983464,1.0
2026-05-01,RK9,UNIVERSITY HOSPITALS PLYMOUTH NHS TRUST,480,411,85.625,7.26666666666667,23.12,1,0,0,70.22210743801654,15.402892561983464,48.0
2026-05-01,RYR,UNIVERSITY HOSPITALS SUSSEX NHS FOUNDATION TRUST,1179,754,63.95250212044105,13.1969696969697,33.768,4,0,0,70.22210743801654,-6.269605317575483,94.0
2026-05-01,RBK,WALSALL HEALTHCARE NHS TRUST,908,602,66.29955947136564,12.5185185185185,29.5225,0,0,0,70.22210743801654,-3.922547966650896,89.0
2026-05-01,RWG,WEST HERTFORDSHIRE TEACHING HOSPITALS NHS TRUST,1076,738,68.58736059479554,11.34375,30.0766666666667,0,0,0,70.22210743801654,-1.634746843220995,84.0
2026-05-01,RGR,WEST SUFFOLK NHS FOUNDATION TRUST,728,675,92.71978021978022,7.97368421052632,17.5633333333333,1,0,0,70.22210743801654,22.497672781763683,22.0
2026-05-01,RKE,WHITTINGTON HEALTH NHS TRUST,297,255,85.85858585858585,8.15,19.7355555555556,0,0,0,70.22210743801654,15.636478420569318,46.0
2026-05-01,RBL,WIRRAL UNIVERSITY TEACHING HOSPITAL NHS FOUNDATION TRUST,1243,641,51.568785197103786,17.3709677419355,50.0329411764706,67,0,0,70.22210743801654,-18.65332224091275,111.0
2026-05-01,RWP,WORCESTERSHIRE ACUTE HOSPITALS NHS TRUST,644,591,91.77018633540372,5.82142857142857,18.148,1,0,0,70.22210743801654,21.548078897387185,26.0
2026-05-01,RRF,"WRIGHTINGTON, WIGAN AND LEIGH TEACHING HOSPITALS NHS FOUNDATION TRUST",839,681,81.16805721096544,9.24468085106383,24.92,0,0,0,70.22210743801654,10.945949772948907,62.0
2026-05-01,RLQ,WYE VALLEY NHS TRUST,399,335,83.95989974937343,8.10416666666667,24.216,0,0,0,70.22210743801654,13.737792311356898,53.0
2026-05-01,RCB,YORK AND SCARBOROUGH TEACHING HOSPITALS NHS FOUNDATION TRUST,686,562,81.92419825072886,7.55555555555556,24.212,0,0,0,70.22210743801654,11.702090812712328,60.0
2026-06-01,RCF,AIREDALE NHS FOUNDATION TRUST,397,281,70.7808564231738,9.93181818181818,33.06,0,0,0,70.45284543758437,0.32801098558942954,77.0
2026-06-01,RBS,ALDER HEY CHILDREN'S NHS FOUNDATION TRUST,0,0,,,,0,0,0,70.45284543758437,,
2026-06-01,RTK,ASHFORD AND ST PETER'S HOSPITALS NHS FOUNDATION TRUST,390,248,63.589743589743584,11.4166666666667,30.2,0,0,0,70.45284543758437,-6.863101847840788,96.0
2026-06-01,RF4,"BARKING, HAVERING AND REDBRIDGE UNIVERSITY HOSPITALS NHS TRUST",1162,906,77.96901893287436,10.3478260869565,24.0057142857143,4,0,0,70.45284543758437,7.516173495289991,68.0
2026-06-01,RFF,BARNSLEY HOSPITAL NHS FOUNDATION TRUST,220,218,99.0909090909091,2.90909090909091,8.46666666666667,0,0,0,70.45284543758437,28.63806365332472,5.0
2026-06-01,R1H,BARTS HEALTH NHS TRUST,1321,1057,80.01514004542014,8.86363636363636,24.895,0,0,0,70.45284543758437,9.562294607835767,60.0
2026-06-01,RC9,BEDFORDSHIRE HOSPITALS NHS FOUNDATION TRUST,1179,985,83.5453774385072,8.25,22.4175,0,0,0,70.45284543758437,13.09253200092283,52.0
2026-06-01,RWX,BERKSHIRE HEALTHCARE NHS FOUNDATION TRUST,0,0,,,,0,0,0,70.45284543758437,,
2026-06-01,RYW,BIRMINGHAM COMMUNITY HEALTHCARE NHS FOUNDATION TRUST,0,0,,,,0,0,0,70.45284543758437,,
2026-06-01,RQ3,BIRMINGHAM WOMEN'S AND CHILDREN'S NHS FOUNDATION TRUST,0,0,,,,0,0,0,70.45284543758437,,
2026-06-01,RXL,BLACKPOOL TEACHING HOSPITALS NHS FOUNDATION TRUST,1067,728,68.22867853795688,12.203125,31.9742857142857,0,0,0,70.45284543758437,-2.224166899627491,85.0
2026-06-01,RMC,BOLTON NHS FOUNDATION TRUST,614,518,84.36482084690554,9.27777777777778,20.4822857142857,0,0,0,70.45284543758437,13.911975409321172,50.0
2026-06-01,TAD,BRADFORD DISTRICT CARE NHS FOUNDATION TRUST,0,0,,,,0,0,0,70.45284543758437,,
2026-06-01,RAE,BRADFORD TEACHING HOSPITALS NHS FOUNDATION TRUST,463,415,89.6328293736501,7.2741935483871,19.992,0,0,0,70.45284543758437,19.179983936065724,33.0
2026-06-01,RXQ,BUCKINGHAMSHIRE HEALTHCARE NHS TRUST,420,380,90.47619047619048,7.47619047619048,19.28,0,0,0,70.45284543758437,20.02334503860611,31.0
2026-06-01,RWY,CALDERDALE AND HUDDERSFIELD NHS FOUNDATION TRUST,970,713,73.50515463917526,10.9767441860465,28.7,1,0,0,70.45284543758437,3.0523092015908873,73.0
2026-06-01,RGT,CAMBRIDGE UNIVERSITY HOSPITALS NHS FOUNDATION TRUST,1858,1605,86.38320775026911,7.3030303030303,21.8544,0,0,0,70.45284543758437,15.930362312684736,42.0
2026-06-01,RT1,CAMBRIDGESHIRE AND PETERBOROUGH NHS FOUNDATION TRUST,0,0,,,,0,0,0,70.45284543758437,,
2026-06-01,RQM,CHELSEA AND WESTMINSTER HOSPITAL NHS FOUNDATION TRUST,1258,946,75.19872813990462,11.1111111111111,27.7725,0,0,0,70.45284543758437,4.745882702320245,71.0
2026-06-01,RFS,CHESTERFIELD ROYAL HOSPITAL NHS FOUNDATION TRUST,348,278,79.88505747126436,6.95,30.3866666666667,4,0,0,70.45284543758437,9.432212033679988,62.0
2026-06-01,RJ8,CORNWALL PARTNERSHIP NHS FOUNDATION TRUST,0,0,,,,0,0,0,70.45284543758437,,
2026-06-01,RJR,COUNTESS OF CHESTER HOSPITAL NHS FOUNDATION TRUST,478,452,94.56066945606695,6.43478260869565,16.076,0,0,0,70.45284543758437,24.107824018482575,18.0
2026-06-01,RXP,COUNTY DURHAM AND DARLINGTON NHS FOUNDATION TRUST,2008,968,48.20717131474104,18.75,43.4329411764706,44,0,0,70.45284543758437,-22.245674122843333,112.0
2026-06-01,RJ6,CROYDON HEALTH SERVICES NHS TRUST,1208,794,65.72847682119205,12.375,33.7031578947368,0,0,0,70.45284543758437,-4.724368616392326,91.0
2026-06-01,RX4,"CUMBRIA, NORTHUMBERLAND, TYNE AND WEAR NHS FOUNDATION TRUST",0,0,,,,0,0,0,70.45284543758437,,
2026-06-01,RN7,DARTFORD AND GRAVESHAM NHS TRUST,0,0,,,,0,0,0,70.45284543758437,,
2026-06-01,RP5,DONCASTER AND BASSETLAW TEACHING HOSPITALS NHS FOUNDATION TRUST,844,590,69.90521327014217,11.969696969697,29.274,0,0,0,70.45284543758437,-0.5476321674422024,80.0
2026-06-01,RBD,DORSET COUNTY HOSPITAL NHS FOUNDATION TRUST,0,0,,,,0,0,0,70.45284543758437,,
2026-06-01,RWH,EAST AND NORTH HERTFORDSHIRE TEACHING NHS TRUST,1284,714,55.60747663551402,16.2857142857143,33.9252173913043,0,0,0,70.45284543758437,-14.845368802070354,106.0
2026-06-01,RJN,EAST CHESHIRE NHS TRUST,0,0,,,,0,0,0,70.45284543758437,,
2026-06-01,RVV,EAST KENT HOSPITALS UNIVERSITY NHS FOUNDATION TRUST,2969,1253,42.202761872684405,21.8310810810811,45.7183333333333,52,2,0,70.45284543758437,-28.250083564899967,117.0
2026-06-01,RXR,EAST LANCASHIRE HOSPITALS NHS TRUST,878,601,68.45102505694761,10.8181818181818,33.3942857142857,1,1,0,70.45284543758437,-2.001820380636758,84.0
2026-06-01,RDE,EAST SUFFOLK AND NORTH ESSEX NHS FOUNDATION TRUST,2369,1307,55.17095821021528,16.0723684210526,40.7418181818182,0,0,0,70.45284543758437,-15.28188722736909,107.0
2026-06-01,RXC,EAST SUSSEX HEALTHCARE NHS TRUST,786,707,89.94910941475827,6.8,22.624,4,0,0,70.45284543758437,19.496263977173896,32.0
2026-06-01,RVR,EPSOM AND ST HELIER UNIVERSITY HOSPITALS NHS TRUST,637,515,80.84772370486655,7.375,29.008,2,0,0,70.45284543758437,10.39487826728218,58.0
2026-06-01,RDU,FRIMLEY HEALTH NHS FOUNDATION TRUST,536,505,94.21641791044776,4.74,15.515,0,0,0,70.45284543758437,23.763572472863387,20.0
2026-06-01,RR7,GATESHEAD HEALTH NHS FOUNDATION TRUST,394,336,85.27918781725889,9.88,22.24,0,0,0,70.45284543758437,14.826342379674514,46.0
2026-06-01,RLT,GEORGE ELIOT HOSPITAL NHS TRUST,272,261,95.95588235294117,5.28571428571429,14.81,0,0,0,70.45284543758437,25.5030369153568,13.0
2026-06-01,RTE,GLOUCESTERSHIRE HOSPITALS NHS FOUNDATION TRUST,1212,816,67.32673267326733,10.34375,34.6711111111111,0,0,0,70.45284543758437,-3.1261127643170425,88.0
2026-06-01,RP4,GREAT ORMOND STREET HOSPITAL FOR CHILDREN NHS FOUNDATION TRUST,0,0,,,,0,0,0,70.45284543758437,,
2026-06-01,RN3,GREAT WESTERN HOSPITALS NHS FOUNDATION TRUST,353,325,92.06798866855524,6.31818181818182,17.94,1,0,0,70.45284543758437,21.615143230970872,25.0
2026-06-01,RJ1,GUY'S AND ST THOMAS' NHS FOUNDATION TRUST,489,450,92.02453987730061,5.15476190476191,17.97,0,0,0,70.45284543758437,21.57169443971624,26.0
2026-06-01,RW1,HAMPSHIRE AND ISLE OF WIGHT HEALTHCARE NHS FOUNDATION TRUST,72,72,100.0,5.0,10.62,0,0,0,70.45284543758437,29.547154562415628,1.0
2026-06-01,RN5,HAMPSHIRE HOSPITALS NHS FOUNDATION TRUST,1411,831,58.89440113394756,13.9239130434783,36.5563636363636,16,1,0,70.45284543758437,-11.558444303636811,103.0
2026-06-01,RCD,HARROGATE AND DISTRICT NHS FOUNDATION TRUST,317,302,95.26813880126183,6.25862068965517,16.364,0,0,0,70.45284543758437,24.815293363677455,16.0
2026-06-01,R1A,HEREFORDSHIRE AND WORCESTERSHIRE HEALTH AND CARE NHS TRUST,0,0,,,,0,0,0,70.45284543758437,,
2026-06-01,RQX,HOMERTON HEALTHCARE NHS FOUNDATION TRUST,167,166,99.40119760479041,2.625,7.955,0,0,0,70.45284543758437,28.94835216720604,4.0
2026-06-01,RWA,HULL UNIVERSITY TEACHING HOSPITALS NHS TRUST,1112,762,68.5251798561151,11.2608695652174,31.4342857142857,2,0,0,70.45284543758437,-1.9276655814692703,83.0
2026-06-01,RYJ,IMPERIAL COLLEGE HEALTHCARE NHS TRUST,614,528,85.99348534201955,7.51282051282051,23.48,0,0,0,70.45284543758437,15.540639904435182,43.0
2026-06-01,R1F,ISLE OF WIGHT NHS TRUST,649,512,78.89060092449924,7.45,29.54,0,0,0,70.45284543758437,8.437755486914867,65.0
2026-06-01,RGP,JAMES PAGET UNIVERSITY HOSPITALS NHS FOUNDATION TRUST,596,517,86.74496644295301,8.94444444444444,19.4066666666667,0,0,0,70.45284543758437,16.292121005368642,40.0
2026-06-01,RYY,KENT COMMUNITY HEALTH NHS FOUNDATION TRUST,0,0,,,,0,0,0,70.45284543758437,,
2026-06-01,RNQ,KETTERING GENERAL HOSPITAL NHS FOUNDATION TRUST,1099,749,68.15286624203821,11.5875,35.0057142857143,1,0,0,70.45284543758437,-2.2999791955461575,86.0
2026-06-01,RJZ,KING'S COLLEGE HOSPITAL NHS FOUNDATION TRUST,1160,943,81.29310344827586,9.13698630136986,22.4518518518519,0,0,0,70.45284543758437,10.840258010691485,57.0
2026-06-01,RAX,KINGSTON AND RICHMOND NHS FOUNDATION TRUST,413,395,95.64164648910412,3.86458333333333,11.99,0,0,0,70.45284543758437,25.188801051519746,14.0
2026-06-01,RW5,LANCASHIRE & SOUTH CUMBRIA NHS FOUNDATION TRUST,432,382,88.42592592592592,7.33333333333333,18.965,0,0,0,70.45284543758437,17.97308048834155,35.0
2026-06-01,RXN,LANCASHIRE TEACHING HOSPITALS NHS FOUNDATION TRUST,0,0,,,,0,0,0,70.45284543758437,,
2026-06-01,RR8,LEEDS TEACHING HOSPITALS NHS TRUST,2117,1348,63.675011809163905,13.6646341463415,34.0193939393939,0,0,0,70.45284543758437,-6.777833628420467,95.0
2026-06-01,RJ2,LEWISHAM AND GREENWICH NHS TRUST,696,580,83.33333333333334,11.2592592592593,24.5533333333333,1,0,0,70.45284543758437,12.88048789574897,54.0
2026-06-01,RP7,LINCOLNSHIRE PARTNERSHIP NHS FOUNDATION TRUST,0,0,,,,0,0,0,70.45284543758437,,
2026-06-01,RBQ,LIVERPOOL HEART AND CHEST HOSPITAL NHS FOUNDATION TRUST,0,0,,,,0,0,0,70.45284543758437,,
2026-06-01,REM,LIVERPOOL UNIVERSITY HOSPITALS NHS FOUNDATION TRUST,537,449,83.61266294227188,9.046875,20.3705263157895,0,0,0,70.45284543758437,13.15981750468751,51.0
2026-06-01,REP,LIVERPOOL WOMEN'S NHS FOUNDATION TRUST,0,0,,,,0,0,0,70.45284543758437,,
2026-06-01,R1K,LONDON NORTH WEST UNIVERSITY HEALTHCARE NHS TRUST,953,932,97.79643231899266,4.33552631578947,14.0690909090909,0,0,0,70.45284543758437,27.343586881408285,8.0
2026-06-01,RWF,MAIDSTONE AND TUNBRIDGE WELLS NHS TRUST,421,421,100.0,3.35964912280702,8.61714285714286,0,0,0,70.45284543758437,29.547154562415628,1.0
2026-06-01,R0A,MANCHESTER UNIVERSITY NHS FOUNDATION TRUST,1124,1021,90.83629893238434,6.36923076923077,18.7266666666667,0,0,0,70.45284543758437,20.383453494799966,28.0
2026-06-01,RPA,MEDWAY NHS FOUNDATION TRUST,3335,1039,31.154422788605697,29.7125,52.4188679245283,289,0,0,70.45284543758437,-39.29842264897867,118.0
2026-06-01,RBN,MERSEY AND WEST LANCASHIRE TEACHING HOSPITALS NHS TRUST,1519,1020,67.14944042132981,12.7065217391304,36.696,12,1,0,70.45284543758437,-3.3034050162545583,89.0
2026-06-01,RAJ,MID AND SOUTH ESSEX NHS FOUNDATION TRUST,2273,1086,47.778266608007044,19.0121951219512,53.6951724137931,236,6,1,70.45284543758437,-22.674578829577328,113.0
2026-06-01,RBT,MID CHESHIRE HOSPITALS NHS FOUNDATION TRUST,1005,540,53.73134328358209,15.8333333333333,41.2666666666667,6,0,0,70.45284543758437,-16.72150215400228,108.0
2026-06-01,RXF,MID YORKSHIRE TEACHING NHS TRUST,567,458,80.77601410934744,9.40243902439024,28.33,0,0,0,70.45284543758437,10.32316867176307,59.0
2026-06-01,RRE,MIDLANDS PARTNERSHIP UNIVERSITY NHS FOUNDATION TRUST,4774,4034,84.49937159614579,7.03418803418803,24.9786046511628,0,0,0,70.45284543758437,14.04652615856142,49.0
2026-06-01,RD8,MILTON KEYNES UNIVERSITY HOSPITAL NHS FOUNDATION TRUST,1397,635,45.45454545454545,20.0138888888889,47.8044444444444,47,1,0,70.45284543758437,-24.99829998303892,116.0
2026-06-01,RP6,MOORFIELDS EYE HOSPITAL NHS FOUNDATION TRUST,0,0,,,,0,0,0,70.45284543758437,,
2026-06-01,RM1,NORFOLK AND NORWICH UNIVERSITY HOSPITALS NHS FOUNDATION TRUST,1197,834,69.67418546365914,11.7424242424242,27.5352380952381,0,0,0,70.45284543758437,-0.7786599739252296,81.0
2026-06-01,RVJ,NORTH BRISTOL NHS TRUST,1211,752,62.097440132122216,13.0185185185185,38.1791304347826,0,0,0,70.45284543758437,-8.355405305462156,98.0
2026-06-01,RWW,NORTH CHESHIRE AND MERSEY NHS FOUNDATION TRUST,1220,637,52.213114754098356,17.25,39.775,9,0,0,70.45284543758437,-18.239730683486016,109.0
2026-06-01,RNN,NORTH CUMBRIA INTEGRATED CARE NHS FOUNDATION TRUST,1370,774,56.4963503649635,15.4857142857143,37.8545454545455,0,0,0,70.45284543758437,-13.956495072620875,105.0
2026-06-01,RVW,NORTH TEES AND HARTLEPOOL NHS FOUNDATION TRUST,552,453,82.06521739130434,10.0416666666667,21.584,0,0,0,70.45284543758437,11.612371953719972,56.0
2026-06-01,RGN,NORTH WEST ANGLIA NHS FOUNDATION TRUST,1294,842,65.06955177743431,13.3,28.524,0,0,0,70.45284543758437,-5.383293660150059,93.0
2026-06-01,RNS,NORTHAMPTON GENERAL HOSPITAL NHS TRUST,514,344,66.9260700389105,14.258064516129,25.5422222222222,0,0,0,70.45284543758437,-3.526775398673877,90.0
2026-06-01,RM3,NORTHERN CARE ALLIANCE NHS FOUNDATION TRUST,2165,1318,60.87759815242494,13.9181818181818,34.4454545454546,0,0,0,70.45284543758437,-9.575247285159435,101.0
2026-06-01,RJL,NORTHERN LINCOLNSHIRE AND GOOLE NHS FOUNDATION TRUST,1031,524,50.82444228903976,17.5952380952381,39.4075,0,0,0,70.45284543758437,-19.628403148544614,110.0
2026-06-01,RTF,NORTHUMBRIA HEALTHCARE NHS FOUNDATION TRUST,1163,983,84.52278589853826,7.83898305084746,21.517037037037,0,0,0,70.45284543758437,14.069940460953887,48.0
2026-06-01,RX1,NOTTINGHAM UNIVERSITY HOSPITALS NHS TRUST,473,411,86.89217758985201,7.72857142857143,23.79,0,0,0,70.45284543758437,16.43933215226764,39.0
2026-06-01,RTH,OXFORD UNIVERSITY HOSPITALS NHS FOUNDATION TRUST,1322,1174,88.80484114977307,6.57142857142857,20.8964705882353,2,0,0,70.45284543758437,18.351995712188696,34.0
2026-06-01,RPG,OXLEAS NHS FOUNDATION TRUST,0,0,,,,0,0,0,70.45284543758437,,
2026-06-01,RHU,PORTSMOUTH HOSPITALS UNIVERSITY NHS TRUST,496,488,98.38709677419355,4.65957446808511,13.8511111111111,0,0,0,70.45284543758437,27.93425133660918,7.0
2026-06-01,RPC,QUEEN VICTORIA HOSPITAL NHS FOUNDATION TRUST,65,55,84.61538461538461,7.375,20.9,0,0,0,70.45284543758437,14.162539177800241,47.0
2026-06-01,RHW,ROYAL BERKSHIRE NHS FOUNDATION TRUST,579,506,87.39205526770294,7.66326530612245,21.136,0,0,0,70.45284543758437,16.93920983011857,37.0
2026-06-01,REF,ROYAL CORNWALL HOSPITALS NHS TRUST,651,621,95.39170506912443,6.00847457627119,15.49,1,0,0,70.45284543758437,24.938859631540055,15.0
2026-06-01,RH8,ROYAL DEVON UNIVERSITY HEALTHCARE NHS FOUNDATION TRUST,818,698,85.33007334963325,8.04651162790698,21.6828571428571,1,0,0,70.45284543758437,14.87722791204888,44.0
2026-06-01,RAL,ROYAL FREE LONDON NHS FOUNDATION TRUST,3152,1864,59.13705583756346,15.1034482758621,37.4574358974359,1,0,0,70.45284543758437,-11.315789600020913,102.0
2026-06-01,RAN,ROYAL NATIONAL ORTHOPAEDIC HOSPITAL NHS TRUST,446,349,78.25112107623319,8.04761904761905,22.732,0,0,0,70.45284543758437,7.798275638648818,67.0
2026-06-01,RGM,ROYAL PAPWORTH HOSPITAL NHS FOUNDATION TRUST,0,0,,,,0,0,0,70.45284543758437,,
2026-06-01,RA2,ROYAL SURREY NHS FOUNDATION TRUST,290,271,93.44827586206897,5.95,16.96,0,0,0,70.45284543758437,22.995430424484596,22.0
2026-06-01,RD1,ROYAL UNITED HOSPITALS BATH NHS FOUNDATION TRUST,1416,999,70.55084745762711,10.8703703703704,31.7466666666667,0,0,0,70.45284543758437,0.09800202004274183,78.0
2026-06-01,RNZ,SALISBURY NHS FOUNDATION TRUST,656,446,67.98780487804879,10.952380952381,30.7825,3,0,0,70.45284543758437,-2.4650405595355807,87.0
2026-06-01,RXK,SANDWELL AND WEST BIRMINGHAM HOSPITALS NHS TRUST,584,556,95.2054794520548,5.54838709677419,16.1163636363636,0,0,0,70.45284543758437,24.75263401447043,17.0
2026-06-01,RCU,SHEFFIELD CHILDREN'S NHS FOUNDATION TRUST,0,0,,,,0,0,0,70.45284543758437,,
2026-06-01,RK5,SHERWOOD FOREST HOSPITALS NHS FOUNDATION TRUST,169,167,98.81656804733728,3.34375,10.12,0,0,0,70.45284543758437,28.363722609752912,6.0
2026-06-01,R1D,SHROPSHIRE COMMUNITY HEALTH NHS TRUST,18,13,72.22222222222221,,,0,0,0,70.45284543758437,1.769376784637842,74.0
2026-06-01,RH5,SOMERSET NHS FOUNDATION TRUST,888,554,62.387387387387385,12.6315789473684,38.8430769230769,6,0,0,70.45284543758437,-8.065458050196987,97.0
2026-06-01,RTR,SOUTH TEES HOSPITALS NHS FOUNDATION TRUST,1430,840,58.74125874125874,14.1818181818182,36.8,0,0,0,70.45284543758437,-11.711586696325632,104.0
2026-06-01,R0B,SOUTH TYNESIDE AND SUNDERLAND NHS FOUNDATION TRUST,1058,836,79.01701323251417,9.17021276595745,23.04,0,0,0,70.45284543758437,8.564167794929801,64.0
2026-06-01,RJC,SOUTH WARWICKSHIRE UNIVERSITY NHS FOUNDATION TRUST,359,345,96.10027855153204,5.88461538461539,15.5711111111111,0,0,0,70.45284543758437,25.64743311394767,12.0
2026-06-01,RXG,SOUTH WEST YORKSHIRE PARTNERSHIP NHS FOUNDATION TRUST,0,0,,,,0,0,0,70.45284543758437,,
2026-06-01,RJ7,ST GEORGE'S UNIVERSITY HOSPITALS NHS FOUNDATION TRUST,1436,1065,74.16434540389972,8.91666666666667,33.0133333333333,14,0,0,70.45284543758437,3.711499966315344,72.0
2026-06-01,RWJ,STOCKPORT NHS FOUNDATION TRUST,1227,755,61.5321923390383,13.4404761904762,35.4126315789474,1,0,0,70.45284543758437,-8.920653098546069,99.0
2026-06-01,RTP,SURREY AND SUSSEX HEALTHCARE NHS TRUST,818,621,75.91687041564792,8.58620689655172,27.356,0,0,0,70.45284543758437,5.464024978063549,70.0
2026-06-01,RDR,SUSSEX COMMUNITY NHS FOUNDATION TRUST,0,0,,,,0,0,0,70.45284543758437,,
2026-06-01,RMP,TAMESIDE AND GLOSSOP INTEGRATED CARE NHS FOUNDATION TRUST,380,367,96.57894736842105,6.43478260869565,15.4714285714286,0,0,0,70.45284543758437,26.126101930836683,10.0
2026-06-01,RBV,THE CHRISTIE NHS FOUNDATION TRUST,0,0,,,,0,0,0,70.45284543758437,,
2026-06-01,REN,THE CLATTERBRIDGE CANCER CENTRE NHS FOUNDATION TRUST,0,0,,,,0,0,0,70.45284543758437,,
2026-06-01,RNA,THE DUDLEY GROUP NHS FOUNDATION TRUST,865,738,85.31791907514452,8.34848484848485,21.3777777777778,0,0,0,70.45284543758437,14.865073637560144,45.0
2026-06-01,RAS,THE HILLINGDON HOSPITALS NHS FOUNDATION TRUST,522,367,70.3065134099617,10.7894736842105,26.648,0,0,0,70.45284543758437,-0.14633202762267672,79.0
2026-06-01,RTD,THE NEWCASTLE UPON TYNE HOSPITALS NHS FOUNDATION TRUST,742,687,92.58760107816711,7.17777777777778,17.8442857142857,0,0,0,70.45284543758437,22.13475564058274,23.0
2026-06-01,RQW,THE PRINCESS ALEXANDRA HOSPITAL NHS TRUST,1254,821,65.47049441786284,13.6938775510204,39.5621052631579,4,0,0,70.45284543758437,-4.982351019721534,92.0
2026-06-01,RCX,"THE QUEEN ELIZABETH HOSPITAL, KING'S LYNN, NHS FOUNDATION TRUST",594,472,79.46127946127946,9.66666666666667,24.37,1,0,0,70.45284543758437,9.008434023695088,63.0
2026-06-01,RL1,THE ROBERT JONES AND AGNES HUNT ORTHOPAEDIC HOSPITAL NHS FOUNDATION TRUST,622,587,94.37299035369774,6.80434782608696,16.32,0,0,0,70.45284543758437,23.920144916113372,19.0
2026-06-01,RFR,THE ROTHERHAM NHS FOUNDATION TRUST,764,714,93.45549738219894,7.33333333333333,17.5552,0,0,0,70.45284543758437,23.00265194461457,21.0
2026-06-01,RPY,THE ROYAL MARSDEN NHS FOUNDATION TRUST,0,0,,,,0,0,0,70.45284543758437,,
2026-06-01,RRJ,THE ROYAL ORTHOPAEDIC HOSPITAL NHS FOUNDATION TRUST,0,0,,,,0,0,0,70.45284543758437,,
2026-06-01,RL4,THE ROYAL WOLVERHAMPTON NHS TRUST,1270,988,77.79527559055119,7.58620689655172,24.2454545454545,0,0,0,70.45284543758437,7.342430152966813,69.0
2026-06-01,RXW,THE SHREWSBURY AND TELFORD HOSPITAL NHS TRUST,0,0,,,,0,0,0,70.45284543758437,,
2026-06-01,RET,THE WALTON CENTRE NHS FOUNDATION TRUST,0,0,,,,0,0,0,70.45284543758437,,
2026-06-01,RWD,UNITED LINCOLNSHIRE TEACHING HOSPITALS NHS TRUST,1841,854,46.38783269961977,19.8152173913043,50.215,125,0,0,70.45284543758437,-24.0650127379646,115.0
2026-06-01,RRV,UNIVERSITY COLLEGE LONDON HOSPITALS NHS FOUNDATION TRUST,928,595,64.11637931034483,12.7307692307692,39.2514285714286,26,4,0,70.45284543758437,-6.336466127239547,94.0
2026-06-01,RHM,UNIVERSITY HOSPITAL SOUTHAMPTON NHS FOUNDATION TRUST,741,592,79.89203778677462,8.9375,23.4766666666667,0,0,0,70.45284543758437,9.43919234919025,61.0
2026-06-01,RRK,UNIVERSITY HOSPITALS BIRMINGHAM NHS FOUNDATION TRUST,1047,912,87.10601719197709,6.77702702702703,21.9022222222222,0,0,0,70.45284543758437,16.653171754392716,38.0
2026-06-01,RA7,UNIVERSITY HOSPITALS BRISTOL AND WESTON NHS FOUNDATION TRUST,555,537,96.75675675675676,4.45918367346939,13.06,0,0,0,70.45284543758437,26.303911319172386,9.0
2026-06-01,RKB,UNIVERSITY HOSPITALS COVENTRY AND WARWICKSHIRE NHS TRUST,600,578,96.33333333333334,3.87671232876712,14.1428571428571,0,0,0,70.45284543758437,25.88048789574897,11.0
2026-06-01,R0D,UNIVERSITY HOSPITALS DORSET NHS FOUNDATION TRUST,1237,1086,87.79304769603881,8.34821428571429,28.1457142857143,0,0,0,70.45284543758437,17.34020225845444,36.0
2026-06-01,RTG,UNIVERSITY HOSPITALS OF DERBY AND BURTON NHS FOUNDATION TRUST,1554,1426,91.76319176319177,7.1125,18.16,2,0,0,70.45284543758437,21.310346325607398,27.0
2026-06-01,RWE,UNIVERSITY HOSPITALS OF LEICESTER NHS TRUST,4010,1910,47.63092269326683,19.377358490566,43.4225806451613,60,0,0,70.45284543758437,-22.82192274431754,114.0
2026-06-01,RTX,UNIVERSITY HOSPITALS OF MORECAMBE BAY NHS FOUNDATION TRUST,945,677,71.64021164021163,10.5909090909091,36.8,10,0,0,70.45284543758437,1.1873662026272598,75.0
2026-06-01,RJE,UNIVERSITY HOSPITALS OF NORTH MIDLANDS NHS TRUST,3,3,100.0,,,0,0,0,70.45284543758437,29.547154562415628,1.0
2026-06-01,RK9,UNIVERSITY HOSPITALS PLYMOUTH NHS TRUST,519,450,86.70520231213872,5.98958333333333,21.7653333333333,0,0,0,70.45284543758437,16.25235687455435,41.0
2026-06-01,RYR,UNIVERSITY HOSPITALS SUSSEX NHS FOUNDATION TRUST,1148,700,60.97560975609756,13.75,32.7983333333333,3,0,0,70.45284543758437,-9.47723568148681,100.0
2026-06-01,RBK,WALSALL HEALTHCARE NHS TRUST,896,617,68.86160714285714,11.75,28.645,0,0,0,70.45284543758437,-1.5912382947272334,82.0
2026-06-01,RWG,WEST HERTFORDSHIRE TEACHING HOSPITALS NHS TRUST,1052,749,71.1977186311787,10.8135593220339,30.2133333333333,0,0,0,70.45284543758437,0.74487319359433,76.0
2026-06-01,RGR,WEST SUFFOLK NHS FOUNDATION TRUST,799,724,90.61326658322903,8.20967741935484,18.9233333333333,0,0,0,70.45284543758437,20.160421145644662,30.0
2026-06-01,RKE,WHITTINGTON HEALTH NHS TRUST,293,266,90.78498293515358,6.36666666666667,20.14,0,0,0,70.45284543758437,20.332137497569207,29.0
2026-06-01,RBL,WIRRAL UNIVERSITY TEACHING HOSPITAL NHS FOUNDATION TRUST,1290,636,49.30232558139535,18.3913043478261,51.7090909090909,100,0,0,70.45284543758437,-21.15051985618902,111.0
2026-06-01,RWP,WORCESTERSHIRE ACUTE HOSPITALS NHS TRUST,644,594,92.2360248447205,6.54166666666667,17.81,0,0,0,70.45284543758437,21.78317940713613,24.0
2026-06-01,RRF,"WRIGHTINGTON, WIGAN AND LEIGH TEACHING HOSPITALS NHS FOUNDATION TRUST",903,711,78.7375415282392,9.69736842105263,27.1955555555556,0,0,0,70.45284543758437,8.284696090654833,66.0
2026-06-01,RLQ,WYE VALLEY NHS TRUST,407,340,83.53808353808354,7.20454545454545,21.444,0,0,0,70.45284543758437,13.085238100499168,53.0
2026-06-01,RCB,YORK AND SCARBOROUGH TEACHING HOSPITALS NHS FOUNDATION TRUST,672,556,82.73809523809523,8.35294117647059,22.3533333333333,0,0,0,70.45284543758437,12.285249800510854,55.0
