MSOA21CD,provider_code,provider_name
E02001044,R0A,Manchester University NHS Foundation Trust
E02001045,R0A,Manchester University NHS Foundation Trust
E02001046,R0A,Manchester University NHS Foundation Trust
E02001047,R0A,Manchester University NHS Foundation Trust
E02001048,R0A,Manchester University NHS Foundation Trust
E02001049,R0A,Manchester University NHS Foundation Trust
E02001050,R0A,Manchester University NHS Foundation Trust
E02001051,R0A,Manchester University NHS Foundation Trust
E02001052,R0A,Manchester University NHS Foundation Trust
E02001053,R0A,Manchester University NHS Foundation Trust
E02001055,R0A,Manchester University NHS Foundation Trust
E02001056,R0A,Manchester University NHS Foundation Trust
E02001059,R0A,Manchester University NHS Foundation Trust
E02001061,R0A,Manchester University NHS Foundation Trust
E02001062,R0A,Manchester University NHS Foundation Trust
E02001063,R0A,Manchester University NHS Foundation Trust
E02001064,R0A,Manchester University NHS Foundation Trust
E02001065,R0A,Manchester University NHS Foundation Trust
E02001066,R0A,Manchester University NHS Foundation Trust
E02001067,R0A,Manchester University NHS Foundation Trust
E02001068,R0A,Manchester University NHS Foundation Trust
E02001069,R0A,Manchester University NHS Foundation Trust
E02001070,R0A,Manchester University NHS Foundation Trust
E02001072,R0A,Manchester University NHS Foundation Trust
E02001073,R0A,Manchester University NHS Foundation Trust
E02001074,R0A,Manchester University NHS Foundation Trust
E02001075,R0A,Manchester University NHS Foundation Trust
E02001076,R0A,Manchester University NHS Foundation Trust
E02001077,R0A,Manchester University NHS Foundation Trust
E02001078,R0A,Manchester University NHS Foundation Trust
E02001079,R0A,Manchester University NHS Foundation Trust
E02001080,R0A,Manchester University NHS Foundation Trust
E02001081,R0A,Manchester University NHS Foundation Trust
E02001082,R0A,Manchester University NHS Foundation Trust
E02001083,R0A,Manchester University NHS Foundation Trust
E02001084,R0A,Manchester University NHS Foundation Trust
E02001085,R0A,Manchester University NHS Foundation Trust
E02001086,R0A,Manchester University NHS Foundation Trust
E02001087,R0A,Manchester University NHS Foundation Trust
E02001088,R0A,Manchester University NHS Foundation Trust
E02001089,R0A,Manchester University NHS Foundation Trust
E02001090,R0A,Manchester University NHS Foundation Trust
E02001091,R0A,Manchester University NHS Foundation Trust
E02001092,R0A,Manchester University NHS Foundation Trust
E02001093,R0A,Manchester University NHS Foundation Trust
E02001094,R0A,Manchester University NHS Foundation Trust
E02001095,R0A,Manchester University NHS Foundation Trust
E02001096,R0A,Manchester University NHS Foundation Trust
E02001097,R0A,Manchester University NHS Foundation Trust
E02001211,R0A,Manchester University NHS Foundation Trust
E02001214,R0A,Manchester University NHS Foundation Trust
E02001222,R0A,Manchester University NHS Foundation Trust
E02001226,R0A,Manchester University NHS Foundation Trust
E02001240,R0A,Manchester University NHS Foundation Trust
E02001252,R0A,Manchester University NHS Foundation Trust
E02001259,R0A,Manchester University NHS Foundation Trust
E02001260,R0A,Manchester University NHS Foundation Trust
E02001261,R0A,Manchester University NHS Foundation Trust
E02001262,R0A,Manchester University NHS Foundation Trust
E02001263,R0A,Manchester University NHS Foundation Trust
E02001264,R0A,Manchester University NHS Foundation Trust
E02001265,R0A,Manchester University NHS Foundation Trust
E02001266,R0A,Manchester University NHS Foundation Trust
E02001267,R0A,Manchester University NHS Foundation Trust
E02001268,R0A,Manchester University NHS Foundation Trust
E02001269,R0A,Manchester University NHS Foundation Trust
E02001270,R0A,Manchester University NHS Foundation Trust
E02001271,R0A,Manchester University NHS Foundation Trust
E02001272,R0A,Manchester University NHS Foundation Trust
E02001273,R0A,Manchester University NHS Foundation Trust
E02001274,R0A,Manchester University NHS Foundation Trust
E02001275,R0A,Manchester University NHS Foundation Trust
E02001276,R0A,Manchester University NHS Foundation Trust
E02001277,R0A,Manchester University NHS Foundation Trust
E02001278,R0A,Manchester University NHS Foundation Trust
E02001279,R0A,Manchester University NHS Foundation Trust
E02001280,R0A,Manchester University NHS Foundation Trust
E02001281,R0A,Manchester University NHS Foundation Trust
E02001282,R0A,Manchester University NHS Foundation Trust
E02001283,R0A,Manchester University NHS Foundation Trust
E02001284,R0A,Manchester University NHS Foundation Trust
E02001285,R0A,Manchester University NHS Foundation Trust
E02001286,R0A,Manchester University NHS Foundation Trust
E02003856,R0A,Manchester University NHS Foundation Trust
E02003857,R0A,Manchester University NHS Foundation Trust
E02003859,R0A,Manchester University NHS Foundation Trust
E02006902,R0A,Manchester University NHS Foundation Trust
E02006912,R0A,Manchester University NHS Foundation Trust
E02006913,R0A,Manchester University NHS Foundation Trust
E02006914,R0A,Manchester University NHS Foundation Trust
E02006915,R0A,Manchester University NHS Foundation Trust
E02006916,R0A,Manchester University NHS Foundation Trust
E02006917,R0A,Manchester University NHS Foundation Trust
E02006983,R0A,Manchester University NHS Foundation Trust
E02006984,R0A,Manchester University NHS Foundation Trust
E02006985,R0A,Manchester University NHS Foundation Trust
E02006986,R0A,Manchester University NHS Foundation Trust
E02001768,R0B,South Tyneside and Sunderland NHS Foundation Trust
E02001769,R0B,South Tyneside and Sunderland NHS Foundation Trust
E02001770,R0B,South Tyneside and Sunderland NHS Foundation Trust
E02001771,R0B,South Tyneside and Sunderland NHS Foundation Trust
E02001772,R0B,South Tyneside and Sunderland NHS Foundation Trust
E02001773,R0B,South Tyneside and Sunderland NHS Foundation Trust
E02001774,R0B,South Tyneside and Sunderland NHS Foundation Trust
E02001775,R0B,South Tyneside and Sunderland NHS Foundation Trust
E02001776,R0B,South Tyneside and Sunderland NHS Foundation Trust
E02001777,R0B,South Tyneside and Sunderland NHS Foundation Trust
E02001778,R0B,South Tyneside and Sunderland NHS Foundation Trust
E02001779,R0B,South Tyneside and Sunderland NHS Foundation Trust
E02001780,R0B,South Tyneside and Sunderland NHS Foundation Trust
E02001781,R0B,South Tyneside and Sunderland NHS Foundation Trust
E02001782,R0B,South Tyneside and Sunderland NHS Foundation Trust
E02001783,R0B,South Tyneside and Sunderland NHS Foundation Trust
E02001784,R0B,South Tyneside and Sunderland NHS Foundation Trust
E02001785,R0B,South Tyneside and Sunderland NHS Foundation Trust
E02001786,R0B,South Tyneside and Sunderland NHS Foundation Trust
E02001787,R0B,South Tyneside and Sunderland NHS Foundation Trust
E02001788,R0B,South Tyneside and Sunderland NHS Foundation Trust
E02001789,R0B,South Tyneside and Sunderland NHS Foundation Trust
E02001790,R0B,South Tyneside and Sunderland NHS Foundation Trust
E02001791,R0B,South Tyneside and Sunderland NHS Foundation Trust
E02001792,R0B,South Tyneside and Sunderland NHS Foundation Trust
E02001793,R0B,South Tyneside and Sunderland NHS Foundation Trust
E02001794,R0B,South Tyneside and Sunderland NHS Foundation Trust
E02001795,R0B,South Tyneside and Sunderland NHS Foundation Trust
E02001796,R0B,South Tyneside and Sunderland NHS Foundation Trust
E02001798,R0B,South Tyneside and Sunderland NHS Foundation Trust
E02001799,R0B,South Tyneside and Sunderland NHS Foundation Trust
E02001800,R0B,South Tyneside and Sunderland NHS Foundation Trust
E02001801,R0B,South Tyneside and Sunderland NHS Foundation Trust
E02001802,R0B,South Tyneside and Sunderland NHS Foundation Trust
E02001803,R0B,South Tyneside and Sunderland NHS Foundation Trust
E02001804,R0B,South Tyneside and Sunderland NHS Foundation Trust
E02001805,R0B,South Tyneside and Sunderland NHS Foundation Trust
E02001806,R0B,South Tyneside and Sunderland NHS Foundation Trust
E02001807,R0B,South Tyneside and Sunderland NHS Foundation Trust
E02001808,R0B,South Tyneside and Sunderland NHS Foundation Trust
E02001809,R0B,South Tyneside and Sunderland NHS Foundation Trust
E02001810,R0B,South Tyneside and Sunderland NHS Foundation Trust
E02001811,R0B,South Tyneside and Sunderland NHS Foundation Trust
E02001812,R0B,South Tyneside and Sunderland NHS Foundation Trust
E02001813,R0B,South Tyneside and Sunderland NHS Foundation Trust
E02001814,R0B,South Tyneside and Sunderland NHS Foundation Trust
E02001815,R0B,South Tyneside and Sunderland NHS Foundation Trust
E02001816,R0B,South Tyneside and Sunderland NHS Foundation Trust
E02001817,R0B,South Tyneside and Sunderland NHS Foundation Trust
E02001818,R0B,South Tyneside and Sunderland NHS Foundation Trust
E02001819,R0B,South Tyneside and Sunderland NHS Foundation Trust
E02001820,R0B,South Tyneside and Sunderland NHS Foundation Trust
E02001821,R0B,South Tyneside and Sunderland NHS Foundation Trust
E02001822,R0B,South Tyneside and Sunderland NHS Foundation Trust
E02001823,R0B,South Tyneside and Sunderland NHS Foundation Trust
E02001824,R0B,South Tyneside and Sunderland NHS Foundation Trust
E02001825,R0B,South Tyneside and Sunderland NHS Foundation Trust
E02001826,R0B,South Tyneside and Sunderland NHS Foundation Trust
E02004295,R0B,South Tyneside and Sunderland NHS Foundation Trust
E02004320,R0B,South Tyneside and Sunderland NHS Foundation Trust
E02004321,R0B,South Tyneside and Sunderland NHS Foundation Trust
E02004322,R0B,South Tyneside and Sunderland NHS Foundation Trust
E02004323,R0B,South Tyneside and Sunderland NHS Foundation Trust
E02004324,R0B,South Tyneside and Sunderland NHS Foundation Trust
E02004326,R0B,South Tyneside and Sunderland NHS Foundation Trust
E02003172,R0D,University Hospitals Dorset NHS Foundation Trust
E02003173,R0D,University Hospitals Dorset NHS Foundation Trust
E02003174,R0D,University Hospitals Dorset NHS Foundation Trust
E02003175,R0D,University Hospitals Dorset NHS Foundation Trust
E02003176,R0D,University Hospitals Dorset NHS Foundation Trust
E02003177,R0D,University Hospitals Dorset NHS Foundation Trust
E02003178,R0D,University Hospitals Dorset NHS Foundation Trust
E02003179,R0D,University Hospitals Dorset NHS Foundation Trust
E02003180,R0D,University Hospitals Dorset NHS Foundation Trust
E02003181,R0D,University Hospitals Dorset NHS Foundation Trust
E02003182,R0D,University Hospitals Dorset NHS Foundation Trust
E02003183,R0D,University Hospitals Dorset NHS Foundation Trust
E02003184,R0D,University Hospitals Dorset NHS Foundation Trust
E02003185,R0D,University Hospitals Dorset NHS Foundation Trust
E02003186,R0D,University Hospitals Dorset NHS Foundation Trust
E02003187,R0D,University Hospitals Dorset NHS Foundation Trust
E02003188,R0D,University Hospitals Dorset NHS Foundation Trust
E02003189,R0D,University Hospitals Dorset NHS Foundation Trust
E02003190,R0D,University Hospitals Dorset NHS Foundation Trust
E02003191,R0D,University Hospitals Dorset NHS Foundation Trust
E02003192,R0D,University Hospitals Dorset NHS Foundation Trust
E02003194,R0D,University Hospitals Dorset NHS Foundation Trust
E02003195,R0D,University Hospitals Dorset NHS Foundation Trust
E02003196,R0D,University Hospitals Dorset NHS Foundation Trust
E02003197,R0D,University Hospitals Dorset NHS Foundation Trust
E02003198,R0D,University Hospitals Dorset NHS Foundation Trust
E02003199,R0D,University Hospitals Dorset NHS Foundation Trust
E02003200,R0D,University Hospitals Dorset NHS Foundation Trust
E02003201,R0D,University Hospitals Dorset NHS Foundation Trust
E02003202,R0D,University Hospitals Dorset NHS Foundation Trust
E02003203,R0D,University Hospitals Dorset NHS Foundation Trust
E02003204,R0D,University Hospitals Dorset NHS Foundation Trust
E02003205,R0D,University Hospitals Dorset NHS Foundation Trust
E02003206,R0D,University Hospitals Dorset NHS Foundation Trust
E02003207,R0D,University Hospitals Dorset NHS Foundation Trust
E02003208,R0D,University Hospitals Dorset NHS Foundation Trust
E02003209,R0D,University Hospitals Dorset NHS Foundation Trust
E02003210,R0D,University Hospitals Dorset NHS Foundation Trust
E02003211,R0D,University Hospitals Dorset NHS Foundation Trust
E02004236,R0D,University Hospitals Dorset NHS Foundation Trust
E02004237,R0D,University Hospitals Dorset NHS Foundation Trust
E02004238,R0D,University Hospitals Dorset NHS Foundation Trust
E02004239,R0D,University Hospitals Dorset NHS Foundation Trust
E02004240,R0D,University Hospitals Dorset NHS Foundation Trust
E02004241,R0D,University Hospitals Dorset NHS Foundation Trust
E02004242,R0D,University Hospitals Dorset NHS Foundation Trust
E02004244,R0D,University Hospitals Dorset NHS Foundation Trust
E02004245,R0D,University Hospitals Dorset NHS Foundation Trust
E02004246,R0D,University Hospitals Dorset NHS Foundation Trust
E02004247,R0D,University Hospitals Dorset NHS Foundation Trust
E02004248,R0D,University Hospitals Dorset NHS Foundation Trust
E02004249,R0D,University Hospitals Dorset NHS Foundation Trust
E02004250,R0D,University Hospitals Dorset NHS Foundation Trust
E02004251,R0D,University Hospitals Dorset NHS Foundation Trust
E02004252,R0D,University Hospitals Dorset NHS Foundation Trust
E02004253,R0D,University Hospitals Dorset NHS Foundation Trust
E02004254,R0D,University Hospitals Dorset NHS Foundation Trust
E02004263,R0D,University Hospitals Dorset NHS Foundation Trust
E02004264,R0D,University Hospitals Dorset NHS Foundation Trust
E02004265,R0D,University Hospitals Dorset NHS Foundation Trust
E02004267,R0D,University Hospitals Dorset NHS Foundation Trust
E02004268,R0D,University Hospitals Dorset NHS Foundation Trust
E02004788,R0D,University Hospitals Dorset NHS Foundation Trust
E02004790,R0D,University Hospitals Dorset NHS Foundation Trust
E02004794,R0D,University Hospitals Dorset NHS Foundation Trust
E02004800,R0D,University Hospitals Dorset NHS Foundation Trust
E02006883,R0D,University Hospitals Dorset NHS Foundation Trust
E02006885,R0D,University Hospitals Dorset NHS Foundation Trust
E02003581,R1F,Isle of Wight NHS Trust
E02003582,R1F,Isle of Wight NHS Trust
E02003583,R1F,Isle of Wight NHS Trust
E02003584,R1F,Isle of Wight NHS Trust
E02003585,R1F,Isle of Wight NHS Trust
E02003586,R1F,Isle of Wight NHS Trust
E02003587,R1F,Isle of Wight NHS Trust
E02003588,R1F,Isle of Wight NHS Trust
E02003589,R1F,Isle of Wight NHS Trust
E02003590,R1F,Isle of Wight NHS Trust
E02003591,R1F,Isle of Wight NHS Trust
E02003592,R1F,Isle of Wight NHS Trust
E02003593,R1F,Isle of Wight NHS Trust
E02003594,R1F,Isle of Wight NHS Trust
E02003595,R1F,Isle of Wight NHS Trust
E02003596,R1F,Isle of Wight NHS Trust
E02003597,R1F,Isle of Wight NHS Trust
E02003598,R1F,Isle of Wight NHS Trust
E02000714,R1H,Barts Health NHS Trust
E02000715,R1H,Barts Health NHS Trust
E02000716,R1H,Barts Health NHS Trust
E02000717,R1H,Barts Health NHS Trust
E02000718,R1H,Barts Health NHS Trust
E02000719,R1H,Barts Health NHS Trust
E02000720,R1H,Barts Health NHS Trust
E02000721,R1H,Barts Health NHS Trust
E02000722,R1H,Barts Health NHS Trust
E02000723,R1H,Barts Health NHS Trust
E02000724,R1H,Barts Health NHS Trust
E02000725,R1H,Barts Health NHS Trust
E02000727,R1H,Barts Health NHS Trust
E02000728,R1H,Barts Health NHS Trust
E02000729,R1H,Barts Health NHS Trust
E02000730,R1H,Barts Health NHS Trust
E02000731,R1H,Barts Health NHS Trust
E02000732,R1H,Barts Health NHS Trust
E02000733,R1H,Barts Health NHS Trust
E02000734,R1H,Barts Health NHS Trust
E02000735,R1H,Barts Health NHS Trust
E02000736,R1H,Barts Health NHS Trust
E02000737,R1H,Barts Health NHS Trust
E02000738,R1H,Barts Health NHS Trust
E02000739,R1H,Barts Health NHS Trust
E02000740,R1H,Barts Health NHS Trust
E02000741,R1H,Barts Health NHS Trust
E02000742,R1H,Barts Health NHS Trust
E02000743,R1H,Barts Health NHS Trust
E02000744,R1H,Barts Health NHS Trust
E02000745,R1H,Barts Health NHS Trust
E02000746,R1H,Barts Health NHS Trust
E02000747,R1H,Barts Health NHS Trust
E02000748,R1H,Barts Health NHS Trust
E02000749,R1H,Barts Health NHS Trust
E02000751,R1H,Barts Health NHS Trust
E02000754,R1H,Barts Health NHS Trust
E02000755,R1H,Barts Health NHS Trust
E02000757,R1H,Barts Health NHS Trust
E02000759,R1H,Barts Health NHS Trust
E02000764,R1H,Barts Health NHS Trust
E02000768,R1H,Barts Health NHS Trust
E02000777,R1H,Barts Health NHS Trust
E02000864,R1H,Barts Health NHS Trust
E02000865,R1H,Barts Health NHS Trust
E02000866,R1H,Barts Health NHS Trust
E02000867,R1H,Barts Health NHS Trust
E02000868,R1H,Barts Health NHS Trust
E02000869,R1H,Barts Health NHS Trust
E02000870,R1H,Barts Health NHS Trust
E02000871,R1H,Barts Health NHS Trust
E02000872,R1H,Barts Health NHS Trust
E02000873,R1H,Barts Health NHS Trust
E02000874,R1H,Barts Health NHS Trust
E02000875,R1H,Barts Health NHS Trust
E02000876,R1H,Barts Health NHS Trust
E02000877,R1H,Barts Health NHS Trust
E02000878,R1H,Barts Health NHS Trust
E02000879,R1H,Barts Health NHS Trust
E02000880,R1H,Barts Health NHS Trust
E02000881,R1H,Barts Health NHS Trust
E02000882,R1H,Barts Health NHS Trust
E02000883,R1H,Barts Health NHS Trust
E02000884,R1H,Barts Health NHS Trust
E02000885,R1H,Barts Health NHS Trust
E02000886,R1H,Barts Health NHS Trust
E02000887,R1H,Barts Health NHS Trust
E02000888,R1H,Barts Health NHS Trust
E02000889,R1H,Barts Health NHS Trust
E02000890,R1H,Barts Health NHS Trust
E02000893,R1H,Barts Health NHS Trust
E02000894,R1H,Barts Health NHS Trust
E02000895,R1H,Barts Health NHS Trust
E02000896,R1H,Barts Health NHS Trust
E02000897,R1H,Barts Health NHS Trust
E02000898,R1H,Barts Health NHS Trust
E02000899,R1H,Barts Health NHS Trust
E02000900,R1H,Barts Health NHS Trust
E02000901,R1H,Barts Health NHS Trust
E02000902,R1H,Barts Health NHS Trust
E02000903,R1H,Barts Health NHS Trust
E02000904,R1H,Barts Health NHS Trust
E02000905,R1H,Barts Health NHS Trust
E02000906,R1H,Barts Health NHS Trust
E02000907,R1H,Barts Health NHS Trust
E02000908,R1H,Barts Health NHS Trust
E02000909,R1H,Barts Health NHS Trust
E02000910,R1H,Barts Health NHS Trust
E02000911,R1H,Barts Health NHS Trust
E02000912,R1H,Barts Health NHS Trust
E02000913,R1H,Barts Health NHS Trust
E02000914,R1H,Barts Health NHS Trust
E02000915,R1H,Barts Health NHS Trust
E02000916,R1H,Barts Health NHS Trust
E02000917,R1H,Barts Health NHS Trust
E02000918,R1H,Barts Health NHS Trust
E02000919,R1H,Barts Health NHS Trust
E02000920,R1H,Barts Health NHS Trust
E02000921,R1H,Barts Health NHS Trust
E02000922,R1H,Barts Health NHS Trust
E02004540,R1H,Barts Health NHS Trust
E02004541,R1H,Barts Health NHS Trust
E02006853,R1H,Barts Health NHS Trust
E02006854,R1H,Barts Health NHS Trust
E02006995,R1H,Barts Health NHS Trust
E02006996,R1H,Barts Health NHS Trust
E02006997,R1H,Barts Health NHS Trust
E02006998,R1H,Barts Health NHS Trust
E02006999,R1H,Barts Health NHS Trust
E02007112,R1H,Barts Health NHS Trust
E02007113,R1H,Barts Health NHS Trust
E02007114,R1H,Barts Health NHS Trust
E02000093,R1K,London North West University Healthcare NHS Trust
E02000094,R1K,London North West University Healthcare NHS Trust
E02000095,R1K,London North West University Healthcare NHS Trust
E02000096,R1K,London North West University Healthcare NHS Trust
E02000097,R1K,London North West University Healthcare NHS Trust
E02000098,R1K,London North West University Healthcare NHS Trust
E02000099,R1K,London North West University Healthcare NHS Trust
E02000100,R1K,London North West University Healthcare NHS Trust
E02000101,R1K,London North West University Healthcare NHS Trust
E02000102,R1K,London North West University Healthcare NHS Trust
E02000103,R1K,London North West University Healthcare NHS Trust
E02000104,R1K,London North West University Healthcare NHS Trust
E02000105,R1K,London North West University Healthcare NHS Trust
E02000106,R1K,London North West University Healthcare NHS Trust
E02000108,R1K,London North West University Healthcare NHS Trust
E02000111,R1K,London North West University Healthcare NHS Trust
E02000112,R1K,London North West University Healthcare NHS Trust
E02000113,R1K,London North West University Healthcare NHS Trust
E02000117,R1K,London North West University Healthcare NHS Trust
E02000118,R1K,London North West University Healthcare NHS Trust
E02000119,R1K,London North West University Healthcare NHS Trust
E02000121,R1K,London North West University Healthcare NHS Trust
E02000238,R1K,London North West University Healthcare NHS Trust
E02000239,R1K,London North West University Healthcare NHS Trust
E02000240,R1K,London North West University Healthcare NHS Trust
E02000241,R1K,London North West University Healthcare NHS Trust
E02000242,R1K,London North West University Healthcare NHS Trust
E02000243,R1K,London North West University Healthcare NHS Trust
E02000244,R1K,London North West University Healthcare NHS Trust
E02000245,R1K,London North West University Healthcare NHS Trust
E02000246,R1K,London North West University Healthcare NHS Trust
E02000247,R1K,London North West University Healthcare NHS Trust
E02000248,R1K,London North West University Healthcare NHS Trust
E02000249,R1K,London North West University Healthcare NHS Trust
E02000251,R1K,London North West University Healthcare NHS Trust
E02000253,R1K,London North West University Healthcare NHS Trust
E02000254,R1K,London North West University Healthcare NHS Trust
E02000255,R1K,London North West University Healthcare NHS Trust
E02000259,R1K,London North West University Healthcare NHS Trust
E02000260,R1K,London North West University Healthcare NHS Trust
E02000263,R1K,London North West University Healthcare NHS Trust
E02000265,R1K,London North West University Healthcare NHS Trust
E02000266,R1K,London North West University Healthcare NHS Trust
E02000267,R1K,London North West University Healthcare NHS Trust
E02000272,R1K,London North West University Healthcare NHS Trust
E02000275,R1K,London North West University Healthcare NHS Trust
E02000433,R1K,London North West University Healthcare NHS Trust
E02000434,R1K,London North West University Healthcare NHS Trust
E02000435,R1K,London North West University Healthcare NHS Trust
E02000436,R1K,London North West University Healthcare NHS Trust
E02000437,R1K,London North West University Healthcare NHS Trust
E02000438,R1K,London North West University Healthcare NHS Trust
E02000439,R1K,London North West University Healthcare NHS Trust
E02000440,R1K,London North West University Healthcare NHS Trust
E02000441,R1K,London North West University Healthcare NHS Trust
E02000442,R1K,London North West University Healthcare NHS Trust
E02000443,R1K,London North West University Healthcare NHS Trust
E02000444,R1K,London North West University Healthcare NHS Trust
E02000445,R1K,London North West University Healthcare NHS Trust
E02000447,R1K,London North West University Healthcare NHS Trust
E02000448,R1K,London North West University Healthcare NHS Trust
E02000449,R1K,London North West University Healthcare NHS Trust
E02000451,R1K,London North West University Healthcare NHS Trust
E02000452,R1K,London North West University Healthcare NHS Trust
E02000453,R1K,London North West University Healthcare NHS Trust
E02000454,R1K,London North West University Healthcare NHS Trust
E02000455,R1K,London North West University Healthcare NHS Trust
E02000456,R1K,London North West University Healthcare NHS Trust
E02000457,R1K,London North West University Healthcare NHS Trust
E02000459,R1K,London North West University Healthcare NHS Trust
E02000460,R1K,London North West University Healthcare NHS Trust
E02000461,R1K,London North West University Healthcare NHS Trust
E02000462,R1K,London North West University Healthcare NHS Trust
E02000463,R1K,London North West University Healthcare NHS Trust
E02006795,R1K,London North West University Healthcare NHS Trust
E02006882,R1K,London North West University Healthcare NHS Trust
E02006955,R1K,London North West University Healthcare NHS Trust
E02006956,R1K,London North West University Healthcare NHS Trust
E02006970,R1K,London North West University Healthcare NHS Trust
E02006971,R1K,London North West University Healthcare NHS Trust
E02004700,RA2,Royal Surrey County Hospital NHS Foundation Trust
E02004702,RA2,Royal Surrey County Hospital NHS Foundation Trust
E02004704,RA2,Royal Surrey County Hospital NHS Foundation Trust
E02004705,RA2,Royal Surrey County Hospital NHS Foundation Trust
E02006344,RA2,Royal Surrey County Hospital NHS Foundation Trust
E02006345,RA2,Royal Surrey County Hospital NHS Foundation Trust
E02006346,RA2,Royal Surrey County Hospital NHS Foundation Trust
E02006348,RA2,Royal Surrey County Hospital NHS Foundation Trust
E02006349,RA2,Royal Surrey County Hospital NHS Foundation Trust
E02006350,RA2,Royal Surrey County Hospital NHS Foundation Trust
E02006351,RA2,Royal Surrey County Hospital NHS Foundation Trust
E02006352,RA2,Royal Surrey County Hospital NHS Foundation Trust
E02006354,RA2,Royal Surrey County Hospital NHS Foundation Trust
E02006355,RA2,Royal Surrey County Hospital NHS Foundation Trust
E02006356,RA2,Royal Surrey County Hospital NHS Foundation Trust
E02006358,RA2,Royal Surrey County Hospital NHS Foundation Trust
E02006359,RA2,Royal Surrey County Hospital NHS Foundation Trust
E02006360,RA2,Royal Surrey County Hospital NHS Foundation Trust
E02006361,RA2,Royal Surrey County Hospital NHS Foundation Trust
E02006443,RA2,Royal Surrey County Hospital NHS Foundation Trust
E02006445,RA2,Royal Surrey County Hospital NHS Foundation Trust
E02006446,RA2,Royal Surrey County Hospital NHS Foundation Trust
E02006448,RA2,Royal Surrey County Hospital NHS Foundation Trust
E02006449,RA2,Royal Surrey County Hospital NHS Foundation Trust
E02006450,RA2,Royal Surrey County Hospital NHS Foundation Trust
E02006451,RA2,Royal Surrey County Hospital NHS Foundation Trust
E02006453,RA2,Royal Surrey County Hospital NHS Foundation Trust
E02006454,RA2,Royal Surrey County Hospital NHS Foundation Trust
E02006455,RA2,Royal Surrey County Hospital NHS Foundation Trust
E02006561,RA2,Royal Surrey County Hospital NHS Foundation Trust
E02006562,RA2,Royal Surrey County Hospital NHS Foundation Trust
E02006592,RA2,Royal Surrey County Hospital NHS Foundation Trust
E02006838,RA2,Royal Surrey County Hospital NHS Foundation Trust
E02006839,RA2,Royal Surrey County Hospital NHS Foundation Trust
E02003031,RA7,University Hospitals Bristol and Weston NHS Foundation Trust
E02003033,RA7,University Hospitals Bristol and Weston NHS Foundation Trust
E02003036,RA7,University Hospitals Bristol and Weston NHS Foundation Trust
E02003037,RA7,University Hospitals Bristol and Weston NHS Foundation Trust
E02003040,RA7,University Hospitals Bristol and Weston NHS Foundation Trust
E02003041,RA7,University Hospitals Bristol and Weston NHS Foundation Trust
E02003045,RA7,University Hospitals Bristol and Weston NHS Foundation Trust
E02003046,RA7,University Hospitals Bristol and Weston NHS Foundation Trust
E02003047,RA7,University Hospitals Bristol and Weston NHS Foundation Trust
E02003048,RA7,University Hospitals Bristol and Weston NHS Foundation Trust
E02003049,RA7,University Hospitals Bristol and Weston NHS Foundation Trust
E02003050,RA7,University Hospitals Bristol and Weston NHS Foundation Trust
E02003051,RA7,University Hospitals Bristol and Weston NHS Foundation Trust
E02003052,RA7,University Hospitals Bristol and Weston NHS Foundation Trust
E02003053,RA7,University Hospitals Bristol and Weston NHS Foundation Trust
E02003054,RA7,University Hospitals Bristol and Weston NHS Foundation Trust
E02003055,RA7,University Hospitals Bristol and Weston NHS Foundation Trust
E02003056,RA7,University Hospitals Bristol and Weston NHS Foundation Trust
E02003057,RA7,University Hospitals Bristol and Weston NHS Foundation Trust
E02003058,RA7,University Hospitals Bristol and Weston NHS Foundation Trust
E02003059,RA7,University Hospitals Bristol and Weston NHS Foundation Trust
E02003060,RA7,University Hospitals Bristol and Weston NHS Foundation Trust
E02003061,RA7,University Hospitals Bristol and Weston NHS Foundation Trust
E02003062,RA7,University Hospitals Bristol and Weston NHS Foundation Trust
E02003063,RA7,University Hospitals Bristol and Weston NHS Foundation Trust
E02003064,RA7,University Hospitals Bristol and Weston NHS Foundation Trust
E02003069,RA7,University Hospitals Bristol and Weston NHS Foundation Trust
E02003070,RA7,University Hospitals Bristol and Weston NHS Foundation Trust
E02003071,RA7,University Hospitals Bristol and Weston NHS Foundation Trust
E02003072,RA7,University Hospitals Bristol and Weston NHS Foundation Trust
E02003073,RA7,University Hospitals Bristol and Weston NHS Foundation Trust
E02003074,RA7,University Hospitals Bristol and Weston NHS Foundation Trust
E02003075,RA7,University Hospitals Bristol and Weston NHS Foundation Trust
E02003076,RA7,University Hospitals Bristol and Weston NHS Foundation Trust
E02003077,RA7,University Hospitals Bristol and Weston NHS Foundation Trust
E02003078,RA7,University Hospitals Bristol and Weston NHS Foundation Trust
E02003079,RA7,University Hospitals Bristol and Weston NHS Foundation Trust
E02003080,RA7,University Hospitals Bristol and Weston NHS Foundation Trust
E02003081,RA7,University Hospitals Bristol and Weston NHS Foundation Trust
E02003082,RA7,University Hospitals Bristol and Weston NHS Foundation Trust
E02003084,RA7,University Hospitals Bristol and Weston NHS Foundation Trust
E02003085,RA7,University Hospitals Bristol and Weston NHS Foundation Trust
E02003086,RA7,University Hospitals Bristol and Weston NHS Foundation Trust
E02003087,RA7,University Hospitals Bristol and Weston NHS Foundation Trust
E02003088,RA7,University Hospitals Bristol and Weston NHS Foundation Trust
E02003089,RA7,University Hospitals Bristol and Weston NHS Foundation Trust
E02006061,RA7,University Hospitals Bristol and Weston NHS Foundation Trust
E02006845,RA7,University Hospitals Bristol and Weston NHS Foundation Trust
E02006846,RA7,University Hospitals Bristol and Weston NHS Foundation Trust
E02006887,RA7,University Hospitals Bristol and Weston NHS Foundation Trust
E02006888,RA7,University Hospitals Bristol and Weston NHS Foundation Trust
E02006889,RA7,University Hospitals Bristol and Weston NHS Foundation Trust
E02006890,RA7,University Hospitals Bristol and Weston NHS Foundation Trust
E02006949,RA7,University Hospitals Bristol and Weston NHS Foundation Trust
E02006950,RA7,University Hospitals Bristol and Weston NHS Foundation Trust
E02006951,RA7,University Hospitals Bristol and Weston NHS Foundation Trust
E02006952,RA7,University Hospitals Bristol and Weston NHS Foundation Trust
E02003154,RA9,Torbay and South Devon NHS Foundation Trust
E02003155,RA9,Torbay and South Devon NHS Foundation Trust
E02003156,RA9,Torbay and South Devon NHS Foundation Trust
E02003157,RA9,Torbay and South Devon NHS Foundation Trust
E02003158,RA9,Torbay and South Devon NHS Foundation Trust
E02003159,RA9,Torbay and South Devon NHS Foundation Trust
E02003161,RA9,Torbay and South Devon NHS Foundation Trust
E02003163,RA9,Torbay and South Devon NHS Foundation Trust
E02003164,RA9,Torbay and South Devon NHS Foundation Trust
E02003165,RA9,Torbay and South Devon NHS Foundation Trust
E02003166,RA9,Torbay and South Devon NHS Foundation Trust
E02003167,RA9,Torbay and South Devon NHS Foundation Trust
E02003168,RA9,Torbay and South Devon NHS Foundation Trust
E02003169,RA9,Torbay and South Devon NHS Foundation Trust
E02003170,RA9,Torbay and South Devon NHS Foundation Trust
E02003171,RA9,Torbay and South Devon NHS Foundation Trust
E02004191,RA9,Torbay and South Devon NHS Foundation Trust
E02004192,RA9,Torbay and South Devon NHS Foundation Trust
E02004194,RA9,Torbay and South Devon NHS Foundation Trust
E02004195,RA9,Torbay and South Devon NHS Foundation Trust
E02004199,RA9,Torbay and South Devon NHS Foundation Trust
E02004204,RA9,Torbay and South Devon NHS Foundation Trust
E02004206,RA9,Torbay and South Devon NHS Foundation Trust
E02004207,RA9,Torbay and South Devon NHS Foundation Trust
E02004208,RA9,Torbay and South Devon NHS Foundation Trust
E02004209,RA9,Torbay and South Devon NHS Foundation Trust
E02004210,RA9,Torbay and South Devon NHS Foundation Trust
E02004211,RA9,Torbay and South Devon NHS Foundation Trust
E02004212,RA9,Torbay and South Devon NHS Foundation Trust
E02004213,RA9,Torbay and South Devon NHS Foundation Trust
E02004214,RA9,Torbay and South Devon NHS Foundation Trust
E02004215,RA9,Torbay and South Devon NHS Foundation Trust
E02004216,RA9,Torbay and South Devon NHS Foundation Trust
E02004217,RA9,Torbay and South Devon NHS Foundation Trust
E02004218,RA9,Torbay and South Devon NHS Foundation Trust
E02004219,RA9,Torbay and South Devon NHS Foundation Trust
E02006840,RA9,Torbay and South Devon NHS Foundation Trust
E02002195,RAE,Bradford Teaching Hospitals NHS Foundation Trust
E02002198,RAE,Bradford Teaching Hospitals NHS Foundation Trust
E02002199,RAE,Bradford Teaching Hospitals NHS Foundation Trust
E02002200,RAE,Bradford Teaching Hospitals NHS Foundation Trust
E02002201,RAE,Bradford Teaching Hospitals NHS Foundation Trust
E02002202,RAE,Bradford Teaching Hospitals NHS Foundation Trust
E02002203,RAE,Bradford Teaching Hospitals NHS Foundation Trust
E02002204,RAE,Bradford Teaching Hospitals NHS Foundation Trust
E02002206,RAE,Bradford Teaching Hospitals NHS Foundation Trust
E02002207,RAE,Bradford Teaching Hospitals NHS Foundation Trust
E02002208,RAE,Bradford Teaching Hospitals NHS Foundation Trust
E02002209,RAE,Bradford Teaching Hospitals NHS Foundation Trust
E02002210,RAE,Bradford Teaching Hospitals NHS Foundation Trust
E02002211,RAE,Bradford Teaching Hospitals NHS Foundation Trust
E02002212,RAE,Bradford Teaching Hospitals NHS Foundation Trust
E02002213,RAE,Bradford Teaching Hospitals NHS Foundation Trust
E02002214,RAE,Bradford Teaching Hospitals NHS Foundation Trust
E02002215,RAE,Bradford Teaching Hospitals NHS Foundation Trust
E02002216,RAE,Bradford Teaching Hospitals NHS Foundation Trust
E02002217,RAE,Bradford Teaching Hospitals NHS Foundation Trust
E02002218,RAE,Bradford Teaching Hospitals NHS Foundation Trust
E02002219,RAE,Bradford Teaching Hospitals NHS Foundation Trust
E02002220,RAE,Bradford Teaching Hospitals NHS Foundation Trust
E02002222,RAE,Bradford Teaching Hospitals NHS Foundation Trust
E02002223,RAE,Bradford Teaching Hospitals NHS Foundation Trust
E02002224,RAE,Bradford Teaching Hospitals NHS Foundation Trust
E02002225,RAE,Bradford Teaching Hospitals NHS Foundation Trust
E02002226,RAE,Bradford Teaching Hospitals NHS Foundation Trust
E02002227,RAE,Bradford Teaching Hospitals NHS Foundation Trust
E02002228,RAE,Bradford Teaching Hospitals NHS Foundation Trust
E02002229,RAE,Bradford Teaching Hospitals NHS Foundation Trust
E02002230,RAE,Bradford Teaching Hospitals NHS Foundation Trust
E02002231,RAE,Bradford Teaching Hospitals NHS Foundation Trust
E02002232,RAE,Bradford Teaching Hospitals NHS Foundation Trust
E02002233,RAE,Bradford Teaching Hospitals NHS Foundation Trust
E02002234,RAE,Bradford Teaching Hospitals NHS Foundation Trust
E02002235,RAE,Bradford Teaching Hospitals NHS Foundation Trust
E02002236,RAE,Bradford Teaching Hospitals NHS Foundation Trust
E02002237,RAE,Bradford Teaching Hospitals NHS Foundation Trust
E02002238,RAE,Bradford Teaching Hospitals NHS Foundation Trust
E02002239,RAE,Bradford Teaching Hospitals NHS Foundation Trust
E02002240,RAE,Bradford Teaching Hospitals NHS Foundation Trust
E02002241,RAE,Bradford Teaching Hospitals NHS Foundation Trust
E02002242,RAE,Bradford Teaching Hospitals NHS Foundation Trust
E02002243,RAE,Bradford Teaching Hospitals NHS Foundation Trust
E02006947,RAE,Bradford Teaching Hospitals NHS Foundation Trust
E02006948,RAE,Bradford Teaching Hospitals NHS Foundation Trust
E02003279,RAJ,Mid and South Essex NHS Foundation Trust
E02003280,RAJ,Mid and South Essex NHS Foundation Trust
E02003281,RAJ,Mid and South Essex NHS Foundation Trust
E02003282,RAJ,Mid and South Essex NHS Foundation Trust
E02003283,RAJ,Mid and South Essex NHS Foundation Trust
E02003284,RAJ,Mid and South Essex NHS Foundation Trust
E02003285,RAJ,Mid and South Essex NHS Foundation Trust
E02003286,RAJ,Mid and South Essex NHS Foundation Trust
E02003287,RAJ,Mid and South Essex NHS Foundation Trust
E02003288,RAJ,Mid and South Essex NHS Foundation Trust
E02003289,RAJ,Mid and South Essex NHS Foundation Trust
E02003290,RAJ,Mid and South Essex NHS Foundation Trust
E02003291,RAJ,Mid and South Essex NHS Foundation Trust
E02003292,RAJ,Mid and South Essex NHS Foundation Trust
E02003293,RAJ,Mid and South Essex NHS Foundation Trust
E02003294,RAJ,Mid and South Essex NHS Foundation Trust
E02003295,RAJ,Mid and South Essex NHS Foundation Trust
E02003296,RAJ,Mid and South Essex NHS Foundation Trust
E02003297,RAJ,Mid and South Essex NHS Foundation Trust
E02003298,RAJ,Mid and South Essex NHS Foundation Trust
E02003299,RAJ,Mid and South Essex NHS Foundation Trust
E02003300,RAJ,Mid and South Essex NHS Foundation Trust
E02003301,RAJ,Mid and South Essex NHS Foundation Trust
E02003302,RAJ,Mid and South Essex NHS Foundation Trust
E02003303,RAJ,Mid and South Essex NHS Foundation Trust
E02003304,RAJ,Mid and South Essex NHS Foundation Trust
E02003305,RAJ,Mid and South Essex NHS Foundation Trust
E02003307,RAJ,Mid and South Essex NHS Foundation Trust
E02003308,RAJ,Mid and South Essex NHS Foundation Trust
E02003309,RAJ,Mid and South Essex NHS Foundation Trust
E02003311,RAJ,Mid and South Essex NHS Foundation Trust
E02003312,RAJ,Mid and South Essex NHS Foundation Trust
E02003313,RAJ,Mid and South Essex NHS Foundation Trust
E02004424,RAJ,Mid and South Essex NHS Foundation Trust
E02004425,RAJ,Mid and South Essex NHS Foundation Trust
E02004426,RAJ,Mid and South Essex NHS Foundation Trust
E02004427,RAJ,Mid and South Essex NHS Foundation Trust
E02004428,RAJ,Mid and South Essex NHS Foundation Trust
E02004429,RAJ,Mid and South Essex NHS Foundation Trust
E02004430,RAJ,Mid and South Essex NHS Foundation Trust
E02004431,RAJ,Mid and South Essex NHS Foundation Trust
E02004432,RAJ,Mid and South Essex NHS Foundation Trust
E02004433,RAJ,Mid and South Essex NHS Foundation Trust
E02004434,RAJ,Mid and South Essex NHS Foundation Trust
E02004435,RAJ,Mid and South Essex NHS Foundation Trust
E02004436,RAJ,Mid and South Essex NHS Foundation Trust
E02004437,RAJ,Mid and South Essex NHS Foundation Trust
E02004438,RAJ,Mid and South Essex NHS Foundation Trust
E02004439,RAJ,Mid and South Essex NHS Foundation Trust
E02004440,RAJ,Mid and South Essex NHS Foundation Trust
E02004441,RAJ,Mid and South Essex NHS Foundation Trust
E02004442,RAJ,Mid and South Essex NHS Foundation Trust
E02004443,RAJ,Mid and South Essex NHS Foundation Trust
E02004444,RAJ,Mid and South Essex NHS Foundation Trust
E02004445,RAJ,Mid and South Essex NHS Foundation Trust
E02004448,RAJ,Mid and South Essex NHS Foundation Trust
E02004450,RAJ,Mid and South Essex NHS Foundation Trust
E02004452,RAJ,Mid and South Essex NHS Foundation Trust
E02004453,RAJ,Mid and South Essex NHS Foundation Trust
E02004454,RAJ,Mid and South Essex NHS Foundation Trust
E02004455,RAJ,Mid and South Essex NHS Foundation Trust
E02004456,RAJ,Mid and South Essex NHS Foundation Trust
E02004457,RAJ,Mid and South Essex NHS Foundation Trust
E02004458,RAJ,Mid and South Essex NHS Foundation Trust
E02004460,RAJ,Mid and South Essex NHS Foundation Trust
E02004461,RAJ,Mid and South Essex NHS Foundation Trust
E02004462,RAJ,Mid and South Essex NHS Foundation Trust
E02004463,RAJ,Mid and South Essex NHS Foundation Trust
E02004464,RAJ,Mid and South Essex NHS Foundation Trust
E02004465,RAJ,Mid and South Essex NHS Foundation Trust
E02004466,RAJ,Mid and South Essex NHS Foundation Trust
E02004467,RAJ,Mid and South Essex NHS Foundation Trust
E02004468,RAJ,Mid and South Essex NHS Foundation Trust
E02004469,RAJ,Mid and South Essex NHS Foundation Trust
E02004470,RAJ,Mid and South Essex NHS Foundation Trust
E02004471,RAJ,Mid and South Essex NHS Foundation Trust
E02004472,RAJ,Mid and South Essex NHS Foundation Trust
E02004473,RAJ,Mid and South Essex NHS Foundation Trust
E02004474,RAJ,Mid and South Essex NHS Foundation Trust
E02004475,RAJ,Mid and South Essex NHS Foundation Trust
E02004476,RAJ,Mid and South Essex NHS Foundation Trust
E02004477,RAJ,Mid and South Essex NHS Foundation Trust
E02004478,RAJ,Mid and South Essex NHS Foundation Trust
E02004479,RAJ,Mid and South Essex NHS Foundation Trust
E02004480,RAJ,Mid and South Essex NHS Foundation Trust
E02004481,RAJ,Mid and South Essex NHS Foundation Trust
E02004482,RAJ,Mid and South Essex NHS Foundation Trust
E02004483,RAJ,Mid and South Essex NHS Foundation Trust
E02004484,RAJ,Mid and South Essex NHS Foundation Trust
E02004485,RAJ,Mid and South Essex NHS Foundation Trust
E02004486,RAJ,Mid and South Essex NHS Foundation Trust
E02004487,RAJ,Mid and South Essex NHS Foundation Trust
E02004488,RAJ,Mid and South Essex NHS Foundation Trust
E02004489,RAJ,Mid and South Essex NHS Foundation Trust
E02004490,RAJ,Mid and South Essex NHS Foundation Trust
E02004491,RAJ,Mid and South Essex NHS Foundation Trust
E02004492,RAJ,Mid and South Essex NHS Foundation Trust
E02004493,RAJ,Mid and South Essex NHS Foundation Trust
E02004495,RAJ,Mid and South Essex NHS Foundation Trust
E02004496,RAJ,Mid and South Essex NHS Foundation Trust
E02004497,RAJ,Mid and South Essex NHS Foundation Trust
E02004498,RAJ,Mid and South Essex NHS Foundation Trust
E02004499,RAJ,Mid and South Essex NHS Foundation Trust
E02004500,RAJ,Mid and South Essex NHS Foundation Trust
E02004501,RAJ,Mid and South Essex NHS Foundation Trust
E02004502,RAJ,Mid and South Essex NHS Foundation Trust
E02004503,RAJ,Mid and South Essex NHS Foundation Trust
E02004504,RAJ,Mid and South Essex NHS Foundation Trust
E02004505,RAJ,Mid and South Essex NHS Foundation Trust
E02004556,RAJ,Mid and South Essex NHS Foundation Trust
E02004557,RAJ,Mid and South Essex NHS Foundation Trust
E02004558,RAJ,Mid and South Essex NHS Foundation Trust
E02004559,RAJ,Mid and South Essex NHS Foundation Trust
E02004560,RAJ,Mid and South Essex NHS Foundation Trust
E02004561,RAJ,Mid and South Essex NHS Foundation Trust
E02004562,RAJ,Mid and South Essex NHS Foundation Trust
E02004563,RAJ,Mid and South Essex NHS Foundation Trust
E02004564,RAJ,Mid and South Essex NHS Foundation Trust
E02004566,RAJ,Mid and South Essex NHS Foundation Trust
E02004567,RAJ,Mid and South Essex NHS Foundation Trust
E02004568,RAJ,Mid and South Essex NHS Foundation Trust
E02004569,RAJ,Mid and South Essex NHS Foundation Trust
E02004570,RAJ,Mid and South Essex NHS Foundation Trust
E02004571,RAJ,Mid and South Essex NHS Foundation Trust
E02004572,RAJ,Mid and South Essex NHS Foundation Trust
E02004597,RAJ,Mid and South Essex NHS Foundation Trust
E02004598,RAJ,Mid and South Essex NHS Foundation Trust
E02006859,RAJ,Mid and South Essex NHS Foundation Trust
E02006926,RAJ,Mid and South Essex NHS Foundation Trust
E02006978,RAJ,Mid and South Essex NHS Foundation Trust
E02006979,RAJ,Mid and South Essex NHS Foundation Trust
E02006980,RAJ,Mid and South Essex NHS Foundation Trust
E02006981,RAJ,Mid and South Essex NHS Foundation Trust
E02007004,RAJ,Mid and South Essex NHS Foundation Trust
E02007005,RAJ,Mid and South Essex NHS Foundation Trust
E02000024,RAL,Royal Free London NHS Foundation Trust
E02000025,RAL,Royal Free London NHS Foundation Trust
E02000026,RAL,Royal Free London NHS Foundation Trust
E02000027,RAL,Royal Free London NHS Foundation Trust
E02000028,RAL,Royal Free London NHS Foundation Trust
E02000029,RAL,Royal Free London NHS Foundation Trust
E02000030,RAL,Royal Free London NHS Foundation Trust
E02000031,RAL,Royal Free London NHS Foundation Trust
E02000032,RAL,Royal Free London NHS Foundation Trust
E02000033,RAL,Royal Free London NHS Foundation Trust
E02000034,RAL,Royal Free London NHS Foundation Trust
E02000035,RAL,Royal Free London NHS Foundation Trust
E02000036,RAL,Royal Free London NHS Foundation Trust
E02000037,RAL,Royal Free London NHS Foundation Trust
E02000038,RAL,Royal Free London NHS Foundation Trust
E02000039,RAL,Royal Free London NHS Foundation Trust
E02000040,RAL,Royal Free London NHS Foundation Trust
E02000041,RAL,Royal Free London NHS Foundation Trust
E02000042,RAL,Royal Free London NHS Foundation Trust
E02000043,RAL,Royal Free London NHS Foundation Trust
E02000044,RAL,Royal Free London NHS Foundation Trust
E02000045,RAL,Royal Free London NHS Foundation Trust
E02000046,RAL,Royal Free London NHS Foundation Trust
E02000047,RAL,Royal Free London NHS Foundation Trust
E02000048,RAL,Royal Free London NHS Foundation Trust
E02000049,RAL,Royal Free London NHS Foundation Trust
E02000050,RAL,Royal Free London NHS Foundation Trust
E02000051,RAL,Royal Free London NHS Foundation Trust
E02000052,RAL,Royal Free London NHS Foundation Trust
E02000054,RAL,Royal Free London NHS Foundation Trust
E02000055,RAL,Royal Free London NHS Foundation Trust
E02000056,RAL,Royal Free London NHS Foundation Trust
E02000057,RAL,Royal Free London NHS Foundation Trust
E02000058,RAL,Royal Free London NHS Foundation Trust
E02000059,RAL,Royal Free London NHS Foundation Trust
E02000060,RAL,Royal Free London NHS Foundation Trust
E02000061,RAL,Royal Free London NHS Foundation Trust
E02000062,RAL,Royal Free London NHS Foundation Trust
E02000063,RAL,Royal Free London NHS Foundation Trust
E02000064,RAL,Royal Free London NHS Foundation Trust
E02000167,RAL,Royal Free London NHS Foundation Trust
E02000169,RAL,Royal Free London NHS Foundation Trust
E02000170,RAL,Royal Free London NHS Foundation Trust
E02000171,RAL,Royal Free London NHS Foundation Trust
E02000173,RAL,Royal Free London NHS Foundation Trust
E02000175,RAL,Royal Free London NHS Foundation Trust
E02000176,RAL,Royal Free London NHS Foundation Trust
E02000177,RAL,Royal Free London NHS Foundation Trust
E02000178,RAL,Royal Free London NHS Foundation Trust
E02000179,RAL,Royal Free London NHS Foundation Trust
E02000181,RAL,Royal Free London NHS Foundation Trust
E02000182,RAL,Royal Free London NHS Foundation Trust
E02000185,RAL,Royal Free London NHS Foundation Trust
E02000277,RAL,Royal Free London NHS Foundation Trust
E02000278,RAL,Royal Free London NHS Foundation Trust
E02000279,RAL,Royal Free London NHS Foundation Trust
E02000280,RAL,Royal Free London NHS Foundation Trust
E02000281,RAL,Royal Free London NHS Foundation Trust
E02000282,RAL,Royal Free London NHS Foundation Trust
E02000283,RAL,Royal Free London NHS Foundation Trust
E02000284,RAL,Royal Free London NHS Foundation Trust
E02000285,RAL,Royal Free London NHS Foundation Trust
E02000286,RAL,Royal Free London NHS Foundation Trust
E02000287,RAL,Royal Free London NHS Foundation Trust
E02000288,RAL,Royal Free London NHS Foundation Trust
E02000289,RAL,Royal Free London NHS Foundation Trust
E02000290,RAL,Royal Free London NHS Foundation Trust
E02000291,RAL,Royal Free London NHS Foundation Trust
E02000292,RAL,Royal Free London NHS Foundation Trust
E02000293,RAL,Royal Free London NHS Foundation Trust
E02000294,RAL,Royal Free London NHS Foundation Trust
E02000295,RAL,Royal Free London NHS Foundation Trust
E02000296,RAL,Royal Free London NHS Foundation Trust
E02000297,RAL,Royal Free London NHS Foundation Trust
E02000298,RAL,Royal Free London NHS Foundation Trust
E02000299,RAL,Royal Free London NHS Foundation Trust
E02000300,RAL,Royal Free London NHS Foundation Trust
E02000301,RAL,Royal Free London NHS Foundation Trust
E02000302,RAL,Royal Free London NHS Foundation Trust
E02000303,RAL,Royal Free London NHS Foundation Trust
E02000304,RAL,Royal Free London NHS Foundation Trust
E02000305,RAL,Royal Free London NHS Foundation Trust
E02000306,RAL,Royal Free London NHS Foundation Trust
E02000307,RAL,Royal Free London NHS Foundation Trust
E02000308,RAL,Royal Free London NHS Foundation Trust
E02000309,RAL,Royal Free London NHS Foundation Trust
E02000311,RAL,Royal Free London NHS Foundation Trust
E02000312,RAL,Royal Free London NHS Foundation Trust
E02000397,RAL,Royal Free London NHS Foundation Trust
E02000398,RAL,Royal Free London NHS Foundation Trust
E02000400,RAL,Royal Free London NHS Foundation Trust
E02000401,RAL,Royal Free London NHS Foundation Trust
E02000402,RAL,Royal Free London NHS Foundation Trust
E02000403,RAL,Royal Free London NHS Foundation Trust
E02000404,RAL,Royal Free London NHS Foundation Trust
E02000406,RAL,Royal Free London NHS Foundation Trust
E02000407,RAL,Royal Free London NHS Foundation Trust
E02000408,RAL,Royal Free London NHS Foundation Trust
E02000409,RAL,Royal Free London NHS Foundation Trust
E02000411,RAL,Royal Free London NHS Foundation Trust
E02000412,RAL,Royal Free London NHS Foundation Trust
E02000414,RAL,Royal Free London NHS Foundation Trust
E02000415,RAL,Royal Free London NHS Foundation Trust
E02000420,RAL,Royal Free London NHS Foundation Trust
E02000421,RAL,Royal Free London NHS Foundation Trust
E02000422,RAL,Royal Free London NHS Foundation Trust
E02000423,RAL,Royal Free London NHS Foundation Trust
E02000428,RAL,Royal Free London NHS Foundation Trust
E02004848,RAL,Royal Free London NHS Foundation Trust
E02004849,RAL,Royal Free London NHS Foundation Trust
E02004850,RAL,Royal Free London NHS Foundation Trust
E02004851,RAL,Royal Free London NHS Foundation Trust
E02004852,RAL,Royal Free London NHS Foundation Trust
E02004853,RAL,Royal Free London NHS Foundation Trust
E02004854,RAL,Royal Free London NHS Foundation Trust
E02004855,RAL,Royal Free London NHS Foundation Trust
E02004896,RAL,Royal Free London NHS Foundation Trust
E02004897,RAL,Royal Free London NHS Foundation Trust
E02004898,RAL,Royal Free London NHS Foundation Trust
E02004901,RAL,Royal Free London NHS Foundation Trust
E02004902,RAL,Royal Free London NHS Foundation Trust
E02004904,RAL,Royal Free London NHS Foundation Trust
E02004906,RAL,Royal Free London NHS Foundation Trust
E02004995,RAL,Royal Free London NHS Foundation Trust
E02006793,RAL,Royal Free London NHS Foundation Trust
E02006794,RAL,Royal Free London NHS Foundation Trust
E02006953,RAL,Royal Free London NHS Foundation Trust
E02006954,RAL,Royal Free London NHS Foundation Trust
E02000494,RAS,The Hillingdon Hospitals NHS Foundation Trust
E02000495,RAS,The Hillingdon Hospitals NHS Foundation Trust
E02000496,RAS,The Hillingdon Hospitals NHS Foundation Trust
E02000497,RAS,The Hillingdon Hospitals NHS Foundation Trust
E02000498,RAS,The Hillingdon Hospitals NHS Foundation Trust
E02000499,RAS,The Hillingdon Hospitals NHS Foundation Trust
E02000500,RAS,The Hillingdon Hospitals NHS Foundation Trust
E02000501,RAS,The Hillingdon Hospitals NHS Foundation Trust
E02000502,RAS,The Hillingdon Hospitals NHS Foundation Trust
E02000503,RAS,The Hillingdon Hospitals NHS Foundation Trust
E02000504,RAS,The Hillingdon Hospitals NHS Foundation Trust
E02000506,RAS,The Hillingdon Hospitals NHS Foundation Trust
E02000507,RAS,The Hillingdon Hospitals NHS Foundation Trust
E02000508,RAS,The Hillingdon Hospitals NHS Foundation Trust
E02000509,RAS,The Hillingdon Hospitals NHS Foundation Trust
E02000510,RAS,The Hillingdon Hospitals NHS Foundation Trust
E02000511,RAS,The Hillingdon Hospitals NHS Foundation Trust
E02000512,RAS,The Hillingdon Hospitals NHS Foundation Trust
E02000513,RAS,The Hillingdon Hospitals NHS Foundation Trust
E02000514,RAS,The Hillingdon Hospitals NHS Foundation Trust
E02000515,RAS,The Hillingdon Hospitals NHS Foundation Trust
E02000516,RAS,The Hillingdon Hospitals NHS Foundation Trust
E02000517,RAS,The Hillingdon Hospitals NHS Foundation Trust
E02000518,RAS,The Hillingdon Hospitals NHS Foundation Trust
E02000519,RAS,The Hillingdon Hospitals NHS Foundation Trust
E02000520,RAS,The Hillingdon Hospitals NHS Foundation Trust
E02000521,RAS,The Hillingdon Hospitals NHS Foundation Trust
E02000522,RAS,The Hillingdon Hospitals NHS Foundation Trust
E02000523,RAS,The Hillingdon Hospitals NHS Foundation Trust
E02000524,RAS,The Hillingdon Hospitals NHS Foundation Trust
E02000525,RAS,The Hillingdon Hospitals NHS Foundation Trust
E02004966,RAS,The Hillingdon Hospitals NHS Foundation Trust
E02006796,RAS,The Hillingdon Hospitals NHS Foundation Trust
E02000598,RAX,Kingston and Richmond NHS Foundation Trust
E02000599,RAX,Kingston and Richmond NHS Foundation Trust
E02000600,RAX,Kingston and Richmond NHS Foundation Trust
E02000601,RAX,Kingston and Richmond NHS Foundation Trust
E02000602,RAX,Kingston and Richmond NHS Foundation Trust
E02000603,RAX,Kingston and Richmond NHS Foundation Trust
E02000604,RAX,Kingston and Richmond NHS Foundation Trust
E02000605,RAX,Kingston and Richmond NHS Foundation Trust
E02000606,RAX,Kingston and Richmond NHS Foundation Trust
E02000607,RAX,Kingston and Richmond NHS Foundation Trust
E02000608,RAX,Kingston and Richmond NHS Foundation Trust
E02000609,RAX,Kingston and Richmond NHS Foundation Trust
E02000610,RAX,Kingston and Richmond NHS Foundation Trust
E02000611,RAX,Kingston and Richmond NHS Foundation Trust
E02000612,RAX,Kingston and Richmond NHS Foundation Trust
E02000613,RAX,Kingston and Richmond NHS Foundation Trust
E02000614,RAX,Kingston and Richmond NHS Foundation Trust
E02000615,RAX,Kingston and Richmond NHS Foundation Trust
E02000616,RAX,Kingston and Richmond NHS Foundation Trust
E02000617,RAX,Kingston and Richmond NHS Foundation Trust
E02000708,RAX,Kingston and Richmond NHS Foundation Trust
E02000784,RAX,Kingston and Richmond NHS Foundation Trust
E02000785,RAX,Kingston and Richmond NHS Foundation Trust
E02000786,RAX,Kingston and Richmond NHS Foundation Trust
E02000787,RAX,Kingston and Richmond NHS Foundation Trust
E02000788,RAX,Kingston and Richmond NHS Foundation Trust
E02000789,RAX,Kingston and Richmond NHS Foundation Trust
E02000791,RAX,Kingston and Richmond NHS Foundation Trust
E02000792,RAX,Kingston and Richmond NHS Foundation Trust
E02000795,RAX,Kingston and Richmond NHS Foundation Trust
E02000797,RAX,Kingston and Richmond NHS Foundation Trust
E02000799,RAX,Kingston and Richmond NHS Foundation Trust
E02000800,RAX,Kingston and Richmond NHS Foundation Trust
E02000801,RAX,Kingston and Richmond NHS Foundation Trust
E02000802,RAX,Kingston and Richmond NHS Foundation Trust
E02000803,RAX,Kingston and Richmond NHS Foundation Trust
E02000804,RAX,Kingston and Richmond NHS Foundation Trust
E02000805,RAX,Kingston and Richmond NHS Foundation Trust
E02000806,RAX,Kingston and Richmond NHS Foundation Trust
E02006317,RAX,Kingston and Richmond NHS Foundation Trust
E02006318,RAX,Kingston and Richmond NHS Foundation Trust
E02006319,RAX,Kingston and Richmond NHS Foundation Trust
E02006321,RAX,Kingston and Richmond NHS Foundation Trust
E02006322,RAX,Kingston and Richmond NHS Foundation Trust
E02006325,RAX,Kingston and Richmond NHS Foundation Trust
E02006329,RAX,Kingston and Richmond NHS Foundation Trust
E02006331,RAX,Kingston and Richmond NHS Foundation Trust
E02004258,RBD,Dorset County Hospital NHS Foundation Trust
E02004259,RBD,Dorset County Hospital NHS Foundation Trust
E02004260,RBD,Dorset County Hospital NHS Foundation Trust
E02004261,RBD,Dorset County Hospital NHS Foundation Trust
E02004262,RBD,Dorset County Hospital NHS Foundation Trust
E02004266,RBD,Dorset County Hospital NHS Foundation Trust
E02004271,RBD,Dorset County Hospital NHS Foundation Trust
E02004272,RBD,Dorset County Hospital NHS Foundation Trust
E02004273,RBD,Dorset County Hospital NHS Foundation Trust
E02004274,RBD,Dorset County Hospital NHS Foundation Trust
E02004275,RBD,Dorset County Hospital NHS Foundation Trust
E02004276,RBD,Dorset County Hospital NHS Foundation Trust
E02004278,RBD,Dorset County Hospital NHS Foundation Trust
E02004279,RBD,Dorset County Hospital NHS Foundation Trust
E02004280,RBD,Dorset County Hospital NHS Foundation Trust
E02004281,RBD,Dorset County Hospital NHS Foundation Trust
E02004282,RBD,Dorset County Hospital NHS Foundation Trust
E02004283,RBD,Dorset County Hospital NHS Foundation Trust
E02004284,RBD,Dorset County Hospital NHS Foundation Trust
E02004285,RBD,Dorset County Hospital NHS Foundation Trust
E02004286,RBD,Dorset County Hospital NHS Foundation Trust
E02004287,RBD,Dorset County Hospital NHS Foundation Trust
E02004288,RBD,Dorset County Hospital NHS Foundation Trust
E02004289,RBD,Dorset County Hospital NHS Foundation Trust
E02007006,RBD,Dorset County Hospital NHS Foundation Trust
E02007007,RBD,Dorset County Hospital NHS Foundation Trust
E02002044,RBK,Walsall Healthcare NHS Trust
E02002110,RBK,Walsall Healthcare NHS Trust
E02002111,RBK,Walsall Healthcare NHS Trust
E02002112,RBK,Walsall Healthcare NHS Trust
E02002113,RBK,Walsall Healthcare NHS Trust
E02002114,RBK,Walsall Healthcare NHS Trust
E02002115,RBK,Walsall Healthcare NHS Trust
E02002116,RBK,Walsall Healthcare NHS Trust
E02002117,RBK,Walsall Healthcare NHS Trust
E02002118,RBK,Walsall Healthcare NHS Trust
E02002119,RBK,Walsall Healthcare NHS Trust
E02002121,RBK,Walsall Healthcare NHS Trust
E02002122,RBK,Walsall Healthcare NHS Trust
E02002123,RBK,Walsall Healthcare NHS Trust
E02002124,RBK,Walsall Healthcare NHS Trust
E02002125,RBK,Walsall Healthcare NHS Trust
E02002126,RBK,Walsall Healthcare NHS Trust
E02002127,RBK,Walsall Healthcare NHS Trust
E02002128,RBK,Walsall Healthcare NHS Trust
E02002129,RBK,Walsall Healthcare NHS Trust
E02002130,RBK,Walsall Healthcare NHS Trust
E02002131,RBK,Walsall Healthcare NHS Trust
E02002132,RBK,Walsall Healthcare NHS Trust
E02002133,RBK,Walsall Healthcare NHS Trust
E02002135,RBK,Walsall Healthcare NHS Trust
E02002136,RBK,Walsall Healthcare NHS Trust
E02002138,RBK,Walsall Healthcare NHS Trust
E02002139,RBK,Walsall Healthcare NHS Trust
E02002140,RBK,Walsall Healthcare NHS Trust
E02002142,RBK,Walsall Healthcare NHS Trust
E02002143,RBK,Walsall Healthcare NHS Trust
E02002144,RBK,Walsall Healthcare NHS Trust
E02002145,RBK,Walsall Healthcare NHS Trust
E02002146,RBK,Walsall Healthcare NHS Trust
E02002147,RBK,Walsall Healthcare NHS Trust
E02001467,RBL,Wirral University Teaching Hospital NHS Foundation Trust
E02001468,RBL,Wirral University Teaching Hospital NHS Foundation Trust
E02001469,RBL,Wirral University Teaching Hospital NHS Foundation Trust
E02001470,RBL,Wirral University Teaching Hospital NHS Foundation Trust
E02001471,RBL,Wirral University Teaching Hospital NHS Foundation Trust
E02001472,RBL,Wirral University Teaching Hospital NHS Foundation Trust
E02001473,RBL,Wirral University Teaching Hospital NHS Foundation Trust
E02001474,RBL,Wirral University Teaching Hospital NHS Foundation Trust
E02001475,RBL,Wirral University Teaching Hospital NHS Foundation Trust
E02001476,RBL,Wirral University Teaching Hospital NHS Foundation Trust
E02001477,RBL,Wirral University Teaching Hospital NHS Foundation Trust
E02001478,RBL,Wirral University Teaching Hospital NHS Foundation Trust
E02001479,RBL,Wirral University Teaching Hospital NHS Foundation Trust
E02001480,RBL,Wirral University Teaching Hospital NHS Foundation Trust
E02001481,RBL,Wirral University Teaching Hospital NHS Foundation Trust
E02001482,RBL,Wirral University Teaching Hospital NHS Foundation Trust
E02001483,RBL,Wirral University Teaching Hospital NHS Foundation Trust
E02001484,RBL,Wirral University Teaching Hospital NHS Foundation Trust
E02001485,RBL,Wirral University Teaching Hospital NHS Foundation Trust
E02001486,RBL,Wirral University Teaching Hospital NHS Foundation Trust
E02001487,RBL,Wirral University Teaching Hospital NHS Foundation Trust
E02001488,RBL,Wirral University Teaching Hospital NHS Foundation Trust
E02001489,RBL,Wirral University Teaching Hospital NHS Foundation Trust
E02001490,RBL,Wirral University Teaching Hospital NHS Foundation Trust
E02001491,RBL,Wirral University Teaching Hospital NHS Foundation Trust
E02001492,RBL,Wirral University Teaching Hospital NHS Foundation Trust
E02001493,RBL,Wirral University Teaching Hospital NHS Foundation Trust
E02001494,RBL,Wirral University Teaching Hospital NHS Foundation Trust
E02001495,RBL,Wirral University Teaching Hospital NHS Foundation Trust
E02001496,RBL,Wirral University Teaching Hospital NHS Foundation Trust
E02001497,RBL,Wirral University Teaching Hospital NHS Foundation Trust
E02001498,RBL,Wirral University Teaching Hospital NHS Foundation Trust
E02001499,RBL,Wirral University Teaching Hospital NHS Foundation Trust
E02001500,RBL,Wirral University Teaching Hospital NHS Foundation Trust
E02001501,RBL,Wirral University Teaching Hospital NHS Foundation Trust
E02001502,RBL,Wirral University Teaching Hospital NHS Foundation Trust
E02001503,RBL,Wirral University Teaching Hospital NHS Foundation Trust
E02001504,RBL,Wirral University Teaching Hospital NHS Foundation Trust
E02001505,RBL,Wirral University Teaching Hospital NHS Foundation Trust
E02001506,RBL,Wirral University Teaching Hospital NHS Foundation Trust
E02001507,RBL,Wirral University Teaching Hospital NHS Foundation Trust
E02001508,RBL,Wirral University Teaching Hospital NHS Foundation Trust
E02003841,RBL,Wirral University Teaching Hospital NHS Foundation Trust
E02003842,RBL,Wirral University Teaching Hospital NHS Foundation Trust
E02003844,RBL,Wirral University Teaching Hospital NHS Foundation Trust
E02001332,RBN,Mersey and West Lancashire Teaching Hospitals NHS Trust
E02001333,RBN,Mersey and West Lancashire Teaching Hospitals NHS Trust
E02001334,RBN,Mersey and West Lancashire Teaching Hospitals NHS Trust
E02001335,RBN,Mersey and West Lancashire Teaching Hospitals NHS Trust
E02001336,RBN,Mersey and West Lancashire Teaching Hospitals NHS Trust
E02001337,RBN,Mersey and West Lancashire Teaching Hospitals NHS Trust
E02001338,RBN,Mersey and West Lancashire Teaching Hospitals NHS Trust
E02001339,RBN,Mersey and West Lancashire Teaching Hospitals NHS Trust
E02001340,RBN,Mersey and West Lancashire Teaching Hospitals NHS Trust
E02001341,RBN,Mersey and West Lancashire Teaching Hospitals NHS Trust
E02001342,RBN,Mersey and West Lancashire Teaching Hospitals NHS Trust
E02001343,RBN,Mersey and West Lancashire Teaching Hospitals NHS Trust
E02001344,RBN,Mersey and West Lancashire Teaching Hospitals NHS Trust
E02001345,RBN,Mersey and West Lancashire Teaching Hospitals NHS Trust
E02001346,RBN,Mersey and West Lancashire Teaching Hospitals NHS Trust
E02001406,RBN,Mersey and West Lancashire Teaching Hospitals NHS Trust
E02001407,RBN,Mersey and West Lancashire Teaching Hospitals NHS Trust
E02001408,RBN,Mersey and West Lancashire Teaching Hospitals NHS Trust
E02001409,RBN,Mersey and West Lancashire Teaching Hospitals NHS Trust
E02001410,RBN,Mersey and West Lancashire Teaching Hospitals NHS Trust
E02001411,RBN,Mersey and West Lancashire Teaching Hospitals NHS Trust
E02001412,RBN,Mersey and West Lancashire Teaching Hospitals NHS Trust
E02001413,RBN,Mersey and West Lancashire Teaching Hospitals NHS Trust
E02001414,RBN,Mersey and West Lancashire Teaching Hospitals NHS Trust
E02001415,RBN,Mersey and West Lancashire Teaching Hospitals NHS Trust
E02001416,RBN,Mersey and West Lancashire Teaching Hospitals NHS Trust
E02001417,RBN,Mersey and West Lancashire Teaching Hospitals NHS Trust
E02001418,RBN,Mersey and West Lancashire Teaching Hospitals NHS Trust
E02001419,RBN,Mersey and West Lancashire Teaching Hospitals NHS Trust
E02001420,RBN,Mersey and West Lancashire Teaching Hospitals NHS Trust
E02001421,RBN,Mersey and West Lancashire Teaching Hospitals NHS Trust
E02001422,RBN,Mersey and West Lancashire Teaching Hospitals NHS Trust
E02001423,RBN,Mersey and West Lancashire Teaching Hospitals NHS Trust
E02001425,RBN,Mersey and West Lancashire Teaching Hospitals NHS Trust
E02001426,RBN,Mersey and West Lancashire Teaching Hospitals NHS Trust
E02001427,RBN,Mersey and West Lancashire Teaching Hospitals NHS Trust
E02001428,RBN,Mersey and West Lancashire Teaching Hospitals NHS Trust
E02001429,RBN,Mersey and West Lancashire Teaching Hospitals NHS Trust
E02001430,RBN,Mersey and West Lancashire Teaching Hospitals NHS Trust
E02001431,RBN,Mersey and West Lancashire Teaching Hospitals NHS Trust
E02001432,RBN,Mersey and West Lancashire Teaching Hospitals NHS Trust
E02001433,RBN,Mersey and West Lancashire Teaching Hospitals NHS Trust
E02001434,RBN,Mersey and West Lancashire Teaching Hospitals NHS Trust
E02001435,RBN,Mersey and West Lancashire Teaching Hospitals NHS Trust
E02001436,RBN,Mersey and West Lancashire Teaching Hospitals NHS Trust
E02001437,RBN,Mersey and West Lancashire Teaching Hospitals NHS Trust
E02001438,RBN,Mersey and West Lancashire Teaching Hospitals NHS Trust
E02001439,RBN,Mersey and West Lancashire Teaching Hospitals NHS Trust
E02001440,RBN,Mersey and West Lancashire Teaching Hospitals NHS Trust
E02001441,RBN,Mersey and West Lancashire Teaching Hospitals NHS Trust
E02001442,RBN,Mersey and West Lancashire Teaching Hospitals NHS Trust
E02001443,RBN,Mersey and West Lancashire Teaching Hospitals NHS Trust
E02001444,RBN,Mersey and West Lancashire Teaching Hospitals NHS Trust
E02002574,RBN,Mersey and West Lancashire Teaching Hospitals NHS Trust
E02002575,RBN,Mersey and West Lancashire Teaching Hospitals NHS Trust
E02002576,RBN,Mersey and West Lancashire Teaching Hospitals NHS Trust
E02002577,RBN,Mersey and West Lancashire Teaching Hospitals NHS Trust
E02002578,RBN,Mersey and West Lancashire Teaching Hospitals NHS Trust
E02002579,RBN,Mersey and West Lancashire Teaching Hospitals NHS Trust
E02002580,RBN,Mersey and West Lancashire Teaching Hospitals NHS Trust
E02002581,RBN,Mersey and West Lancashire Teaching Hospitals NHS Trust
E02002592,RBN,Mersey and West Lancashire Teaching Hospitals NHS Trust
E02005304,RBN,Mersey and West Lancashire Teaching Hospitals NHS Trust
E02005305,RBN,Mersey and West Lancashire Teaching Hospitals NHS Trust
E02005306,RBN,Mersey and West Lancashire Teaching Hospitals NHS Trust
E02005307,RBN,Mersey and West Lancashire Teaching Hospitals NHS Trust
E02005309,RBN,Mersey and West Lancashire Teaching Hospitals NHS Trust
E02005310,RBN,Mersey and West Lancashire Teaching Hospitals NHS Trust
E02005311,RBN,Mersey and West Lancashire Teaching Hospitals NHS Trust
E02005312,RBN,Mersey and West Lancashire Teaching Hospitals NHS Trust
E02005313,RBN,Mersey and West Lancashire Teaching Hospitals NHS Trust
E02005314,RBN,Mersey and West Lancashire Teaching Hospitals NHS Trust
E02005315,RBN,Mersey and West Lancashire Teaching Hospitals NHS Trust
E02005316,RBN,Mersey and West Lancashire Teaching Hospitals NHS Trust
E02005317,RBN,Mersey and West Lancashire Teaching Hospitals NHS Trust
E02005318,RBN,Mersey and West Lancashire Teaching Hospitals NHS Trust
E02006935,RBN,Mersey and West Lancashire Teaching Hospitals NHS Trust
E02006936,RBN,Mersey and West Lancashire Teaching Hospitals NHS Trust
E02003812,RBT,Mid Cheshire Hospitals NHS Foundation Trust
E02003813,RBT,Mid Cheshire Hospitals NHS Foundation Trust
E02003814,RBT,Mid Cheshire Hospitals NHS Foundation Trust
E02003819,RBT,Mid Cheshire Hospitals NHS Foundation Trust
E02003820,RBT,Mid Cheshire Hospitals NHS Foundation Trust
E02003821,RBT,Mid Cheshire Hospitals NHS Foundation Trust
E02003822,RBT,Mid Cheshire Hospitals NHS Foundation Trust
E02003823,RBT,Mid Cheshire Hospitals NHS Foundation Trust
E02003824,RBT,Mid Cheshire Hospitals NHS Foundation Trust
E02003825,RBT,Mid Cheshire Hospitals NHS Foundation Trust
E02003826,RBT,Mid Cheshire Hospitals NHS Foundation Trust
E02003827,RBT,Mid Cheshire Hospitals NHS Foundation Trust
E02003828,RBT,Mid Cheshire Hospitals NHS Foundation Trust
E02003829,RBT,Mid Cheshire Hospitals NHS Foundation Trust
E02003830,RBT,Mid Cheshire Hospitals NHS Foundation Trust
E02003831,RBT,Mid Cheshire Hospitals NHS Foundation Trust
E02003832,RBT,Mid Cheshire Hospitals NHS Foundation Trust
E02003833,RBT,Mid Cheshire Hospitals NHS Foundation Trust
E02003834,RBT,Mid Cheshire Hospitals NHS Foundation Trust
E02003835,RBT,Mid Cheshire Hospitals NHS Foundation Trust
E02003836,RBT,Mid Cheshire Hospitals NHS Foundation Trust
E02003838,RBT,Mid Cheshire Hospitals NHS Foundation Trust
E02003839,RBT,Mid Cheshire Hospitals NHS Foundation Trust
E02003840,RBT,Mid Cheshire Hospitals NHS Foundation Trust
E02003875,RBT,Mid Cheshire Hospitals NHS Foundation Trust
E02003876,RBT,Mid Cheshire Hospitals NHS Foundation Trust
E02003878,RBT,Mid Cheshire Hospitals NHS Foundation Trust
E02003879,RBT,Mid Cheshire Hospitals NHS Foundation Trust
E02003880,RBT,Mid Cheshire Hospitals NHS Foundation Trust
E02003881,RBT,Mid Cheshire Hospitals NHS Foundation Trust
E02003882,RBT,Mid Cheshire Hospitals NHS Foundation Trust
E02003883,RBT,Mid Cheshire Hospitals NHS Foundation Trust
E02003884,RBT,Mid Cheshire Hospitals NHS Foundation Trust
E02003885,RBT,Mid Cheshire Hospitals NHS Foundation Trust
E02003886,RBT,Mid Cheshire Hospitals NHS Foundation Trust
E02003887,RBT,Mid Cheshire Hospitals NHS Foundation Trust
E02003888,RBT,Mid Cheshire Hospitals NHS Foundation Trust
E02003889,RBT,Mid Cheshire Hospitals NHS Foundation Trust
E02003890,RBT,Mid Cheshire Hospitals NHS Foundation Trust
E02007030,RBT,Mid Cheshire Hospitals NHS Foundation Trust
E02007031,RBT,Mid Cheshire Hospitals NHS Foundation Trust
E02003258,RC9,Bedfordshire Hospitals NHS Foundation Trust
E02003259,RC9,Bedfordshire Hospitals NHS Foundation Trust
E02003260,RC9,Bedfordshire Hospitals NHS Foundation Trust
E02003261,RC9,Bedfordshire Hospitals NHS Foundation Trust
E02003262,RC9,Bedfordshire Hospitals NHS Foundation Trust
E02003263,RC9,Bedfordshire Hospitals NHS Foundation Trust
E02003264,RC9,Bedfordshire Hospitals NHS Foundation Trust
E02003265,RC9,Bedfordshire Hospitals NHS Foundation Trust
E02003266,RC9,Bedfordshire Hospitals NHS Foundation Trust
E02003267,RC9,Bedfordshire Hospitals NHS Foundation Trust
E02003268,RC9,Bedfordshire Hospitals NHS Foundation Trust
E02003269,RC9,Bedfordshire Hospitals NHS Foundation Trust
E02003270,RC9,Bedfordshire Hospitals NHS Foundation Trust
E02003271,RC9,Bedfordshire Hospitals NHS Foundation Trust
E02003272,RC9,Bedfordshire Hospitals NHS Foundation Trust
E02003273,RC9,Bedfordshire Hospitals NHS Foundation Trust
E02003274,RC9,Bedfordshire Hospitals NHS Foundation Trust
E02003276,RC9,Bedfordshire Hospitals NHS Foundation Trust
E02003277,RC9,Bedfordshire Hospitals NHS Foundation Trust
E02003278,RC9,Bedfordshire Hospitals NHS Foundation Trust
E02003599,RC9,Bedfordshire Hospitals NHS Foundation Trust
E02003600,RC9,Bedfordshire Hospitals NHS Foundation Trust
E02003601,RC9,Bedfordshire Hospitals NHS Foundation Trust
E02003602,RC9,Bedfordshire Hospitals NHS Foundation Trust
E02003603,RC9,Bedfordshire Hospitals NHS Foundation Trust
E02003604,RC9,Bedfordshire Hospitals NHS Foundation Trust
E02003605,RC9,Bedfordshire Hospitals NHS Foundation Trust
E02003606,RC9,Bedfordshire Hospitals NHS Foundation Trust
E02003607,RC9,Bedfordshire Hospitals NHS Foundation Trust
E02003609,RC9,Bedfordshire Hospitals NHS Foundation Trust
E02003610,RC9,Bedfordshire Hospitals NHS Foundation Trust
E02003611,RC9,Bedfordshire Hospitals NHS Foundation Trust
E02003613,RC9,Bedfordshire Hospitals NHS Foundation Trust
E02003614,RC9,Bedfordshire Hospitals NHS Foundation Trust
E02003615,RC9,Bedfordshire Hospitals NHS Foundation Trust
E02003616,RC9,Bedfordshire Hospitals NHS Foundation Trust
E02003617,RC9,Bedfordshire Hospitals NHS Foundation Trust
E02003618,RC9,Bedfordshire Hospitals NHS Foundation Trust
E02003619,RC9,Bedfordshire Hospitals NHS Foundation Trust
E02003620,RC9,Bedfordshire Hospitals NHS Foundation Trust
E02003621,RC9,Bedfordshire Hospitals NHS Foundation Trust
E02003622,RC9,Bedfordshire Hospitals NHS Foundation Trust
E02003623,RC9,Bedfordshire Hospitals NHS Foundation Trust
E02003624,RC9,Bedfordshire Hospitals NHS Foundation Trust
E02003625,RC9,Bedfordshire Hospitals NHS Foundation Trust
E02003626,RC9,Bedfordshire Hospitals NHS Foundation Trust
E02003627,RC9,Bedfordshire Hospitals NHS Foundation Trust
E02003628,RC9,Bedfordshire Hospitals NHS Foundation Trust
E02003629,RC9,Bedfordshire Hospitals NHS Foundation Trust
E02003630,RC9,Bedfordshire Hospitals NHS Foundation Trust
E02003631,RC9,Bedfordshire Hospitals NHS Foundation Trust
E02003632,RC9,Bedfordshire Hospitals NHS Foundation Trust
E02003633,RC9,Bedfordshire Hospitals NHS Foundation Trust
E02003635,RC9,Bedfordshire Hospitals NHS Foundation Trust
E02003636,RC9,Bedfordshire Hospitals NHS Foundation Trust
E02003637,RC9,Bedfordshire Hospitals NHS Foundation Trust
E02003638,RC9,Bedfordshire Hospitals NHS Foundation Trust
E02003639,RC9,Bedfordshire Hospitals NHS Foundation Trust
E02003642,RC9,Bedfordshire Hospitals NHS Foundation Trust
E02003643,RC9,Bedfordshire Hospitals NHS Foundation Trust
E02003644,RC9,Bedfordshire Hospitals NHS Foundation Trust
E02003645,RC9,Bedfordshire Hospitals NHS Foundation Trust
E02003646,RC9,Bedfordshire Hospitals NHS Foundation Trust
E02003647,RC9,Bedfordshire Hospitals NHS Foundation Trust
E02003648,RC9,Bedfordshire Hospitals NHS Foundation Trust
E02003649,RC9,Bedfordshire Hospitals NHS Foundation Trust
E02003650,RC9,Bedfordshire Hospitals NHS Foundation Trust
E02003651,RC9,Bedfordshire Hospitals NHS Foundation Trust
E02004856,RC9,Bedfordshire Hospitals NHS Foundation Trust
E02004924,RC9,Bedfordshire Hospitals NHS Foundation Trust
E02004925,RC9,Bedfordshire Hospitals NHS Foundation Trust
E02004926,RC9,Bedfordshire Hospitals NHS Foundation Trust
E02004928,RC9,Bedfordshire Hospitals NHS Foundation Trust
E02006937,RC9,Bedfordshire Hospitals NHS Foundation Trust
E02006938,RC9,Bedfordshire Hospitals NHS Foundation Trust
E02007010,RC9,Bedfordshire Hospitals NHS Foundation Trust
E02007011,RC9,Bedfordshire Hospitals NHS Foundation Trust
E02002684,RCB,York and Scarborough Teaching Hospitals NHS Foundation Trust
E02002685,RCB,York and Scarborough Teaching Hospitals NHS Foundation Trust
E02002686,RCB,York and Scarborough Teaching Hospitals NHS Foundation Trust
E02002687,RCB,York and Scarborough Teaching Hospitals NHS Foundation Trust
E02002688,RCB,York and Scarborough Teaching Hospitals NHS Foundation Trust
E02002689,RCB,York and Scarborough Teaching Hospitals NHS Foundation Trust
E02002692,RCB,York and Scarborough Teaching Hospitals NHS Foundation Trust
E02002694,RCB,York and Scarborough Teaching Hospitals NHS Foundation Trust
E02002701,RCB,York and Scarborough Teaching Hospitals NHS Foundation Trust
E02002772,RCB,York and Scarborough Teaching Hospitals NHS Foundation Trust
E02002773,RCB,York and Scarborough Teaching Hospitals NHS Foundation Trust
E02002774,RCB,York and Scarborough Teaching Hospitals NHS Foundation Trust
E02002775,RCB,York and Scarborough Teaching Hospitals NHS Foundation Trust
E02002776,RCB,York and Scarborough Teaching Hospitals NHS Foundation Trust
E02002777,RCB,York and Scarborough Teaching Hospitals NHS Foundation Trust
E02002778,RCB,York and Scarborough Teaching Hospitals NHS Foundation Trust
E02002779,RCB,York and Scarborough Teaching Hospitals NHS Foundation Trust
E02002780,RCB,York and Scarborough Teaching Hospitals NHS Foundation Trust
E02002781,RCB,York and Scarborough Teaching Hospitals NHS Foundation Trust
E02002782,RCB,York and Scarborough Teaching Hospitals NHS Foundation Trust
E02002783,RCB,York and Scarborough Teaching Hospitals NHS Foundation Trust
E02002784,RCB,York and Scarborough Teaching Hospitals NHS Foundation Trust
E02002785,RCB,York and Scarborough Teaching Hospitals NHS Foundation Trust
E02002786,RCB,York and Scarborough Teaching Hospitals NHS Foundation Trust
E02002787,RCB,York and Scarborough Teaching Hospitals NHS Foundation Trust
E02002788,RCB,York and Scarborough Teaching Hospitals NHS Foundation Trust
E02002789,RCB,York and Scarborough Teaching Hospitals NHS Foundation Trust
E02002790,RCB,York and Scarborough Teaching Hospitals NHS Foundation Trust
E02002791,RCB,York and Scarborough Teaching Hospitals NHS Foundation Trust
E02002792,RCB,York and Scarborough Teaching Hospitals NHS Foundation Trust
E02002793,RCB,York and Scarborough Teaching Hospitals NHS Foundation Trust
E02002794,RCB,York and Scarborough Teaching Hospitals NHS Foundation Trust
E02002795,RCB,York and Scarborough Teaching Hospitals NHS Foundation Trust
E02005759,RCB,York and Scarborough Teaching Hospitals NHS Foundation Trust
E02005760,RCB,York and Scarborough Teaching Hospitals NHS Foundation Trust
E02005788,RCB,York and Scarborough Teaching Hospitals NHS Foundation Trust
E02005789,RCB,York and Scarborough Teaching Hospitals NHS Foundation Trust
E02005790,RCB,York and Scarborough Teaching Hospitals NHS Foundation Trust
E02005791,RCB,York and Scarborough Teaching Hospitals NHS Foundation Trust
E02005794,RCB,York and Scarborough Teaching Hospitals NHS Foundation Trust
E02005798,RCB,York and Scarborough Teaching Hospitals NHS Foundation Trust
E02005799,RCB,York and Scarborough Teaching Hospitals NHS Foundation Trust
E02005800,RCB,York and Scarborough Teaching Hospitals NHS Foundation Trust
E02005801,RCB,York and Scarborough Teaching Hospitals NHS Foundation Trust
E02005802,RCB,York and Scarborough Teaching Hospitals NHS Foundation Trust
E02005803,RCB,York and Scarborough Teaching Hospitals NHS Foundation Trust
E02005804,RCB,York and Scarborough Teaching Hospitals NHS Foundation Trust
E02005805,RCB,York and Scarborough Teaching Hospitals NHS Foundation Trust
E02005806,RCB,York and Scarborough Teaching Hospitals NHS Foundation Trust
E02005807,RCB,York and Scarborough Teaching Hospitals NHS Foundation Trust
E02005808,RCB,York and Scarborough Teaching Hospitals NHS Foundation Trust
E02005809,RCB,York and Scarborough Teaching Hospitals NHS Foundation Trust
E02005810,RCB,York and Scarborough Teaching Hospitals NHS Foundation Trust
E02005811,RCB,York and Scarborough Teaching Hospitals NHS Foundation Trust
E02005812,RCB,York and Scarborough Teaching Hospitals NHS Foundation Trust
E02005813,RCB,York and Scarborough Teaching Hospitals NHS Foundation Trust
E02005814,RCB,York and Scarborough Teaching Hospitals NHS Foundation Trust
E02005815,RCB,York and Scarborough Teaching Hospitals NHS Foundation Trust
E02005816,RCB,York and Scarborough Teaching Hospitals NHS Foundation Trust
E02005817,RCB,York and Scarborough Teaching Hospitals NHS Foundation Trust
E02007044,RCB,York and Scarborough Teaching Hospitals NHS Foundation Trust
E02007045,RCB,York and Scarborough Teaching Hospitals NHS Foundation Trust
E02002330,RCD,Harrogate and District NHS Foundation Trust
E02002331,RCD,Harrogate and District NHS Foundation Trust
E02002334,RCD,Harrogate and District NHS Foundation Trust
E02002335,RCD,Harrogate and District NHS Foundation Trust
E02005761,RCD,Harrogate and District NHS Foundation Trust
E02005762,RCD,Harrogate and District NHS Foundation Trust
E02005763,RCD,Harrogate and District NHS Foundation Trust
E02005764,RCD,Harrogate and District NHS Foundation Trust
E02005765,RCD,Harrogate and District NHS Foundation Trust
E02005766,RCD,Harrogate and District NHS Foundation Trust
E02005767,RCD,Harrogate and District NHS Foundation Trust
E02005768,RCD,Harrogate and District NHS Foundation Trust
E02005769,RCD,Harrogate and District NHS Foundation Trust
E02005770,RCD,Harrogate and District NHS Foundation Trust
E02005771,RCD,Harrogate and District NHS Foundation Trust
E02005772,RCD,Harrogate and District NHS Foundation Trust
E02005773,RCD,Harrogate and District NHS Foundation Trust
E02005774,RCD,Harrogate and District NHS Foundation Trust
E02005775,RCD,Harrogate and District NHS Foundation Trust
E02005776,RCD,Harrogate and District NHS Foundation Trust
E02005777,RCD,Harrogate and District NHS Foundation Trust
E02005778,RCD,Harrogate and District NHS Foundation Trust
E02005779,RCD,Harrogate and District NHS Foundation Trust
E02005780,RCD,Harrogate and District NHS Foundation Trust
E02005781,RCD,Harrogate and District NHS Foundation Trust
E02002183,RCF,Airedale NHS Foundation Trust
E02002184,RCF,Airedale NHS Foundation Trust
E02002185,RCF,Airedale NHS Foundation Trust
E02002188,RCF,Airedale NHS Foundation Trust
E02002189,RCF,Airedale NHS Foundation Trust
E02002190,RCF,Airedale NHS Foundation Trust
E02002191,RCF,Airedale NHS Foundation Trust
E02002192,RCF,Airedale NHS Foundation Trust
E02002193,RCF,Airedale NHS Foundation Trust
E02002194,RCF,Airedale NHS Foundation Trust
E02002196,RCF,Airedale NHS Foundation Trust
E02002197,RCF,Airedale NHS Foundation Trust
E02002205,RCF,Airedale NHS Foundation Trust
E02005240,RCF,Airedale NHS Foundation Trust
E02005241,RCF,Airedale NHS Foundation Trust
E02005242,RCF,Airedale NHS Foundation Trust
E02005744,RCF,Airedale NHS Foundation Trust
E02005746,RCF,Airedale NHS Foundation Trust
E02005747,RCF,Airedale NHS Foundation Trust
E02005748,RCF,Airedale NHS Foundation Trust
E02005749,RCF,Airedale NHS Foundation Trust
E02006945,RCF,Airedale NHS Foundation Trust
E02006946,RCF,Airedale NHS Foundation Trust
E02007041,RCF,Airedale NHS Foundation Trust
E02003742,RCX,"The Queen Elizabeth Hospital, King's Lynn, NHS Foundation Trust"
E02003743,RCX,"The Queen Elizabeth Hospital, King's Lynn, NHS Foundation Trust"
E02003744,RCX,"The Queen Elizabeth Hospital, King's Lynn, NHS Foundation Trust"
E02003745,RCX,"The Queen Elizabeth Hospital, King's Lynn, NHS Foundation Trust"
E02005466,RCX,"The Queen Elizabeth Hospital, King's Lynn, NHS Foundation Trust"
E02005472,RCX,"The Queen Elizabeth Hospital, King's Lynn, NHS Foundation Trust"
E02005504,RCX,"The Queen Elizabeth Hospital, King's Lynn, NHS Foundation Trust"
E02005509,RCX,"The Queen Elizabeth Hospital, King's Lynn, NHS Foundation Trust"
E02005551,RCX,"The Queen Elizabeth Hospital, King's Lynn, NHS Foundation Trust"
E02005552,RCX,"The Queen Elizabeth Hospital, King's Lynn, NHS Foundation Trust"
E02005553,RCX,"The Queen Elizabeth Hospital, King's Lynn, NHS Foundation Trust"
E02005554,RCX,"The Queen Elizabeth Hospital, King's Lynn, NHS Foundation Trust"
E02005555,RCX,"The Queen Elizabeth Hospital, King's Lynn, NHS Foundation Trust"
E02005556,RCX,"The Queen Elizabeth Hospital, King's Lynn, NHS Foundation Trust"
E02005557,RCX,"The Queen Elizabeth Hospital, King's Lynn, NHS Foundation Trust"
E02005558,RCX,"The Queen Elizabeth Hospital, King's Lynn, NHS Foundation Trust"
E02005559,RCX,"The Queen Elizabeth Hospital, King's Lynn, NHS Foundation Trust"
E02005560,RCX,"The Queen Elizabeth Hospital, King's Lynn, NHS Foundation Trust"
E02005561,RCX,"The Queen Elizabeth Hospital, King's Lynn, NHS Foundation Trust"
E02005562,RCX,"The Queen Elizabeth Hospital, King's Lynn, NHS Foundation Trust"
E02005563,RCX,"The Queen Elizabeth Hospital, King's Lynn, NHS Foundation Trust"
E02005564,RCX,"The Queen Elizabeth Hospital, King's Lynn, NHS Foundation Trust"
E02005565,RCX,"The Queen Elizabeth Hospital, King's Lynn, NHS Foundation Trust"
E02005566,RCX,"The Queen Elizabeth Hospital, King's Lynn, NHS Foundation Trust"
E02005567,RCX,"The Queen Elizabeth Hospital, King's Lynn, NHS Foundation Trust"
E02005568,RCX,"The Queen Elizabeth Hospital, King's Lynn, NHS Foundation Trust"
E02005569,RCX,"The Queen Elizabeth Hospital, King's Lynn, NHS Foundation Trust"
E02002985,RD1,Royal United Hospitals Bath NHS Foundation Trust
E02002986,RD1,Royal United Hospitals Bath NHS Foundation Trust
E02002987,RD1,Royal United Hospitals Bath NHS Foundation Trust
E02002988,RD1,Royal United Hospitals Bath NHS Foundation Trust
E02002989,RD1,Royal United Hospitals Bath NHS Foundation Trust
E02002990,RD1,Royal United Hospitals Bath NHS Foundation Trust
E02002991,RD1,Royal United Hospitals Bath NHS Foundation Trust
E02002992,RD1,Royal United Hospitals Bath NHS Foundation Trust
E02002993,RD1,Royal United Hospitals Bath NHS Foundation Trust
E02002994,RD1,Royal United Hospitals Bath NHS Foundation Trust
E02002995,RD1,Royal United Hospitals Bath NHS Foundation Trust
E02002996,RD1,Royal United Hospitals Bath NHS Foundation Trust
E02002997,RD1,Royal United Hospitals Bath NHS Foundation Trust
E02002998,RD1,Royal United Hospitals Bath NHS Foundation Trust
E02002999,RD1,Royal United Hospitals Bath NHS Foundation Trust
E02003000,RD1,Royal United Hospitals Bath NHS Foundation Trust
E02003001,RD1,Royal United Hospitals Bath NHS Foundation Trust
E02003002,RD1,Royal United Hospitals Bath NHS Foundation Trust
E02003003,RD1,Royal United Hospitals Bath NHS Foundation Trust
E02003004,RD1,Royal United Hospitals Bath NHS Foundation Trust
E02003005,RD1,Royal United Hospitals Bath NHS Foundation Trust
E02003006,RD1,Royal United Hospitals Bath NHS Foundation Trust
E02003007,RD1,Royal United Hospitals Bath NHS Foundation Trust
E02003008,RD1,Royal United Hospitals Bath NHS Foundation Trust
E02003009,RD1,Royal United Hospitals Bath NHS Foundation Trust
E02003010,RD1,Royal United Hospitals Bath NHS Foundation Trust
E02003011,RD1,Royal United Hospitals Bath NHS Foundation Trust
E02006047,RD1,Royal United Hospitals Bath NHS Foundation Trust
E02006048,RD1,Royal United Hospitals Bath NHS Foundation Trust
E02006049,RD1,Royal United Hospitals Bath NHS Foundation Trust
E02006050,RD1,Royal United Hospitals Bath NHS Foundation Trust
E02006052,RD1,Royal United Hospitals Bath NHS Foundation Trust
E02006053,RD1,Royal United Hospitals Bath NHS Foundation Trust
E02006055,RD1,Royal United Hospitals Bath NHS Foundation Trust
E02006056,RD1,Royal United Hospitals Bath NHS Foundation Trust
E02006639,RD1,Royal United Hospitals Bath NHS Foundation Trust
E02006651,RD1,Royal United Hospitals Bath NHS Foundation Trust
E02006652,RD1,Royal United Hospitals Bath NHS Foundation Trust
E02006653,RD1,Royal United Hospitals Bath NHS Foundation Trust
E02006654,RD1,Royal United Hospitals Bath NHS Foundation Trust
E02006656,RD1,Royal United Hospitals Bath NHS Foundation Trust
E02006659,RD1,Royal United Hospitals Bath NHS Foundation Trust
E02006660,RD1,Royal United Hospitals Bath NHS Foundation Trust
E02006678,RD1,Royal United Hospitals Bath NHS Foundation Trust
E02006679,RD1,Royal United Hospitals Bath NHS Foundation Trust
E02006680,RD1,Royal United Hospitals Bath NHS Foundation Trust
E02006681,RD1,Royal United Hospitals Bath NHS Foundation Trust
E02006682,RD1,Royal United Hospitals Bath NHS Foundation Trust
E02006683,RD1,Royal United Hospitals Bath NHS Foundation Trust
E02006684,RD1,Royal United Hospitals Bath NHS Foundation Trust
E02006685,RD1,Royal United Hospitals Bath NHS Foundation Trust
E02006686,RD1,Royal United Hospitals Bath NHS Foundation Trust
E02006687,RD1,Royal United Hospitals Bath NHS Foundation Trust
E02006688,RD1,Royal United Hospitals Bath NHS Foundation Trust
E02006689,RD1,Royal United Hospitals Bath NHS Foundation Trust
E02006690,RD1,Royal United Hospitals Bath NHS Foundation Trust
E02007023,RD1,Royal United Hospitals Bath NHS Foundation Trust
E02007024,RD1,Royal United Hospitals Bath NHS Foundation Trust
E02003459,RD8,Milton Keynes University Hospital NHS Foundation Trust
E02003460,RD8,Milton Keynes University Hospital NHS Foundation Trust
E02003461,RD8,Milton Keynes University Hospital NHS Foundation Trust
E02003462,RD8,Milton Keynes University Hospital NHS Foundation Trust
E02003463,RD8,Milton Keynes University Hospital NHS Foundation Trust
E02003464,RD8,Milton Keynes University Hospital NHS Foundation Trust
E02003465,RD8,Milton Keynes University Hospital NHS Foundation Trust
E02003466,RD8,Milton Keynes University Hospital NHS Foundation Trust
E02003467,RD8,Milton Keynes University Hospital NHS Foundation Trust
E02003468,RD8,Milton Keynes University Hospital NHS Foundation Trust
E02003469,RD8,Milton Keynes University Hospital NHS Foundation Trust
E02003470,RD8,Milton Keynes University Hospital NHS Foundation Trust
E02003471,RD8,Milton Keynes University Hospital NHS Foundation Trust
E02003472,RD8,Milton Keynes University Hospital NHS Foundation Trust
E02003473,RD8,Milton Keynes University Hospital NHS Foundation Trust
E02003474,RD8,Milton Keynes University Hospital NHS Foundation Trust
E02003476,RD8,Milton Keynes University Hospital NHS Foundation Trust
E02003478,RD8,Milton Keynes University Hospital NHS Foundation Trust
E02003479,RD8,Milton Keynes University Hospital NHS Foundation Trust
E02003480,RD8,Milton Keynes University Hospital NHS Foundation Trust
E02003481,RD8,Milton Keynes University Hospital NHS Foundation Trust
E02003482,RD8,Milton Keynes University Hospital NHS Foundation Trust
E02003483,RD8,Milton Keynes University Hospital NHS Foundation Trust
E02003484,RD8,Milton Keynes University Hospital NHS Foundation Trust
E02003485,RD8,Milton Keynes University Hospital NHS Foundation Trust
E02003486,RD8,Milton Keynes University Hospital NHS Foundation Trust
E02003487,RD8,Milton Keynes University Hospital NHS Foundation Trust
E02003488,RD8,Milton Keynes University Hospital NHS Foundation Trust
E02003489,RD8,Milton Keynes University Hospital NHS Foundation Trust
E02003490,RD8,Milton Keynes University Hospital NHS Foundation Trust
E02003640,RD8,Milton Keynes University Hospital NHS Foundation Trust
E02003641,RD8,Milton Keynes University Hospital NHS Foundation Trust
E02003652,RD8,Milton Keynes University Hospital NHS Foundation Trust
E02003653,RD8,Milton Keynes University Hospital NHS Foundation Trust
E02003654,RD8,Milton Keynes University Hospital NHS Foundation Trust
E02003657,RD8,Milton Keynes University Hospital NHS Foundation Trust
E02005688,RD8,Milton Keynes University Hospital NHS Foundation Trust
E02007012,RD8,Milton Keynes University Hospital NHS Foundation Trust
E02007013,RD8,Milton Keynes University Hospital NHS Foundation Trust
E02007014,RD8,Milton Keynes University Hospital NHS Foundation Trust
E02007015,RD8,Milton Keynes University Hospital NHS Foundation Trust
E02007016,RD8,Milton Keynes University Hospital NHS Foundation Trust
E02004449,RDE,East Suffolk and North Essex NHS Foundation Trust
E02004451,RDE,East Suffolk and North Essex NHS Foundation Trust
E02004459,RDE,East Suffolk and North Essex NHS Foundation Trust
E02004506,RDE,East Suffolk and North Essex NHS Foundation Trust
E02004507,RDE,East Suffolk and North Essex NHS Foundation Trust
E02004508,RDE,East Suffolk and North Essex NHS Foundation Trust
E02004512,RDE,East Suffolk and North Essex NHS Foundation Trust
E02004513,RDE,East Suffolk and North Essex NHS Foundation Trust
E02004514,RDE,East Suffolk and North Essex NHS Foundation Trust
E02004515,RDE,East Suffolk and North Essex NHS Foundation Trust
E02004516,RDE,East Suffolk and North Essex NHS Foundation Trust
E02004517,RDE,East Suffolk and North Essex NHS Foundation Trust
E02004518,RDE,East Suffolk and North Essex NHS Foundation Trust
E02004519,RDE,East Suffolk and North Essex NHS Foundation Trust
E02004520,RDE,East Suffolk and North Essex NHS Foundation Trust
E02004521,RDE,East Suffolk and North Essex NHS Foundation Trust
E02004522,RDE,East Suffolk and North Essex NHS Foundation Trust
E02004523,RDE,East Suffolk and North Essex NHS Foundation Trust
E02004524,RDE,East Suffolk and North Essex NHS Foundation Trust
E02004525,RDE,East Suffolk and North Essex NHS Foundation Trust
E02004526,RDE,East Suffolk and North Essex NHS Foundation Trust
E02004555,RDE,East Suffolk and North Essex NHS Foundation Trust
E02004573,RDE,East Suffolk and North Essex NHS Foundation Trust
E02004574,RDE,East Suffolk and North Essex NHS Foundation Trust
E02004575,RDE,East Suffolk and North Essex NHS Foundation Trust
E02004576,RDE,East Suffolk and North Essex NHS Foundation Trust
E02004577,RDE,East Suffolk and North Essex NHS Foundation Trust
E02004578,RDE,East Suffolk and North Essex NHS Foundation Trust
E02004579,RDE,East Suffolk and North Essex NHS Foundation Trust
E02004580,RDE,East Suffolk and North Essex NHS Foundation Trust
E02004581,RDE,East Suffolk and North Essex NHS Foundation Trust
E02004582,RDE,East Suffolk and North Essex NHS Foundation Trust
E02004583,RDE,East Suffolk and North Essex NHS Foundation Trust
E02004584,RDE,East Suffolk and North Essex NHS Foundation Trust
E02004585,RDE,East Suffolk and North Essex NHS Foundation Trust
E02004586,RDE,East Suffolk and North Essex NHS Foundation Trust
E02004587,RDE,East Suffolk and North Essex NHS Foundation Trust
E02004588,RDE,East Suffolk and North Essex NHS Foundation Trust
E02004589,RDE,East Suffolk and North Essex NHS Foundation Trust
E02004590,RDE,East Suffolk and North Essex NHS Foundation Trust
E02006230,RDE,East Suffolk and North Essex NHS Foundation Trust
E02006231,RDE,East Suffolk and North Essex NHS Foundation Trust
E02006235,RDE,East Suffolk and North Essex NHS Foundation Trust
E02006236,RDE,East Suffolk and North Essex NHS Foundation Trust
E02006237,RDE,East Suffolk and North Essex NHS Foundation Trust
E02006245,RDE,East Suffolk and North Essex NHS Foundation Trust
E02006246,RDE,East Suffolk and North Essex NHS Foundation Trust
E02006247,RDE,East Suffolk and North Essex NHS Foundation Trust
E02006248,RDE,East Suffolk and North Essex NHS Foundation Trust
E02006249,RDE,East Suffolk and North Essex NHS Foundation Trust
E02006250,RDE,East Suffolk and North Essex NHS Foundation Trust
E02006251,RDE,East Suffolk and North Essex NHS Foundation Trust
E02006252,RDE,East Suffolk and North Essex NHS Foundation Trust
E02006253,RDE,East Suffolk and North Essex NHS Foundation Trust
E02006254,RDE,East Suffolk and North Essex NHS Foundation Trust
E02006255,RDE,East Suffolk and North Essex NHS Foundation Trust
E02006256,RDE,East Suffolk and North Essex NHS Foundation Trust
E02006257,RDE,East Suffolk and North Essex NHS Foundation Trust
E02006258,RDE,East Suffolk and North Essex NHS Foundation Trust
E02006259,RDE,East Suffolk and North Essex NHS Foundation Trust
E02006260,RDE,East Suffolk and North Essex NHS Foundation Trust
E02006261,RDE,East Suffolk and North Essex NHS Foundation Trust
E02006263,RDE,East Suffolk and North Essex NHS Foundation Trust
E02006265,RDE,East Suffolk and North Essex NHS Foundation Trust
E02006267,RDE,East Suffolk and North Essex NHS Foundation Trust
E02006268,RDE,East Suffolk and North Essex NHS Foundation Trust
E02006270,RDE,East Suffolk and North Essex NHS Foundation Trust
E02006271,RDE,East Suffolk and North Essex NHS Foundation Trust
E02006272,RDE,East Suffolk and North Essex NHS Foundation Trust
E02006288,RDE,East Suffolk and North Essex NHS Foundation Trust
E02006289,RDE,East Suffolk and North Essex NHS Foundation Trust
E02006290,RDE,East Suffolk and North Essex NHS Foundation Trust
E02006291,RDE,East Suffolk and North Essex NHS Foundation Trust
E02006292,RDE,East Suffolk and North Essex NHS Foundation Trust
E02006293,RDE,East Suffolk and North Essex NHS Foundation Trust
E02006294,RDE,East Suffolk and North Essex NHS Foundation Trust
E02006295,RDE,East Suffolk and North Essex NHS Foundation Trust
E02006296,RDE,East Suffolk and North Essex NHS Foundation Trust
E02006297,RDE,East Suffolk and North Essex NHS Foundation Trust
E02006298,RDE,East Suffolk and North Essex NHS Foundation Trust
E02006299,RDE,East Suffolk and North Essex NHS Foundation Trust
E02006300,RDE,East Suffolk and North Essex NHS Foundation Trust
E02006301,RDE,East Suffolk and North Essex NHS Foundation Trust
E02006922,RDE,East Suffolk and North Essex NHS Foundation Trust
E02007056,RDE,East Suffolk and North Essex NHS Foundation Trust
E02007057,RDE,East Suffolk and North Essex NHS Foundation Trust
E02003352,RDU,Frimley Health NHS Foundation Trust
E02003353,RDU,Frimley Health NHS Foundation Trust
E02003354,RDU,Frimley Health NHS Foundation Trust
E02003355,RDU,Frimley Health NHS Foundation Trust
E02003356,RDU,Frimley Health NHS Foundation Trust
E02003357,RDU,Frimley Health NHS Foundation Trust
E02003358,RDU,Frimley Health NHS Foundation Trust
E02003359,RDU,Frimley Health NHS Foundation Trust
E02003360,RDU,Frimley Health NHS Foundation Trust
E02003361,RDU,Frimley Health NHS Foundation Trust
E02003362,RDU,Frimley Health NHS Foundation Trust
E02003363,RDU,Frimley Health NHS Foundation Trust
E02003364,RDU,Frimley Health NHS Foundation Trust
E02003365,RDU,Frimley Health NHS Foundation Trust
E02003366,RDU,Frimley Health NHS Foundation Trust
E02003407,RDU,Frimley Health NHS Foundation Trust
E02003408,RDU,Frimley Health NHS Foundation Trust
E02003409,RDU,Frimley Health NHS Foundation Trust
E02003410,RDU,Frimley Health NHS Foundation Trust
E02003411,RDU,Frimley Health NHS Foundation Trust
E02003412,RDU,Frimley Health NHS Foundation Trust
E02003414,RDU,Frimley Health NHS Foundation Trust
E02003415,RDU,Frimley Health NHS Foundation Trust
E02003416,RDU,Frimley Health NHS Foundation Trust
E02003417,RDU,Frimley Health NHS Foundation Trust
E02003418,RDU,Frimley Health NHS Foundation Trust
E02003419,RDU,Frimley Health NHS Foundation Trust
E02003420,RDU,Frimley Health NHS Foundation Trust
E02003421,RDU,Frimley Health NHS Foundation Trust
E02003422,RDU,Frimley Health NHS Foundation Trust
E02003423,RDU,Frimley Health NHS Foundation Trust
E02003424,RDU,Frimley Health NHS Foundation Trust
E02003425,RDU,Frimley Health NHS Foundation Trust
E02003426,RDU,Frimley Health NHS Foundation Trust
E02003427,RDU,Frimley Health NHS Foundation Trust
E02003428,RDU,Frimley Health NHS Foundation Trust
E02003429,RDU,Frimley Health NHS Foundation Trust
E02003430,RDU,Frimley Health NHS Foundation Trust
E02003431,RDU,Frimley Health NHS Foundation Trust
E02003432,RDU,Frimley Health NHS Foundation Trust
E02003433,RDU,Frimley Health NHS Foundation Trust
E02003434,RDU,Frimley Health NHS Foundation Trust
E02003435,RDU,Frimley Health NHS Foundation Trust
E02003436,RDU,Frimley Health NHS Foundation Trust
E02003437,RDU,Frimley Health NHS Foundation Trust
E02003438,RDU,Frimley Health NHS Foundation Trust
E02003458,RDU,Frimley Health NHS Foundation Trust
E02003690,RDU,Frimley Health NHS Foundation Trust
E02003691,RDU,Frimley Health NHS Foundation Trust
E02003692,RDU,Frimley Health NHS Foundation Trust
E02003693,RDU,Frimley Health NHS Foundation Trust
E02003694,RDU,Frimley Health NHS Foundation Trust
E02003695,RDU,Frimley Health NHS Foundation Trust
E02004751,RDU,Frimley Health NHS Foundation Trust
E02004752,RDU,Frimley Health NHS Foundation Trust
E02004753,RDU,Frimley Health NHS Foundation Trust
E02004755,RDU,Frimley Health NHS Foundation Trust
E02004757,RDU,Frimley Health NHS Foundation Trust
E02004758,RDU,Frimley Health NHS Foundation Trust
E02004759,RDU,Frimley Health NHS Foundation Trust
E02004760,RDU,Frimley Health NHS Foundation Trust
E02004802,RDU,Frimley Health NHS Foundation Trust
E02004803,RDU,Frimley Health NHS Foundation Trust
E02004804,RDU,Frimley Health NHS Foundation Trust
E02004805,RDU,Frimley Health NHS Foundation Trust
E02004806,RDU,Frimley Health NHS Foundation Trust
E02004807,RDU,Frimley Health NHS Foundation Trust
E02004808,RDU,Frimley Health NHS Foundation Trust
E02004809,RDU,Frimley Health NHS Foundation Trust
E02004810,RDU,Frimley Health NHS Foundation Trust
E02004811,RDU,Frimley Health NHS Foundation Trust
E02004812,RDU,Frimley Health NHS Foundation Trust
E02004813,RDU,Frimley Health NHS Foundation Trust
E02006347,RDU,Frimley Health NHS Foundation Trust
E02006353,RDU,Frimley Health NHS Foundation Trust
E02006357,RDU,Frimley Health NHS Foundation Trust
E02006416,RDU,Frimley Health NHS Foundation Trust
E02006417,RDU,Frimley Health NHS Foundation Trust
E02006418,RDU,Frimley Health NHS Foundation Trust
E02006419,RDU,Frimley Health NHS Foundation Trust
E02006420,RDU,Frimley Health NHS Foundation Trust
E02006422,RDU,Frimley Health NHS Foundation Trust
E02006423,RDU,Frimley Health NHS Foundation Trust
E02006424,RDU,Frimley Health NHS Foundation Trust
E02006425,RDU,Frimley Health NHS Foundation Trust
E02006426,RDU,Frimley Health NHS Foundation Trust
E02006427,RDU,Frimley Health NHS Foundation Trust
E02006439,RDU,Frimley Health NHS Foundation Trust
E02006440,RDU,Frimley Health NHS Foundation Trust
E02006441,RDU,Frimley Health NHS Foundation Trust
E02006442,RDU,Frimley Health NHS Foundation Trust
E02006444,RDU,Frimley Health NHS Foundation Trust
E02006447,RDU,Frimley Health NHS Foundation Trust
E02007068,RDU,Frimley Health NHS Foundation Trust
E02007069,RDU,Frimley Health NHS Foundation Trust
E02003905,REF,Royal Cornwall Hospitals NHS Trust
E02003906,REF,Royal Cornwall Hospitals NHS Trust
E02003907,REF,Royal Cornwall Hospitals NHS Trust
E02003908,REF,Royal Cornwall Hospitals NHS Trust
E02003909,REF,Royal Cornwall Hospitals NHS Trust
E02003910,REF,Royal Cornwall Hospitals NHS Trust
E02003911,REF,Royal Cornwall Hospitals NHS Trust
E02003912,REF,Royal Cornwall Hospitals NHS Trust
E02003913,REF,Royal Cornwall Hospitals NHS Trust
E02003914,REF,Royal Cornwall Hospitals NHS Trust
E02003915,REF,Royal Cornwall Hospitals NHS Trust
E02003916,REF,Royal Cornwall Hospitals NHS Trust
E02003917,REF,Royal Cornwall Hospitals NHS Trust
E02003918,REF,Royal Cornwall Hospitals NHS Trust
E02003919,REF,Royal Cornwall Hospitals NHS Trust
E02003920,REF,Royal Cornwall Hospitals NHS Trust
E02003921,REF,Royal Cornwall Hospitals NHS Trust
E02003922,REF,Royal Cornwall Hospitals NHS Trust
E02003923,REF,Royal Cornwall Hospitals NHS Trust
E02003924,REF,Royal Cornwall Hospitals NHS Trust
E02003925,REF,Royal Cornwall Hospitals NHS Trust
E02003926,REF,Royal Cornwall Hospitals NHS Trust
E02003927,REF,Royal Cornwall Hospitals NHS Trust
E02003928,REF,Royal Cornwall Hospitals NHS Trust
E02003929,REF,Royal Cornwall Hospitals NHS Trust
E02003930,REF,Royal Cornwall Hospitals NHS Trust
E02003933,REF,Royal Cornwall Hospitals NHS Trust
E02003934,REF,Royal Cornwall Hospitals NHS Trust
E02003937,REF,Royal Cornwall Hospitals NHS Trust
E02003938,REF,Royal Cornwall Hospitals NHS Trust
E02003939,REF,Royal Cornwall Hospitals NHS Trust
E02003940,REF,Royal Cornwall Hospitals NHS Trust
E02003941,REF,Royal Cornwall Hospitals NHS Trust
E02003942,REF,Royal Cornwall Hospitals NHS Trust
E02003943,REF,Royal Cornwall Hospitals NHS Trust
E02003944,REF,Royal Cornwall Hospitals NHS Trust
E02003945,REF,Royal Cornwall Hospitals NHS Trust
E02003946,REF,Royal Cornwall Hospitals NHS Trust
E02003947,REF,Royal Cornwall Hospitals NHS Trust
E02003948,REF,Royal Cornwall Hospitals NHS Trust
E02003949,REF,Royal Cornwall Hospitals NHS Trust
E02003950,REF,Royal Cornwall Hospitals NHS Trust
E02003951,REF,Royal Cornwall Hospitals NHS Trust
E02003952,REF,Royal Cornwall Hospitals NHS Trust
E02003953,REF,Royal Cornwall Hospitals NHS Trust
E02003954,REF,Royal Cornwall Hospitals NHS Trust
E02003955,REF,Royal Cornwall Hospitals NHS Trust
E02003956,REF,Royal Cornwall Hospitals NHS Trust
E02003957,REF,Royal Cornwall Hospitals NHS Trust
E02003958,REF,Royal Cornwall Hospitals NHS Trust
E02003959,REF,Royal Cornwall Hospitals NHS Trust
E02003960,REF,Royal Cornwall Hospitals NHS Trust
E02003961,REF,Royal Cornwall Hospitals NHS Trust
E02003962,REF,Royal Cornwall Hospitals NHS Trust
E02003963,REF,Royal Cornwall Hospitals NHS Trust
E02003964,REF,Royal Cornwall Hospitals NHS Trust
E02006781,REF,Royal Cornwall Hospitals NHS Trust
E02001327,REM,Liverpool University Hospitals NHS Foundation Trust
E02001328,REM,Liverpool University Hospitals NHS Foundation Trust
E02001329,REM,Liverpool University Hospitals NHS Foundation Trust
E02001330,REM,Liverpool University Hospitals NHS Foundation Trust
E02001331,REM,Liverpool University Hospitals NHS Foundation Trust
E02001347,REM,Liverpool University Hospitals NHS Foundation Trust
E02001348,REM,Liverpool University Hospitals NHS Foundation Trust
E02001349,REM,Liverpool University Hospitals NHS Foundation Trust
E02001350,REM,Liverpool University Hospitals NHS Foundation Trust
E02001351,REM,Liverpool University Hospitals NHS Foundation Trust
E02001352,REM,Liverpool University Hospitals NHS Foundation Trust
E02001353,REM,Liverpool University Hospitals NHS Foundation Trust
E02001354,REM,Liverpool University Hospitals NHS Foundation Trust
E02001355,REM,Liverpool University Hospitals NHS Foundation Trust
E02001356,REM,Liverpool University Hospitals NHS Foundation Trust
E02001357,REM,Liverpool University Hospitals NHS Foundation Trust
E02001358,REM,Liverpool University Hospitals NHS Foundation Trust
E02001359,REM,Liverpool University Hospitals NHS Foundation Trust
E02001360,REM,Liverpool University Hospitals NHS Foundation Trust
E02001361,REM,Liverpool University Hospitals NHS Foundation Trust
E02001362,REM,Liverpool University Hospitals NHS Foundation Trust
E02001363,REM,Liverpool University Hospitals NHS Foundation Trust
E02001364,REM,Liverpool University Hospitals NHS Foundation Trust
E02001365,REM,Liverpool University Hospitals NHS Foundation Trust
E02001366,REM,Liverpool University Hospitals NHS Foundation Trust
E02001367,REM,Liverpool University Hospitals NHS Foundation Trust
E02001368,REM,Liverpool University Hospitals NHS Foundation Trust
E02001369,REM,Liverpool University Hospitals NHS Foundation Trust
E02001370,REM,Liverpool University Hospitals NHS Foundation Trust
E02001371,REM,Liverpool University Hospitals NHS Foundation Trust
E02001372,REM,Liverpool University Hospitals NHS Foundation Trust
E02001373,REM,Liverpool University Hospitals NHS Foundation Trust
E02001374,REM,Liverpool University Hospitals NHS Foundation Trust
E02001375,REM,Liverpool University Hospitals NHS Foundation Trust
E02001376,REM,Liverpool University Hospitals NHS Foundation Trust
E02001377,REM,Liverpool University Hospitals NHS Foundation Trust
E02001378,REM,Liverpool University Hospitals NHS Foundation Trust
E02001380,REM,Liverpool University Hospitals NHS Foundation Trust
E02001381,REM,Liverpool University Hospitals NHS Foundation Trust
E02001382,REM,Liverpool University Hospitals NHS Foundation Trust
E02001383,REM,Liverpool University Hospitals NHS Foundation Trust
E02001384,REM,Liverpool University Hospitals NHS Foundation Trust
E02001385,REM,Liverpool University Hospitals NHS Foundation Trust
E02001386,REM,Liverpool University Hospitals NHS Foundation Trust
E02001387,REM,Liverpool University Hospitals NHS Foundation Trust
E02001388,REM,Liverpool University Hospitals NHS Foundation Trust
E02001389,REM,Liverpool University Hospitals NHS Foundation Trust
E02001390,REM,Liverpool University Hospitals NHS Foundation Trust
E02001391,REM,Liverpool University Hospitals NHS Foundation Trust
E02001392,REM,Liverpool University Hospitals NHS Foundation Trust
E02001393,REM,Liverpool University Hospitals NHS Foundation Trust
E02001394,REM,Liverpool University Hospitals NHS Foundation Trust
E02001395,REM,Liverpool University Hospitals NHS Foundation Trust
E02001396,REM,Liverpool University Hospitals NHS Foundation Trust
E02001397,REM,Liverpool University Hospitals NHS Foundation Trust
E02001398,REM,Liverpool University Hospitals NHS Foundation Trust
E02001399,REM,Liverpool University Hospitals NHS Foundation Trust
E02001400,REM,Liverpool University Hospitals NHS Foundation Trust
E02001401,REM,Liverpool University Hospitals NHS Foundation Trust
E02001402,REM,Liverpool University Hospitals NHS Foundation Trust
E02001403,REM,Liverpool University Hospitals NHS Foundation Trust
E02001404,REM,Liverpool University Hospitals NHS Foundation Trust
E02001405,REM,Liverpool University Hospitals NHS Foundation Trust
E02001445,REM,Liverpool University Hospitals NHS Foundation Trust
E02001446,REM,Liverpool University Hospitals NHS Foundation Trust
E02001447,REM,Liverpool University Hospitals NHS Foundation Trust
E02001448,REM,Liverpool University Hospitals NHS Foundation Trust
E02001449,REM,Liverpool University Hospitals NHS Foundation Trust
E02001450,REM,Liverpool University Hospitals NHS Foundation Trust
E02001451,REM,Liverpool University Hospitals NHS Foundation Trust
E02001452,REM,Liverpool University Hospitals NHS Foundation Trust
E02001453,REM,Liverpool University Hospitals NHS Foundation Trust
E02001454,REM,Liverpool University Hospitals NHS Foundation Trust
E02001455,REM,Liverpool University Hospitals NHS Foundation Trust
E02001456,REM,Liverpool University Hospitals NHS Foundation Trust
E02001457,REM,Liverpool University Hospitals NHS Foundation Trust
E02001458,REM,Liverpool University Hospitals NHS Foundation Trust
E02001459,REM,Liverpool University Hospitals NHS Foundation Trust
E02001460,REM,Liverpool University Hospitals NHS Foundation Trust
E02001461,REM,Liverpool University Hospitals NHS Foundation Trust
E02001462,REM,Liverpool University Hospitals NHS Foundation Trust
E02001463,REM,Liverpool University Hospitals NHS Foundation Trust
E02001464,REM,Liverpool University Hospitals NHS Foundation Trust
E02001465,REM,Liverpool University Hospitals NHS Foundation Trust
E02001466,REM,Liverpool University Hospitals NHS Foundation Trust
E02006932,REM,Liverpool University Hospitals NHS Foundation Trust
E02006933,REM,Liverpool University Hospitals NHS Foundation Trust
E02006934,REM,Liverpool University Hospitals NHS Foundation Trust
E02000002,RF4,"Barking, Havering and Redbridge University Hospitals NHS Trust"
E02000003,RF4,"Barking, Havering and Redbridge University Hospitals NHS Trust"
E02000004,RF4,"Barking, Havering and Redbridge University Hospitals NHS Trust"
E02000005,RF4,"Barking, Havering and Redbridge University Hospitals NHS Trust"
E02000007,RF4,"Barking, Havering and Redbridge University Hospitals NHS Trust"
E02000008,RF4,"Barking, Havering and Redbridge University Hospitals NHS Trust"
E02000009,RF4,"Barking, Havering and Redbridge University Hospitals NHS Trust"
E02000010,RF4,"Barking, Havering and Redbridge University Hospitals NHS Trust"
E02000011,RF4,"Barking, Havering and Redbridge University Hospitals NHS Trust"
E02000012,RF4,"Barking, Havering and Redbridge University Hospitals NHS Trust"
E02000013,RF4,"Barking, Havering and Redbridge University Hospitals NHS Trust"
E02000014,RF4,"Barking, Havering and Redbridge University Hospitals NHS Trust"
E02000015,RF4,"Barking, Havering and Redbridge University Hospitals NHS Trust"
E02000016,RF4,"Barking, Havering and Redbridge University Hospitals NHS Trust"
E02000017,RF4,"Barking, Havering and Redbridge University Hospitals NHS Trust"
E02000018,RF4,"Barking, Havering and Redbridge University Hospitals NHS Trust"
E02000019,RF4,"Barking, Havering and Redbridge University Hospitals NHS Trust"
E02000020,RF4,"Barking, Havering and Redbridge University Hospitals NHS Trust"
E02000021,RF4,"Barking, Havering and Redbridge University Hospitals NHS Trust"
E02000022,RF4,"Barking, Havering and Redbridge University Hospitals NHS Trust"
E02000023,RF4,"Barking, Havering and Redbridge University Hospitals NHS Trust"
E02000464,RF4,"Barking, Havering and Redbridge University Hospitals NHS Trust"
E02000465,RF4,"Barking, Havering and Redbridge University Hospitals NHS Trust"
E02000466,RF4,"Barking, Havering and Redbridge University Hospitals NHS Trust"
E02000467,RF4,"Barking, Havering and Redbridge University Hospitals NHS Trust"
E02000468,RF4,"Barking, Havering and Redbridge University Hospitals NHS Trust"
E02000469,RF4,"Barking, Havering and Redbridge University Hospitals NHS Trust"
E02000470,RF4,"Barking, Havering and Redbridge University Hospitals NHS Trust"
E02000471,RF4,"Barking, Havering and Redbridge University Hospitals NHS Trust"
E02000472,RF4,"Barking, Havering and Redbridge University Hospitals NHS Trust"
E02000473,RF4,"Barking, Havering and Redbridge University Hospitals NHS Trust"
E02000474,RF4,"Barking, Havering and Redbridge University Hospitals NHS Trust"
E02000475,RF4,"Barking, Havering and Redbridge University Hospitals NHS Trust"
E02000476,RF4,"Barking, Havering and Redbridge University Hospitals NHS Trust"
E02000477,RF4,"Barking, Havering and Redbridge University Hospitals NHS Trust"
E02000478,RF4,"Barking, Havering and Redbridge University Hospitals NHS Trust"
E02000479,RF4,"Barking, Havering and Redbridge University Hospitals NHS Trust"
E02000480,RF4,"Barking, Havering and Redbridge University Hospitals NHS Trust"
E02000481,RF4,"Barking, Havering and Redbridge University Hospitals NHS Trust"
E02000482,RF4,"Barking, Havering and Redbridge University Hospitals NHS Trust"
E02000483,RF4,"Barking, Havering and Redbridge University Hospitals NHS Trust"
E02000484,RF4,"Barking, Havering and Redbridge University Hospitals NHS Trust"
E02000485,RF4,"Barking, Havering and Redbridge University Hospitals NHS Trust"
E02000486,RF4,"Barking, Havering and Redbridge University Hospitals NHS Trust"
E02000487,RF4,"Barking, Havering and Redbridge University Hospitals NHS Trust"
E02000488,RF4,"Barking, Havering and Redbridge University Hospitals NHS Trust"
E02000489,RF4,"Barking, Havering and Redbridge University Hospitals NHS Trust"
E02000490,RF4,"Barking, Havering and Redbridge University Hospitals NHS Trust"
E02000491,RF4,"Barking, Havering and Redbridge University Hospitals NHS Trust"
E02000492,RF4,"Barking, Havering and Redbridge University Hospitals NHS Trust"
E02000493,RF4,"Barking, Havering and Redbridge University Hospitals NHS Trust"
E02000752,RF4,"Barking, Havering and Redbridge University Hospitals NHS Trust"
E02000753,RF4,"Barking, Havering and Redbridge University Hospitals NHS Trust"
E02000756,RF4,"Barking, Havering and Redbridge University Hospitals NHS Trust"
E02000758,RF4,"Barking, Havering and Redbridge University Hospitals NHS Trust"
E02000760,RF4,"Barking, Havering and Redbridge University Hospitals NHS Trust"
E02000762,RF4,"Barking, Havering and Redbridge University Hospitals NHS Trust"
E02000763,RF4,"Barking, Havering and Redbridge University Hospitals NHS Trust"
E02000765,RF4,"Barking, Havering and Redbridge University Hospitals NHS Trust"
E02000767,RF4,"Barking, Havering and Redbridge University Hospitals NHS Trust"
E02000770,RF4,"Barking, Havering and Redbridge University Hospitals NHS Trust"
E02000772,RF4,"Barking, Havering and Redbridge University Hospitals NHS Trust"
E02000773,RF4,"Barking, Havering and Redbridge University Hospitals NHS Trust"
E02000774,RF4,"Barking, Havering and Redbridge University Hospitals NHS Trust"
E02000776,RF4,"Barking, Havering and Redbridge University Hospitals NHS Trust"
E02000779,RF4,"Barking, Havering and Redbridge University Hospitals NHS Trust"
E02000781,RF4,"Barking, Havering and Redbridge University Hospitals NHS Trust"
E02000782,RF4,"Barking, Havering and Redbridge University Hospitals NHS Trust"
E02000783,RF4,"Barking, Havering and Redbridge University Hospitals NHS Trust"
E02004542,RF4,"Barking, Havering and Redbridge University Hospitals NHS Trust"
E02004543,RF4,"Barking, Havering and Redbridge University Hospitals NHS Trust"
E02006799,RF4,"Barking, Havering and Redbridge University Hospitals NHS Trust"
E02006800,RF4,"Barking, Havering and Redbridge University Hospitals NHS Trust"
E02006924,RF4,"Barking, Havering and Redbridge University Hospitals NHS Trust"
E02006925,RF4,"Barking, Havering and Redbridge University Hospitals NHS Trust"
E02007017,RF4,"Barking, Havering and Redbridge University Hospitals NHS Trust"
E02007018,RF4,"Barking, Havering and Redbridge University Hospitals NHS Trust"
E02007019,RF4,"Barking, Havering and Redbridge University Hospitals NHS Trust"
E02007020,RF4,"Barking, Havering and Redbridge University Hospitals NHS Trust"
E02001509,RFF,Barnsley Hospital NHS Foundation Trust
E02001510,RFF,Barnsley Hospital NHS Foundation Trust
E02001511,RFF,Barnsley Hospital NHS Foundation Trust
E02001512,RFF,Barnsley Hospital NHS Foundation Trust
E02001513,RFF,Barnsley Hospital NHS Foundation Trust
E02001514,RFF,Barnsley Hospital NHS Foundation Trust
E02001515,RFF,Barnsley Hospital NHS Foundation Trust
E02001516,RFF,Barnsley Hospital NHS Foundation Trust
E02001517,RFF,Barnsley Hospital NHS Foundation Trust
E02001518,RFF,Barnsley Hospital NHS Foundation Trust
E02001519,RFF,Barnsley Hospital NHS Foundation Trust
E02001520,RFF,Barnsley Hospital NHS Foundation Trust
E02001521,RFF,Barnsley Hospital NHS Foundation Trust
E02001522,RFF,Barnsley Hospital NHS Foundation Trust
E02001523,RFF,Barnsley Hospital NHS Foundation Trust
E02001524,RFF,Barnsley Hospital NHS Foundation Trust
E02001525,RFF,Barnsley Hospital NHS Foundation Trust
E02001526,RFF,Barnsley Hospital NHS Foundation Trust
E02001527,RFF,Barnsley Hospital NHS Foundation Trust
E02001528,RFF,Barnsley Hospital NHS Foundation Trust
E02001529,RFF,Barnsley Hospital NHS Foundation Trust
E02001530,RFF,Barnsley Hospital NHS Foundation Trust
E02001531,RFF,Barnsley Hospital NHS Foundation Trust
E02001532,RFF,Barnsley Hospital NHS Foundation Trust
E02001533,RFF,Barnsley Hospital NHS Foundation Trust
E02001534,RFF,Barnsley Hospital NHS Foundation Trust
E02001535,RFF,Barnsley Hospital NHS Foundation Trust
E02001536,RFF,Barnsley Hospital NHS Foundation Trust
E02001537,RFF,Barnsley Hospital NHS Foundation Trust
E02001538,RFF,Barnsley Hospital NHS Foundation Trust
E02002327,RFF,Barnsley Hospital NHS Foundation Trust
E02001578,RFR,The Rotherham NHS Foundation Trust
E02001579,RFR,The Rotherham NHS Foundation Trust
E02001580,RFR,The Rotherham NHS Foundation Trust
E02001581,RFR,The Rotherham NHS Foundation Trust
E02001582,RFR,The Rotherham NHS Foundation Trust
E02001583,RFR,The Rotherham NHS Foundation Trust
E02001584,RFR,The Rotherham NHS Foundation Trust
E02001585,RFR,The Rotherham NHS Foundation Trust
E02001586,RFR,The Rotherham NHS Foundation Trust
E02001587,RFR,The Rotherham NHS Foundation Trust
E02001588,RFR,The Rotherham NHS Foundation Trust
E02001589,RFR,The Rotherham NHS Foundation Trust
E02001590,RFR,The Rotherham NHS Foundation Trust
E02001591,RFR,The Rotherham NHS Foundation Trust
E02001592,RFR,The Rotherham NHS Foundation Trust
E02001593,RFR,The Rotherham NHS Foundation Trust
E02001594,RFR,The Rotherham NHS Foundation Trust
E02001595,RFR,The Rotherham NHS Foundation Trust
E02001596,RFR,The Rotherham NHS Foundation Trust
E02001597,RFR,The Rotherham NHS Foundation Trust
E02001598,RFR,The Rotherham NHS Foundation Trust
E02001600,RFR,The Rotherham NHS Foundation Trust
E02001602,RFR,The Rotherham NHS Foundation Trust
E02001603,RFR,The Rotherham NHS Foundation Trust
E02001604,RFR,The Rotherham NHS Foundation Trust
E02001605,RFR,The Rotherham NHS Foundation Trust
E02001606,RFR,The Rotherham NHS Foundation Trust
E02001607,RFR,The Rotherham NHS Foundation Trust
E02001608,RFR,The Rotherham NHS Foundation Trust
E02001609,RFR,The Rotherham NHS Foundation Trust
E02001610,RFR,The Rotherham NHS Foundation Trust
E02007002,RFR,The Rotherham NHS Foundation Trust
E02004045,RFS,Chesterfield Royal Hospital NHS Foundation Trust
E02004046,RFS,Chesterfield Royal Hospital NHS Foundation Trust
E02004047,RFS,Chesterfield Royal Hospital NHS Foundation Trust
E02004048,RFS,Chesterfield Royal Hospital NHS Foundation Trust
E02004049,RFS,Chesterfield Royal Hospital NHS Foundation Trust
E02004052,RFS,Chesterfield Royal Hospital NHS Foundation Trust
E02004055,RFS,Chesterfield Royal Hospital NHS Foundation Trust
E02004056,RFS,Chesterfield Royal Hospital NHS Foundation Trust
E02004057,RFS,Chesterfield Royal Hospital NHS Foundation Trust
E02004058,RFS,Chesterfield Royal Hospital NHS Foundation Trust
E02004059,RFS,Chesterfield Royal Hospital NHS Foundation Trust
E02004060,RFS,Chesterfield Royal Hospital NHS Foundation Trust
E02004061,RFS,Chesterfield Royal Hospital NHS Foundation Trust
E02004062,RFS,Chesterfield Royal Hospital NHS Foundation Trust
E02004063,RFS,Chesterfield Royal Hospital NHS Foundation Trust
E02004064,RFS,Chesterfield Royal Hospital NHS Foundation Trust
E02004065,RFS,Chesterfield Royal Hospital NHS Foundation Trust
E02004066,RFS,Chesterfield Royal Hospital NHS Foundation Trust
E02004067,RFS,Chesterfield Royal Hospital NHS Foundation Trust
E02004069,RFS,Chesterfield Royal Hospital NHS Foundation Trust
E02004072,RFS,Chesterfield Royal Hospital NHS Foundation Trust
E02004073,RFS,Chesterfield Royal Hospital NHS Foundation Trust
E02004105,RFS,Chesterfield Royal Hospital NHS Foundation Trust
E02004106,RFS,Chesterfield Royal Hospital NHS Foundation Trust
E02004108,RFS,Chesterfield Royal Hospital NHS Foundation Trust
E02004109,RFS,Chesterfield Royal Hospital NHS Foundation Trust
E02004110,RFS,Chesterfield Royal Hospital NHS Foundation Trust
E02004111,RFS,Chesterfield Royal Hospital NHS Foundation Trust
E02004112,RFS,Chesterfield Royal Hospital NHS Foundation Trust
E02004113,RFS,Chesterfield Royal Hospital NHS Foundation Trust
E02004114,RFS,Chesterfield Royal Hospital NHS Foundation Trust
E02004115,RFS,Chesterfield Royal Hospital NHS Foundation Trust
E02004116,RFS,Chesterfield Royal Hospital NHS Foundation Trust
E02004117,RFS,Chesterfield Royal Hospital NHS Foundation Trust
E02006804,RFS,Chesterfield Royal Hospital NHS Foundation Trust
E02007029,RFS,Chesterfield Royal Hospital NHS Foundation Trust
E02002863,RGN,North West Anglia NHS Foundation Trust
E02002866,RGN,North West Anglia NHS Foundation Trust
E02003237,RGN,North West Anglia NHS Foundation Trust
E02003238,RGN,North West Anglia NHS Foundation Trust
E02003239,RGN,North West Anglia NHS Foundation Trust
E02003240,RGN,North West Anglia NHS Foundation Trust
E02003241,RGN,North West Anglia NHS Foundation Trust
E02003242,RGN,North West Anglia NHS Foundation Trust
E02003243,RGN,North West Anglia NHS Foundation Trust
E02003244,RGN,North West Anglia NHS Foundation Trust
E02003245,RGN,North West Anglia NHS Foundation Trust
E02003246,RGN,North West Anglia NHS Foundation Trust
E02003247,RGN,North West Anglia NHS Foundation Trust
E02003248,RGN,North West Anglia NHS Foundation Trust
E02003249,RGN,North West Anglia NHS Foundation Trust
E02003250,RGN,North West Anglia NHS Foundation Trust
E02003251,RGN,North West Anglia NHS Foundation Trust
E02003252,RGN,North West Anglia NHS Foundation Trust
E02003253,RGN,North West Anglia NHS Foundation Trust
E02003254,RGN,North West Anglia NHS Foundation Trust
E02003255,RGN,North West Anglia NHS Foundation Trust
E02003257,RGN,North West Anglia NHS Foundation Trust
E02003746,RGN,North West Anglia NHS Foundation Trust
E02003747,RGN,North West Anglia NHS Foundation Trust
E02003748,RGN,North West Anglia NHS Foundation Trust
E02003749,RGN,North West Anglia NHS Foundation Trust
E02003750,RGN,North West Anglia NHS Foundation Trust
E02003751,RGN,North West Anglia NHS Foundation Trust
E02003752,RGN,North West Anglia NHS Foundation Trust
E02003753,RGN,North West Anglia NHS Foundation Trust
E02003754,RGN,North West Anglia NHS Foundation Trust
E02003755,RGN,North West Anglia NHS Foundation Trust
E02003756,RGN,North West Anglia NHS Foundation Trust
E02003757,RGN,North West Anglia NHS Foundation Trust
E02003758,RGN,North West Anglia NHS Foundation Trust
E02003759,RGN,North West Anglia NHS Foundation Trust
E02003760,RGN,North West Anglia NHS Foundation Trust
E02003761,RGN,North West Anglia NHS Foundation Trust
E02003762,RGN,North West Anglia NHS Foundation Trust
E02003763,RGN,North West Anglia NHS Foundation Trust
E02003764,RGN,North West Anglia NHS Foundation Trust
E02003765,RGN,North West Anglia NHS Foundation Trust
E02003766,RGN,North West Anglia NHS Foundation Trust
E02003767,RGN,North West Anglia NHS Foundation Trust
E02003768,RGN,North West Anglia NHS Foundation Trust
E02003769,RGN,North West Anglia NHS Foundation Trust
E02003770,RGN,North West Anglia NHS Foundation Trust
E02003771,RGN,North West Anglia NHS Foundation Trust
E02003772,RGN,North West Anglia NHS Foundation Trust
E02003773,RGN,North West Anglia NHS Foundation Trust
E02003774,RGN,North West Anglia NHS Foundation Trust
E02005473,RGN,North West Anglia NHS Foundation Trust
E02005474,RGN,North West Anglia NHS Foundation Trust
E02005475,RGN,North West Anglia NHS Foundation Trust
E02005483,RGN,North West Anglia NHS Foundation Trust
E02005485,RGN,North West Anglia NHS Foundation Trust
E02005486,RGN,North West Anglia NHS Foundation Trust
E02005487,RGN,North West Anglia NHS Foundation Trust
E02005488,RGN,North West Anglia NHS Foundation Trust
E02005489,RGN,North West Anglia NHS Foundation Trust
E02005490,RGN,North West Anglia NHS Foundation Trust
E02005491,RGN,North West Anglia NHS Foundation Trust
E02005629,RGN,North West Anglia NHS Foundation Trust
E02005630,RGN,North West Anglia NHS Foundation Trust
E02006877,RGN,North West Anglia NHS Foundation Trust
E02006878,RGN,North West Anglia NHS Foundation Trust
E02005538,RGP,James Paget University Hospitals NHS Foundation Trust
E02005539,RGP,James Paget University Hospitals NHS Foundation Trust
E02005540,RGP,James Paget University Hospitals NHS Foundation Trust
E02005541,RGP,James Paget University Hospitals NHS Foundation Trust
E02005542,RGP,James Paget University Hospitals NHS Foundation Trust
E02005543,RGP,James Paget University Hospitals NHS Foundation Trust
E02005544,RGP,James Paget University Hospitals NHS Foundation Trust
E02005545,RGP,James Paget University Hospitals NHS Foundation Trust
E02005546,RGP,James Paget University Hospitals NHS Foundation Trust
E02005547,RGP,James Paget University Hospitals NHS Foundation Trust
E02005548,RGP,James Paget University Hospitals NHS Foundation Trust
E02005549,RGP,James Paget University Hospitals NHS Foundation Trust
E02005550,RGP,James Paget University Hospitals NHS Foundation Trust
E02005606,RGP,James Paget University Hospitals NHS Foundation Trust
E02006287,RGP,James Paget University Hospitals NHS Foundation Trust
E02006302,RGP,James Paget University Hospitals NHS Foundation Trust
E02006303,RGP,James Paget University Hospitals NHS Foundation Trust
E02006304,RGP,James Paget University Hospitals NHS Foundation Trust
E02006305,RGP,James Paget University Hospitals NHS Foundation Trust
E02006306,RGP,James Paget University Hospitals NHS Foundation Trust
E02006307,RGP,James Paget University Hospitals NHS Foundation Trust
E02006308,RGP,James Paget University Hospitals NHS Foundation Trust
E02006309,RGP,James Paget University Hospitals NHS Foundation Trust
E02006310,RGP,James Paget University Hospitals NHS Foundation Trust
E02006311,RGP,James Paget University Hospitals NHS Foundation Trust
E02006312,RGP,James Paget University Hospitals NHS Foundation Trust
E02006313,RGP,James Paget University Hospitals NHS Foundation Trust
E02006314,RGP,James Paget University Hospitals NHS Foundation Trust
E02006315,RGP,James Paget University Hospitals NHS Foundation Trust
E02006316,RGP,James Paget University Hospitals NHS Foundation Trust
E02004447,RGR,West Suffolk NHS Foundation Trust
E02005514,RGR,West Suffolk NHS Foundation Trust
E02005517,RGR,West Suffolk NHS Foundation Trust
E02005518,RGR,West Suffolk NHS Foundation Trust
E02005519,RGR,West Suffolk NHS Foundation Trust
E02006227,RGR,West Suffolk NHS Foundation Trust
E02006228,RGR,West Suffolk NHS Foundation Trust
E02006229,RGR,West Suffolk NHS Foundation Trust
E02006232,RGR,West Suffolk NHS Foundation Trust
E02006233,RGR,West Suffolk NHS Foundation Trust
E02006234,RGR,West Suffolk NHS Foundation Trust
E02006238,RGR,West Suffolk NHS Foundation Trust
E02006239,RGR,West Suffolk NHS Foundation Trust
E02006240,RGR,West Suffolk NHS Foundation Trust
E02006241,RGR,West Suffolk NHS Foundation Trust
E02006242,RGR,West Suffolk NHS Foundation Trust
E02006243,RGR,West Suffolk NHS Foundation Trust
E02006262,RGR,West Suffolk NHS Foundation Trust
E02006264,RGR,West Suffolk NHS Foundation Trust
E02006266,RGR,West Suffolk NHS Foundation Trust
E02006269,RGR,West Suffolk NHS Foundation Trust
E02006273,RGR,West Suffolk NHS Foundation Trust
E02006274,RGR,West Suffolk NHS Foundation Trust
E02006275,RGR,West Suffolk NHS Foundation Trust
E02006276,RGR,West Suffolk NHS Foundation Trust
E02006277,RGR,West Suffolk NHS Foundation Trust
E02006278,RGR,West Suffolk NHS Foundation Trust
E02006279,RGR,West Suffolk NHS Foundation Trust
E02006280,RGR,West Suffolk NHS Foundation Trust
E02006281,RGR,West Suffolk NHS Foundation Trust
E02006282,RGR,West Suffolk NHS Foundation Trust
E02006283,RGR,West Suffolk NHS Foundation Trust
E02006286,RGR,West Suffolk NHS Foundation Trust
E02006825,RGR,West Suffolk NHS Foundation Trust
E02006826,RGR,West Suffolk NHS Foundation Trust
E02003719,RGT,Cambridge University Hospitals NHS Foundation Trust
E02003720,RGT,Cambridge University Hospitals NHS Foundation Trust
E02003721,RGT,Cambridge University Hospitals NHS Foundation Trust
E02003722,RGT,Cambridge University Hospitals NHS Foundation Trust
E02003723,RGT,Cambridge University Hospitals NHS Foundation Trust
E02003724,RGT,Cambridge University Hospitals NHS Foundation Trust
E02003725,RGT,Cambridge University Hospitals NHS Foundation Trust
E02003726,RGT,Cambridge University Hospitals NHS Foundation Trust
E02003727,RGT,Cambridge University Hospitals NHS Foundation Trust
E02003728,RGT,Cambridge University Hospitals NHS Foundation Trust
E02003729,RGT,Cambridge University Hospitals NHS Foundation Trust
E02003731,RGT,Cambridge University Hospitals NHS Foundation Trust
E02003732,RGT,Cambridge University Hospitals NHS Foundation Trust
E02003733,RGT,Cambridge University Hospitals NHS Foundation Trust
E02003734,RGT,Cambridge University Hospitals NHS Foundation Trust
E02003735,RGT,Cambridge University Hospitals NHS Foundation Trust
E02003736,RGT,Cambridge University Hospitals NHS Foundation Trust
E02003737,RGT,Cambridge University Hospitals NHS Foundation Trust
E02003738,RGT,Cambridge University Hospitals NHS Foundation Trust
E02003739,RGT,Cambridge University Hospitals NHS Foundation Trust
E02003740,RGT,Cambridge University Hospitals NHS Foundation Trust
E02003775,RGT,Cambridge University Hospitals NHS Foundation Trust
E02003776,RGT,Cambridge University Hospitals NHS Foundation Trust
E02003777,RGT,Cambridge University Hospitals NHS Foundation Trust
E02003778,RGT,Cambridge University Hospitals NHS Foundation Trust
E02003780,RGT,Cambridge University Hospitals NHS Foundation Trust
E02003781,RGT,Cambridge University Hospitals NHS Foundation Trust
E02003784,RGT,Cambridge University Hospitals NHS Foundation Trust
E02003785,RGT,Cambridge University Hospitals NHS Foundation Trust
E02003786,RGT,Cambridge University Hospitals NHS Foundation Trust
E02003787,RGT,Cambridge University Hospitals NHS Foundation Trust
E02003788,RGT,Cambridge University Hospitals NHS Foundation Trust
E02003789,RGT,Cambridge University Hospitals NHS Foundation Trust
E02003790,RGT,Cambridge University Hospitals NHS Foundation Trust
E02003791,RGT,Cambridge University Hospitals NHS Foundation Trust
E02003792,RGT,Cambridge University Hospitals NHS Foundation Trust
E02003793,RGT,Cambridge University Hospitals NHS Foundation Trust
E02004446,RGT,Cambridge University Hospitals NHS Foundation Trust
E02004591,RGT,Cambridge University Hospitals NHS Foundation Trust
E02004592,RGT,Cambridge University Hospitals NHS Foundation Trust
E02004593,RGT,Cambridge University Hospitals NHS Foundation Trust
E02004594,RGT,Cambridge University Hospitals NHS Foundation Trust
E02004909,RGT,Cambridge University Hospitals NHS Foundation Trust
E02004910,RGT,Cambridge University Hospitals NHS Foundation Trust
E02006284,RGT,Cambridge University Hospitals NHS Foundation Trust
E02006285,RGT,Cambridge University Hospitals NHS Foundation Trust
E02006873,RGT,Cambridge University Hospitals NHS Foundation Trust
E02006874,RGT,Cambridge University Hospitals NHS Foundation Trust
E02007085,RGT,Cambridge University Hospitals NHS Foundation Trust
E02007086,RGT,Cambridge University Hospitals NHS Foundation Trust
E02007087,RGT,Cambridge University Hospitals NHS Foundation Trust
E02004269,RH5,Somerset NHS Foundation Trust
E02004270,RH5,Somerset NHS Foundation Trust
E02006051,RH5,Somerset NHS Foundation Trust
E02006054,RH5,Somerset NHS Foundation Trust
E02006057,RH5,Somerset NHS Foundation Trust
E02006058,RH5,Somerset NHS Foundation Trust
E02006059,RH5,Somerset NHS Foundation Trust
E02006060,RH5,Somerset NHS Foundation Trust
E02006062,RH5,Somerset NHS Foundation Trust
E02006063,RH5,Somerset NHS Foundation Trust
E02006064,RH5,Somerset NHS Foundation Trust
E02006065,RH5,Somerset NHS Foundation Trust
E02006066,RH5,Somerset NHS Foundation Trust
E02006067,RH5,Somerset NHS Foundation Trust
E02006068,RH5,Somerset NHS Foundation Trust
E02006069,RH5,Somerset NHS Foundation Trust
E02006070,RH5,Somerset NHS Foundation Trust
E02006071,RH5,Somerset NHS Foundation Trust
E02006072,RH5,Somerset NHS Foundation Trust
E02006073,RH5,Somerset NHS Foundation Trust
E02006074,RH5,Somerset NHS Foundation Trust
E02006075,RH5,Somerset NHS Foundation Trust
E02006076,RH5,Somerset NHS Foundation Trust
E02006077,RH5,Somerset NHS Foundation Trust
E02006078,RH5,Somerset NHS Foundation Trust
E02006079,RH5,Somerset NHS Foundation Trust
E02006080,RH5,Somerset NHS Foundation Trust
E02006081,RH5,Somerset NHS Foundation Trust
E02006082,RH5,Somerset NHS Foundation Trust
E02006083,RH5,Somerset NHS Foundation Trust
E02006084,RH5,Somerset NHS Foundation Trust
E02006085,RH5,Somerset NHS Foundation Trust
E02006086,RH5,Somerset NHS Foundation Trust
E02006087,RH5,Somerset NHS Foundation Trust
E02006088,RH5,Somerset NHS Foundation Trust
E02006089,RH5,Somerset NHS Foundation Trust
E02006090,RH5,Somerset NHS Foundation Trust
E02006091,RH5,Somerset NHS Foundation Trust
E02006092,RH5,Somerset NHS Foundation Trust
E02006093,RH5,Somerset NHS Foundation Trust
E02006094,RH5,Somerset NHS Foundation Trust
E02006095,RH5,Somerset NHS Foundation Trust
E02006096,RH5,Somerset NHS Foundation Trust
E02006097,RH5,Somerset NHS Foundation Trust
E02006098,RH5,Somerset NHS Foundation Trust
E02006099,RH5,Somerset NHS Foundation Trust
E02006100,RH5,Somerset NHS Foundation Trust
E02006101,RH5,Somerset NHS Foundation Trust
E02006102,RH5,Somerset NHS Foundation Trust
E02006103,RH5,Somerset NHS Foundation Trust
E02006104,RH5,Somerset NHS Foundation Trust
E02006105,RH5,Somerset NHS Foundation Trust
E02006106,RH5,Somerset NHS Foundation Trust
E02006107,RH5,Somerset NHS Foundation Trust
E02006108,RH5,Somerset NHS Foundation Trust
E02006109,RH5,Somerset NHS Foundation Trust
E02006110,RH5,Somerset NHS Foundation Trust
E02006111,RH5,Somerset NHS Foundation Trust
E02006112,RH5,Somerset NHS Foundation Trust
E02006113,RH5,Somerset NHS Foundation Trust
E02006114,RH5,Somerset NHS Foundation Trust
E02006115,RH5,Somerset NHS Foundation Trust
E02006116,RH5,Somerset NHS Foundation Trust
E02006117,RH5,Somerset NHS Foundation Trust
E02003931,RH8,Royal Devon University Healthcare NHS Foundation Trust
E02003932,RH8,Royal Devon University Healthcare NHS Foundation Trust
E02004129,RH8,Royal Devon University Healthcare NHS Foundation Trust
E02004130,RH8,Royal Devon University Healthcare NHS Foundation Trust
E02004131,RH8,Royal Devon University Healthcare NHS Foundation Trust
E02004132,RH8,Royal Devon University Healthcare NHS Foundation Trust
E02004133,RH8,Royal Devon University Healthcare NHS Foundation Trust
E02004135,RH8,Royal Devon University Healthcare NHS Foundation Trust
E02004136,RH8,Royal Devon University Healthcare NHS Foundation Trust
E02004137,RH8,Royal Devon University Healthcare NHS Foundation Trust
E02004138,RH8,Royal Devon University Healthcare NHS Foundation Trust
E02004139,RH8,Royal Devon University Healthcare NHS Foundation Trust
E02004140,RH8,Royal Devon University Healthcare NHS Foundation Trust
E02004141,RH8,Royal Devon University Healthcare NHS Foundation Trust
E02004142,RH8,Royal Devon University Healthcare NHS Foundation Trust
E02004143,RH8,Royal Devon University Healthcare NHS Foundation Trust
E02004144,RH8,Royal Devon University Healthcare NHS Foundation Trust
E02004145,RH8,Royal Devon University Healthcare NHS Foundation Trust
E02004146,RH8,Royal Devon University Healthcare NHS Foundation Trust
E02004147,RH8,Royal Devon University Healthcare NHS Foundation Trust
E02004148,RH8,Royal Devon University Healthcare NHS Foundation Trust
E02004149,RH8,Royal Devon University Healthcare NHS Foundation Trust
E02004150,RH8,Royal Devon University Healthcare NHS Foundation Trust
E02004151,RH8,Royal Devon University Healthcare NHS Foundation Trust
E02004152,RH8,Royal Devon University Healthcare NHS Foundation Trust
E02004153,RH8,Royal Devon University Healthcare NHS Foundation Trust
E02004154,RH8,Royal Devon University Healthcare NHS Foundation Trust
E02004155,RH8,Royal Devon University Healthcare NHS Foundation Trust
E02004156,RH8,Royal Devon University Healthcare NHS Foundation Trust
E02004157,RH8,Royal Devon University Healthcare NHS Foundation Trust
E02004158,RH8,Royal Devon University Healthcare NHS Foundation Trust
E02004159,RH8,Royal Devon University Healthcare NHS Foundation Trust
E02004160,RH8,Royal Devon University Healthcare NHS Foundation Trust
E02004161,RH8,Royal Devon University Healthcare NHS Foundation Trust
E02004162,RH8,Royal Devon University Healthcare NHS Foundation Trust
E02004163,RH8,Royal Devon University Healthcare NHS Foundation Trust
E02004164,RH8,Royal Devon University Healthcare NHS Foundation Trust
E02004165,RH8,Royal Devon University Healthcare NHS Foundation Trust
E02004166,RH8,Royal Devon University Healthcare NHS Foundation Trust
E02004167,RH8,Royal Devon University Healthcare NHS Foundation Trust
E02004168,RH8,Royal Devon University Healthcare NHS Foundation Trust
E02004169,RH8,Royal Devon University Healthcare NHS Foundation Trust
E02004170,RH8,Royal Devon University Healthcare NHS Foundation Trust
E02004171,RH8,Royal Devon University Healthcare NHS Foundation Trust
E02004172,RH8,Royal Devon University Healthcare NHS Foundation Trust
E02004173,RH8,Royal Devon University Healthcare NHS Foundation Trust
E02004174,RH8,Royal Devon University Healthcare NHS Foundation Trust
E02004175,RH8,Royal Devon University Healthcare NHS Foundation Trust
E02004176,RH8,Royal Devon University Healthcare NHS Foundation Trust
E02004177,RH8,Royal Devon University Healthcare NHS Foundation Trust
E02004178,RH8,Royal Devon University Healthcare NHS Foundation Trust
E02004179,RH8,Royal Devon University Healthcare NHS Foundation Trust
E02004180,RH8,Royal Devon University Healthcare NHS Foundation Trust
E02004181,RH8,Royal Devon University Healthcare NHS Foundation Trust
E02004182,RH8,Royal Devon University Healthcare NHS Foundation Trust
E02004183,RH8,Royal Devon University Healthcare NHS Foundation Trust
E02004184,RH8,Royal Devon University Healthcare NHS Foundation Trust
E02004185,RH8,Royal Devon University Healthcare NHS Foundation Trust
E02004186,RH8,Royal Devon University Healthcare NHS Foundation Trust
E02004187,RH8,Royal Devon University Healthcare NHS Foundation Trust
E02004188,RH8,Royal Devon University Healthcare NHS Foundation Trust
E02004201,RH8,Royal Devon University Healthcare NHS Foundation Trust
E02004202,RH8,Royal Devon University Healthcare NHS Foundation Trust
E02004203,RH8,Royal Devon University Healthcare NHS Foundation Trust
E02004205,RH8,Royal Devon University Healthcare NHS Foundation Trust
E02004220,RH8,Royal Devon University Healthcare NHS Foundation Trust
E02004221,RH8,Royal Devon University Healthcare NHS Foundation Trust
E02004222,RH8,Royal Devon University Healthcare NHS Foundation Trust
E02004223,RH8,Royal Devon University Healthcare NHS Foundation Trust
E02004224,RH8,Royal Devon University Healthcare NHS Foundation Trust
E02004225,RH8,Royal Devon University Healthcare NHS Foundation Trust
E02004226,RH8,Royal Devon University Healthcare NHS Foundation Trust
E02004227,RH8,Royal Devon University Healthcare NHS Foundation Trust
E02004228,RH8,Royal Devon University Healthcare NHS Foundation Trust
E02004229,RH8,Royal Devon University Healthcare NHS Foundation Trust
E02004230,RH8,Royal Devon University Healthcare NHS Foundation Trust
E02004231,RH8,Royal Devon University Healthcare NHS Foundation Trust
E02007027,RH8,Royal Devon University Healthcare NHS Foundation Trust
E02007028,RH8,Royal Devon University Healthcare NHS Foundation Trust
E02003549,RHM,University Hospital Southampton NHS Foundation Trust
E02003550,RHM,University Hospital Southampton NHS Foundation Trust
E02003551,RHM,University Hospital Southampton NHS Foundation Trust
E02003552,RHM,University Hospital Southampton NHS Foundation Trust
E02003553,RHM,University Hospital Southampton NHS Foundation Trust
E02003554,RHM,University Hospital Southampton NHS Foundation Trust
E02003555,RHM,University Hospital Southampton NHS Foundation Trust
E02003556,RHM,University Hospital Southampton NHS Foundation Trust
E02003557,RHM,University Hospital Southampton NHS Foundation Trust
E02003558,RHM,University Hospital Southampton NHS Foundation Trust
E02003559,RHM,University Hospital Southampton NHS Foundation Trust
E02003560,RHM,University Hospital Southampton NHS Foundation Trust
E02003561,RHM,University Hospital Southampton NHS Foundation Trust
E02003562,RHM,University Hospital Southampton NHS Foundation Trust
E02003563,RHM,University Hospital Southampton NHS Foundation Trust
E02003564,RHM,University Hospital Southampton NHS Foundation Trust
E02003565,RHM,University Hospital Southampton NHS Foundation Trust
E02003566,RHM,University Hospital Southampton NHS Foundation Trust
E02003567,RHM,University Hospital Southampton NHS Foundation Trust
E02003568,RHM,University Hospital Southampton NHS Foundation Trust
E02003569,RHM,University Hospital Southampton NHS Foundation Trust
E02003570,RHM,University Hospital Southampton NHS Foundation Trust
E02003571,RHM,University Hospital Southampton NHS Foundation Trust
E02003572,RHM,University Hospital Southampton NHS Foundation Trust
E02003573,RHM,University Hospital Southampton NHS Foundation Trust
E02003574,RHM,University Hospital Southampton NHS Foundation Trust
E02003575,RHM,University Hospital Southampton NHS Foundation Trust
E02003576,RHM,University Hospital Southampton NHS Foundation Trust
E02003578,RHM,University Hospital Southampton NHS Foundation Trust
E02003579,RHM,University Hospital Southampton NHS Foundation Trust
E02003580,RHM,University Hospital Southampton NHS Foundation Trust
E02004720,RHM,University Hospital Southampton NHS Foundation Trust
E02004721,RHM,University Hospital Southampton NHS Foundation Trust
E02004722,RHM,University Hospital Southampton NHS Foundation Trust
E02004723,RHM,University Hospital Southampton NHS Foundation Trust
E02004724,RHM,University Hospital Southampton NHS Foundation Trust
E02004725,RHM,University Hospital Southampton NHS Foundation Trust
E02004726,RHM,University Hospital Southampton NHS Foundation Trust
E02004780,RHM,University Hospital Southampton NHS Foundation Trust
E02004781,RHM,University Hospital Southampton NHS Foundation Trust
E02004782,RHM,University Hospital Southampton NHS Foundation Trust
E02004783,RHM,University Hospital Southampton NHS Foundation Trust
E02004784,RHM,University Hospital Southampton NHS Foundation Trust
E02004785,RHM,University Hospital Southampton NHS Foundation Trust
E02004786,RHM,University Hospital Southampton NHS Foundation Trust
E02004787,RHM,University Hospital Southampton NHS Foundation Trust
E02004789,RHM,University Hospital Southampton NHS Foundation Trust
E02004791,RHM,University Hospital Southampton NHS Foundation Trust
E02004792,RHM,University Hospital Southampton NHS Foundation Trust
E02004793,RHM,University Hospital Southampton NHS Foundation Trust
E02004795,RHM,University Hospital Southampton NHS Foundation Trust
E02004796,RHM,University Hospital Southampton NHS Foundation Trust
E02004797,RHM,University Hospital Southampton NHS Foundation Trust
E02004798,RHM,University Hospital Southampton NHS Foundation Trust
E02004799,RHM,University Hospital Southampton NHS Foundation Trust
E02004801,RHM,University Hospital Southampton NHS Foundation Trust
E02004823,RHM,University Hospital Southampton NHS Foundation Trust
E02004824,RHM,University Hospital Southampton NHS Foundation Trust
E02004825,RHM,University Hospital Southampton NHS Foundation Trust
E02004826,RHM,University Hospital Southampton NHS Foundation Trust
E02004828,RHM,University Hospital Southampton NHS Foundation Trust
E02007074,RHM,University Hospital Southampton NHS Foundation Trust
E02007075,RHM,University Hospital Southampton NHS Foundation Trust
E02001611,RHQ,Sheffield Teaching Hospitals NHS Foundation Trust
E02001612,RHQ,Sheffield Teaching Hospitals NHS Foundation Trust
E02001613,RHQ,Sheffield Teaching Hospitals NHS Foundation Trust
E02001614,RHQ,Sheffield Teaching Hospitals NHS Foundation Trust
E02001615,RHQ,Sheffield Teaching Hospitals NHS Foundation Trust
E02001616,RHQ,Sheffield Teaching Hospitals NHS Foundation Trust
E02001617,RHQ,Sheffield Teaching Hospitals NHS Foundation Trust
E02001618,RHQ,Sheffield Teaching Hospitals NHS Foundation Trust
E02001619,RHQ,Sheffield Teaching Hospitals NHS Foundation Trust
E02001620,RHQ,Sheffield Teaching Hospitals NHS Foundation Trust
E02001621,RHQ,Sheffield Teaching Hospitals NHS Foundation Trust
E02001622,RHQ,Sheffield Teaching Hospitals NHS Foundation Trust
E02001623,RHQ,Sheffield Teaching Hospitals NHS Foundation Trust
E02001624,RHQ,Sheffield Teaching Hospitals NHS Foundation Trust
E02001625,RHQ,Sheffield Teaching Hospitals NHS Foundation Trust
E02001626,RHQ,Sheffield Teaching Hospitals NHS Foundation Trust
E02001627,RHQ,Sheffield Teaching Hospitals NHS Foundation Trust
E02001628,RHQ,Sheffield Teaching Hospitals NHS Foundation Trust
E02001629,RHQ,Sheffield Teaching Hospitals NHS Foundation Trust
E02001630,RHQ,Sheffield Teaching Hospitals NHS Foundation Trust
E02001631,RHQ,Sheffield Teaching Hospitals NHS Foundation Trust
E02001632,RHQ,Sheffield Teaching Hospitals NHS Foundation Trust
E02001633,RHQ,Sheffield Teaching Hospitals NHS Foundation Trust
E02001634,RHQ,Sheffield Teaching Hospitals NHS Foundation Trust
E02001635,RHQ,Sheffield Teaching Hospitals NHS Foundation Trust
E02001636,RHQ,Sheffield Teaching Hospitals NHS Foundation Trust
E02001637,RHQ,Sheffield Teaching Hospitals NHS Foundation Trust
E02001638,RHQ,Sheffield Teaching Hospitals NHS Foundation Trust
E02001639,RHQ,Sheffield Teaching Hospitals NHS Foundation Trust
E02001640,RHQ,Sheffield Teaching Hospitals NHS Foundation Trust
E02001642,RHQ,Sheffield Teaching Hospitals NHS Foundation Trust
E02001643,RHQ,Sheffield Teaching Hospitals NHS Foundation Trust
E02001646,RHQ,Sheffield Teaching Hospitals NHS Foundation Trust
E02001647,RHQ,Sheffield Teaching Hospitals NHS Foundation Trust
E02001648,RHQ,Sheffield Teaching Hospitals NHS Foundation Trust
E02001649,RHQ,Sheffield Teaching Hospitals NHS Foundation Trust
E02001650,RHQ,Sheffield Teaching Hospitals NHS Foundation Trust
E02001651,RHQ,Sheffield Teaching Hospitals NHS Foundation Trust
E02001652,RHQ,Sheffield Teaching Hospitals NHS Foundation Trust
E02001653,RHQ,Sheffield Teaching Hospitals NHS Foundation Trust
E02001654,RHQ,Sheffield Teaching Hospitals NHS Foundation Trust
E02001655,RHQ,Sheffield Teaching Hospitals NHS Foundation Trust
E02001656,RHQ,Sheffield Teaching Hospitals NHS Foundation Trust
E02001657,RHQ,Sheffield Teaching Hospitals NHS Foundation Trust
E02001658,RHQ,Sheffield Teaching Hospitals NHS Foundation Trust
E02001659,RHQ,Sheffield Teaching Hospitals NHS Foundation Trust
E02001660,RHQ,Sheffield Teaching Hospitals NHS Foundation Trust
E02001661,RHQ,Sheffield Teaching Hospitals NHS Foundation Trust
E02001662,RHQ,Sheffield Teaching Hospitals NHS Foundation Trust
E02001663,RHQ,Sheffield Teaching Hospitals NHS Foundation Trust
E02001664,RHQ,Sheffield Teaching Hospitals NHS Foundation Trust
E02001665,RHQ,Sheffield Teaching Hospitals NHS Foundation Trust
E02001666,RHQ,Sheffield Teaching Hospitals NHS Foundation Trust
E02001669,RHQ,Sheffield Teaching Hospitals NHS Foundation Trust
E02001670,RHQ,Sheffield Teaching Hospitals NHS Foundation Trust
E02001671,RHQ,Sheffield Teaching Hospitals NHS Foundation Trust
E02001672,RHQ,Sheffield Teaching Hospitals NHS Foundation Trust
E02001673,RHQ,Sheffield Teaching Hospitals NHS Foundation Trust
E02001674,RHQ,Sheffield Teaching Hospitals NHS Foundation Trust
E02001675,RHQ,Sheffield Teaching Hospitals NHS Foundation Trust
E02001676,RHQ,Sheffield Teaching Hospitals NHS Foundation Trust
E02001678,RHQ,Sheffield Teaching Hospitals NHS Foundation Trust
E02001679,RHQ,Sheffield Teaching Hospitals NHS Foundation Trust
E02001680,RHQ,Sheffield Teaching Hospitals NHS Foundation Trust
E02001681,RHQ,Sheffield Teaching Hospitals NHS Foundation Trust
E02004068,RHQ,Sheffield Teaching Hospitals NHS Foundation Trust
E02006803,RHQ,Sheffield Teaching Hospitals NHS Foundation Trust
E02006843,RHQ,Sheffield Teaching Hospitals NHS Foundation Trust
E02006844,RHQ,Sheffield Teaching Hospitals NHS Foundation Trust
E02006868,RHQ,Sheffield Teaching Hospitals NHS Foundation Trust
E02006869,RHQ,Sheffield Teaching Hospitals NHS Foundation Trust
E02003524,RHU,Portsmouth Hospitals University NHS Trust
E02003525,RHU,Portsmouth Hospitals University NHS Trust
E02003526,RHU,Portsmouth Hospitals University NHS Trust
E02003527,RHU,Portsmouth Hospitals University NHS Trust
E02003529,RHU,Portsmouth Hospitals University NHS Trust
E02003530,RHU,Portsmouth Hospitals University NHS Trust
E02003531,RHU,Portsmouth Hospitals University NHS Trust
E02003532,RHU,Portsmouth Hospitals University NHS Trust
E02003533,RHU,Portsmouth Hospitals University NHS Trust
E02003534,RHU,Portsmouth Hospitals University NHS Trust
E02003535,RHU,Portsmouth Hospitals University NHS Trust
E02003536,RHU,Portsmouth Hospitals University NHS Trust
E02003537,RHU,Portsmouth Hospitals University NHS Trust
E02003538,RHU,Portsmouth Hospitals University NHS Trust
E02003540,RHU,Portsmouth Hospitals University NHS Trust
E02003541,RHU,Portsmouth Hospitals University NHS Trust
E02003542,RHU,Portsmouth Hospitals University NHS Trust
E02003543,RHU,Portsmouth Hospitals University NHS Trust
E02003544,RHU,Portsmouth Hospitals University NHS Trust
E02003545,RHU,Portsmouth Hospitals University NHS Trust
E02003546,RHU,Portsmouth Hospitals University NHS Trust
E02003547,RHU,Portsmouth Hospitals University NHS Trust
E02003548,RHU,Portsmouth Hospitals University NHS Trust
E02004706,RHU,Portsmouth Hospitals University NHS Trust
E02004707,RHU,Portsmouth Hospitals University NHS Trust
E02004708,RHU,Portsmouth Hospitals University NHS Trust
E02004709,RHU,Portsmouth Hospitals University NHS Trust
E02004710,RHU,Portsmouth Hospitals University NHS Trust
E02004727,RHU,Portsmouth Hospitals University NHS Trust
E02004728,RHU,Portsmouth Hospitals University NHS Trust
E02004729,RHU,Portsmouth Hospitals University NHS Trust
E02004730,RHU,Portsmouth Hospitals University NHS Trust
E02004731,RHU,Portsmouth Hospitals University NHS Trust
E02004732,RHU,Portsmouth Hospitals University NHS Trust
E02004733,RHU,Portsmouth Hospitals University NHS Trust
E02004734,RHU,Portsmouth Hospitals University NHS Trust
E02004735,RHU,Portsmouth Hospitals University NHS Trust
E02004736,RHU,Portsmouth Hospitals University NHS Trust
E02004737,RHU,Portsmouth Hospitals University NHS Trust
E02004738,RHU,Portsmouth Hospitals University NHS Trust
E02004739,RHU,Portsmouth Hospitals University NHS Trust
E02004740,RHU,Portsmouth Hospitals University NHS Trust
E02004741,RHU,Portsmouth Hospitals University NHS Trust
E02004742,RHU,Portsmouth Hospitals University NHS Trust
E02004743,RHU,Portsmouth Hospitals University NHS Trust
E02004744,RHU,Portsmouth Hospitals University NHS Trust
E02004745,RHU,Portsmouth Hospitals University NHS Trust
E02004746,RHU,Portsmouth Hospitals University NHS Trust
E02004747,RHU,Portsmouth Hospitals University NHS Trust
E02004748,RHU,Portsmouth Hospitals University NHS Trust
E02004749,RHU,Portsmouth Hospitals University NHS Trust
E02004750,RHU,Portsmouth Hospitals University NHS Trust
E02004764,RHU,Portsmouth Hospitals University NHS Trust
E02004765,RHU,Portsmouth Hospitals University NHS Trust
E02004766,RHU,Portsmouth Hospitals University NHS Trust
E02004767,RHU,Portsmouth Hospitals University NHS Trust
E02004768,RHU,Portsmouth Hospitals University NHS Trust
E02004769,RHU,Portsmouth Hospitals University NHS Trust
E02004770,RHU,Portsmouth Hospitals University NHS Trust
E02004771,RHU,Portsmouth Hospitals University NHS Trust
E02004772,RHU,Portsmouth Hospitals University NHS Trust
E02004774,RHU,Portsmouth Hospitals University NHS Trust
E02004775,RHU,Portsmouth Hospitals University NHS Trust
E02004776,RHU,Portsmouth Hospitals University NHS Trust
E02004777,RHU,Portsmouth Hospitals University NHS Trust
E02004778,RHU,Portsmouth Hospitals University NHS Trust
E02004841,RHU,Portsmouth Hospitals University NHS Trust
E02004842,RHU,Portsmouth Hospitals University NHS Trust
E02006821,RHU,Portsmouth Hospitals University NHS Trust
E02006822,RHU,Portsmouth Hospitals University NHS Trust
E02006829,RHU,Portsmouth Hospitals University NHS Trust
E02006830,RHU,Portsmouth Hospitals University NHS Trust
E02006831,RHU,Portsmouth Hospitals University NHS Trust
E02006975,RHU,Portsmouth Hospitals University NHS Trust
E02006976,RHU,Portsmouth Hospitals University NHS Trust
E02003367,RHW,Royal Berkshire NHS Foundation Trust
E02003369,RHW,Royal Berkshire NHS Foundation Trust
E02003370,RHW,Royal Berkshire NHS Foundation Trust
E02003371,RHW,Royal Berkshire NHS Foundation Trust
E02003372,RHW,Royal Berkshire NHS Foundation Trust
E02003373,RHW,Royal Berkshire NHS Foundation Trust
E02003374,RHW,Royal Berkshire NHS Foundation Trust
E02003375,RHW,Royal Berkshire NHS Foundation Trust
E02003377,RHW,Royal Berkshire NHS Foundation Trust
E02003378,RHW,Royal Berkshire NHS Foundation Trust
E02003379,RHW,Royal Berkshire NHS Foundation Trust
E02003380,RHW,Royal Berkshire NHS Foundation Trust
E02003381,RHW,Royal Berkshire NHS Foundation Trust
E02003382,RHW,Royal Berkshire NHS Foundation Trust
E02003383,RHW,Royal Berkshire NHS Foundation Trust
E02003384,RHW,Royal Berkshire NHS Foundation Trust
E02003385,RHW,Royal Berkshire NHS Foundation Trust
E02003386,RHW,Royal Berkshire NHS Foundation Trust
E02003387,RHW,Royal Berkshire NHS Foundation Trust
E02003388,RHW,Royal Berkshire NHS Foundation Trust
E02003389,RHW,Royal Berkshire NHS Foundation Trust
E02003390,RHW,Royal Berkshire NHS Foundation Trust
E02003391,RHW,Royal Berkshire NHS Foundation Trust
E02003392,RHW,Royal Berkshire NHS Foundation Trust
E02003393,RHW,Royal Berkshire NHS Foundation Trust
E02003394,RHW,Royal Berkshire NHS Foundation Trust
E02003395,RHW,Royal Berkshire NHS Foundation Trust
E02003396,RHW,Royal Berkshire NHS Foundation Trust
E02003397,RHW,Royal Berkshire NHS Foundation Trust
E02003398,RHW,Royal Berkshire NHS Foundation Trust
E02003400,RHW,Royal Berkshire NHS Foundation Trust
E02003401,RHW,Royal Berkshire NHS Foundation Trust
E02003402,RHW,Royal Berkshire NHS Foundation Trust
E02003403,RHW,Royal Berkshire NHS Foundation Trust
E02003404,RHW,Royal Berkshire NHS Foundation Trust
E02003405,RHW,Royal Berkshire NHS Foundation Trust
E02003406,RHW,Royal Berkshire NHS Foundation Trust
E02003439,RHW,Royal Berkshire NHS Foundation Trust
E02003440,RHW,Royal Berkshire NHS Foundation Trust
E02003441,RHW,Royal Berkshire NHS Foundation Trust
E02003442,RHW,Royal Berkshire NHS Foundation Trust
E02003443,RHW,Royal Berkshire NHS Foundation Trust
E02003444,RHW,Royal Berkshire NHS Foundation Trust
E02003445,RHW,Royal Berkshire NHS Foundation Trust
E02003446,RHW,Royal Berkshire NHS Foundation Trust
E02003447,RHW,Royal Berkshire NHS Foundation Trust
E02003448,RHW,Royal Berkshire NHS Foundation Trust
E02003449,RHW,Royal Berkshire NHS Foundation Trust
E02003450,RHW,Royal Berkshire NHS Foundation Trust
E02003451,RHW,Royal Berkshire NHS Foundation Trust
E02003452,RHW,Royal Berkshire NHS Foundation Trust
E02003453,RHW,Royal Berkshire NHS Foundation Trust
E02003454,RHW,Royal Berkshire NHS Foundation Trust
E02003455,RHW,Royal Berkshire NHS Foundation Trust
E02003456,RHW,Royal Berkshire NHS Foundation Trust
E02003457,RHW,Royal Berkshire NHS Foundation Trust
E02005973,RHW,Royal Berkshire NHS Foundation Trust
E02005974,RHW,Royal Berkshire NHS Foundation Trust
E02005975,RHW,Royal Berkshire NHS Foundation Trust
E02005976,RHW,Royal Berkshire NHS Foundation Trust
E02005977,RHW,Royal Berkshire NHS Foundation Trust
E02006939,RHW,Royal Berkshire NHS Foundation Trust
E02006940,RHW,Royal Berkshire NHS Foundation Trust
E02000619,RJ1,Guy's and St Thomas' NHS Foundation Trust
E02000620,RJ1,Guy's and St Thomas' NHS Foundation Trust
E02000621,RJ1,Guy's and St Thomas' NHS Foundation Trust
E02000622,RJ1,Guy's and St Thomas' NHS Foundation Trust
E02000623,RJ1,Guy's and St Thomas' NHS Foundation Trust
E02000624,RJ1,Guy's and St Thomas' NHS Foundation Trust
E02000625,RJ1,Guy's and St Thomas' NHS Foundation Trust
E02000627,RJ1,Guy's and St Thomas' NHS Foundation Trust
E02000628,RJ1,Guy's and St Thomas' NHS Foundation Trust
E02000629,RJ1,Guy's and St Thomas' NHS Foundation Trust
E02000630,RJ1,Guy's and St Thomas' NHS Foundation Trust
E02000632,RJ1,Guy's and St Thomas' NHS Foundation Trust
E02000633,RJ1,Guy's and St Thomas' NHS Foundation Trust
E02000634,RJ1,Guy's and St Thomas' NHS Foundation Trust
E02000636,RJ1,Guy's and St Thomas' NHS Foundation Trust
E02000637,RJ1,Guy's and St Thomas' NHS Foundation Trust
E02000638,RJ1,Guy's and St Thomas' NHS Foundation Trust
E02000639,RJ1,Guy's and St Thomas' NHS Foundation Trust
E02000640,RJ1,Guy's and St Thomas' NHS Foundation Trust
E02000643,RJ1,Guy's and St Thomas' NHS Foundation Trust
E02000646,RJ1,Guy's and St Thomas' NHS Foundation Trust
E02000649,RJ1,Guy's and St Thomas' NHS Foundation Trust
E02000653,RJ1,Guy's and St Thomas' NHS Foundation Trust
E02000654,RJ1,Guy's and St Thomas' NHS Foundation Trust
E02000655,RJ1,Guy's and St Thomas' NHS Foundation Trust
E02000658,RJ1,Guy's and St Thomas' NHS Foundation Trust
E02000807,RJ1,Guy's and St Thomas' NHS Foundation Trust
E02000808,RJ1,Guy's and St Thomas' NHS Foundation Trust
E02000810,RJ1,Guy's and St Thomas' NHS Foundation Trust
E02000812,RJ1,Guy's and St Thomas' NHS Foundation Trust
E02000813,RJ1,Guy's and St Thomas' NHS Foundation Trust
E02000814,RJ1,Guy's and St Thomas' NHS Foundation Trust
E02000815,RJ1,Guy's and St Thomas' NHS Foundation Trust
E02000816,RJ1,Guy's and St Thomas' NHS Foundation Trust
E02000817,RJ1,Guy's and St Thomas' NHS Foundation Trust
E02000818,RJ1,Guy's and St Thomas' NHS Foundation Trust
E02000819,RJ1,Guy's and St Thomas' NHS Foundation Trust
E02000820,RJ1,Guy's and St Thomas' NHS Foundation Trust
E02000821,RJ1,Guy's and St Thomas' NHS Foundation Trust
E02000822,RJ1,Guy's and St Thomas' NHS Foundation Trust
E02000823,RJ1,Guy's and St Thomas' NHS Foundation Trust
E02000979,RJ1,Guy's and St Thomas' NHS Foundation Trust
E02006801,RJ1,Guy's and St Thomas' NHS Foundation Trust
E02006802,RJ1,Guy's and St Thomas' NHS Foundation Trust
E02006941,RJ1,Guy's and St Thomas' NHS Foundation Trust
E02006942,RJ1,Guy's and St Thomas' NHS Foundation Trust
E02007084,RJ1,Guy's and St Thomas' NHS Foundation Trust
E02000065,RJ2,Lewisham and Greenwich NHS Trust
E02000066,RJ2,Lewisham and Greenwich NHS Trust
E02000067,RJ2,Lewisham and Greenwich NHS Trust
E02000068,RJ2,Lewisham and Greenwich NHS Trust
E02000069,RJ2,Lewisham and Greenwich NHS Trust
E02000070,RJ2,Lewisham and Greenwich NHS Trust
E02000071,RJ2,Lewisham and Greenwich NHS Trust
E02000073,RJ2,Lewisham and Greenwich NHS Trust
E02000075,RJ2,Lewisham and Greenwich NHS Trust
E02000077,RJ2,Lewisham and Greenwich NHS Trust
E02000079,RJ2,Lewisham and Greenwich NHS Trust
E02000080,RJ2,Lewisham and Greenwich NHS Trust
E02000082,RJ2,Lewisham and Greenwich NHS Trust
E02000084,RJ2,Lewisham and Greenwich NHS Trust
E02000085,RJ2,Lewisham and Greenwich NHS Trust
E02000086,RJ2,Lewisham and Greenwich NHS Trust
E02000313,RJ2,Lewisham and Greenwich NHS Trust
E02000314,RJ2,Lewisham and Greenwich NHS Trust
E02000315,RJ2,Lewisham and Greenwich NHS Trust
E02000317,RJ2,Lewisham and Greenwich NHS Trust
E02000318,RJ2,Lewisham and Greenwich NHS Trust
E02000319,RJ2,Lewisham and Greenwich NHS Trust
E02000320,RJ2,Lewisham and Greenwich NHS Trust
E02000321,RJ2,Lewisham and Greenwich NHS Trust
E02000323,RJ2,Lewisham and Greenwich NHS Trust
E02000324,RJ2,Lewisham and Greenwich NHS Trust
E02000326,RJ2,Lewisham and Greenwich NHS Trust
E02000327,RJ2,Lewisham and Greenwich NHS Trust
E02000328,RJ2,Lewisham and Greenwich NHS Trust
E02000329,RJ2,Lewisham and Greenwich NHS Trust
E02000331,RJ2,Lewisham and Greenwich NHS Trust
E02000332,RJ2,Lewisham and Greenwich NHS Trust
E02000333,RJ2,Lewisham and Greenwich NHS Trust
E02000334,RJ2,Lewisham and Greenwich NHS Trust
E02000335,RJ2,Lewisham and Greenwich NHS Trust
E02000337,RJ2,Lewisham and Greenwich NHS Trust
E02000339,RJ2,Lewisham and Greenwich NHS Trust
E02000340,RJ2,Lewisham and Greenwich NHS Trust
E02000341,RJ2,Lewisham and Greenwich NHS Trust
E02000342,RJ2,Lewisham and Greenwich NHS Trust
E02000343,RJ2,Lewisham and Greenwich NHS Trust
E02000344,RJ2,Lewisham and Greenwich NHS Trust
E02000657,RJ2,Lewisham and Greenwich NHS Trust
E02000659,RJ2,Lewisham and Greenwich NHS Trust
E02000660,RJ2,Lewisham and Greenwich NHS Trust
E02000661,RJ2,Lewisham and Greenwich NHS Trust
E02000662,RJ2,Lewisham and Greenwich NHS Trust
E02000663,RJ2,Lewisham and Greenwich NHS Trust
E02000665,RJ2,Lewisham and Greenwich NHS Trust
E02000666,RJ2,Lewisham and Greenwich NHS Trust
E02000667,RJ2,Lewisham and Greenwich NHS Trust
E02000668,RJ2,Lewisham and Greenwich NHS Trust
E02000669,RJ2,Lewisham and Greenwich NHS Trust
E02000670,RJ2,Lewisham and Greenwich NHS Trust
E02000671,RJ2,Lewisham and Greenwich NHS Trust
E02000672,RJ2,Lewisham and Greenwich NHS Trust
E02000674,RJ2,Lewisham and Greenwich NHS Trust
E02000675,RJ2,Lewisham and Greenwich NHS Trust
E02000676,RJ2,Lewisham and Greenwich NHS Trust
E02000677,RJ2,Lewisham and Greenwich NHS Trust
E02000678,RJ2,Lewisham and Greenwich NHS Trust
E02000679,RJ2,Lewisham and Greenwich NHS Trust
E02000681,RJ2,Lewisham and Greenwich NHS Trust
E02000682,RJ2,Lewisham and Greenwich NHS Trust
E02000683,RJ2,Lewisham and Greenwich NHS Trust
E02000686,RJ2,Lewisham and Greenwich NHS Trust
E02000687,RJ2,Lewisham and Greenwich NHS Trust
E02006783,RJ2,Lewisham and Greenwich NHS Trust
E02006784,RJ2,Lewisham and Greenwich NHS Trust
E02006785,RJ2,Lewisham and Greenwich NHS Trust
E02006786,RJ2,Lewisham and Greenwich NHS Trust
E02006798,RJ2,Lewisham and Greenwich NHS Trust
E02006927,RJ2,Lewisham and Greenwich NHS Trust
E02006928,RJ2,Lewisham and Greenwich NHS Trust
E02006930,RJ2,Lewisham and Greenwich NHS Trust
E02006931,RJ2,Lewisham and Greenwich NHS Trust
E02006991,RJ2,Lewisham and Greenwich NHS Trust
E02006992,RJ2,Lewisham and Greenwich NHS Trust
E02006993,RJ2,Lewisham and Greenwich NHS Trust
E02006994,RJ2,Lewisham and Greenwich NHS Trust
E02007008,RJ2,Lewisham and Greenwich NHS Trust
E02007009,RJ2,Lewisham and Greenwich NHS Trust
E02000194,RJ6,Croydon Health Services NHS Trust
E02000195,RJ6,Croydon Health Services NHS Trust
E02000196,RJ6,Croydon Health Services NHS Trust
E02000197,RJ6,Croydon Health Services NHS Trust
E02000198,RJ6,Croydon Health Services NHS Trust
E02000199,RJ6,Croydon Health Services NHS Trust
E02000200,RJ6,Croydon Health Services NHS Trust
E02000201,RJ6,Croydon Health Services NHS Trust
E02000202,RJ6,Croydon Health Services NHS Trust
E02000203,RJ6,Croydon Health Services NHS Trust
E02000204,RJ6,Croydon Health Services NHS Trust
E02000206,RJ6,Croydon Health Services NHS Trust
E02000207,RJ6,Croydon Health Services NHS Trust
E02000208,RJ6,Croydon Health Services NHS Trust
E02000209,RJ6,Croydon Health Services NHS Trust
E02000210,RJ6,Croydon Health Services NHS Trust
E02000211,RJ6,Croydon Health Services NHS Trust
E02000212,RJ6,Croydon Health Services NHS Trust
E02000213,RJ6,Croydon Health Services NHS Trust
E02000214,RJ6,Croydon Health Services NHS Trust
E02000215,RJ6,Croydon Health Services NHS Trust
E02000216,RJ6,Croydon Health Services NHS Trust
E02000217,RJ6,Croydon Health Services NHS Trust
E02000218,RJ6,Croydon Health Services NHS Trust
E02000219,RJ6,Croydon Health Services NHS Trust
E02000221,RJ6,Croydon Health Services NHS Trust
E02000222,RJ6,Croydon Health Services NHS Trust
E02000223,RJ6,Croydon Health Services NHS Trust
E02000224,RJ6,Croydon Health Services NHS Trust
E02000225,RJ6,Croydon Health Services NHS Trust
E02000226,RJ6,Croydon Health Services NHS Trust
E02000227,RJ6,Croydon Health Services NHS Trust
E02000228,RJ6,Croydon Health Services NHS Trust
E02000229,RJ6,Croydon Health Services NHS Trust
E02000230,RJ6,Croydon Health Services NHS Trust
E02000231,RJ6,Croydon Health Services NHS Trust
E02000232,RJ6,Croydon Health Services NHS Trust
E02000233,RJ6,Croydon Health Services NHS Trust
E02000234,RJ6,Croydon Health Services NHS Trust
E02000235,RJ6,Croydon Health Services NHS Trust
E02000236,RJ6,Croydon Health Services NHS Trust
E02000237,RJ6,Croydon Health Services NHS Trust
E02006788,RJ6,Croydon Health Services NHS Trust
E02006987,RJ6,Croydon Health Services NHS Trust
E02006988,RJ6,Croydon Health Services NHS Trust
E02000651,RJ7,St George's University Hospitals NHS Foundation Trust
E02000652,RJ7,St George's University Hospitals NHS Foundation Trust
E02000689,RJ7,St George's University Hospitals NHS Foundation Trust
E02000690,RJ7,St George's University Hospitals NHS Foundation Trust
E02000691,RJ7,St George's University Hospitals NHS Foundation Trust
E02000692,RJ7,St George's University Hospitals NHS Foundation Trust
E02000693,RJ7,St George's University Hospitals NHS Foundation Trust
E02000694,RJ7,St George's University Hospitals NHS Foundation Trust
E02000695,RJ7,St George's University Hospitals NHS Foundation Trust
E02000696,RJ7,St George's University Hospitals NHS Foundation Trust
E02000697,RJ7,St George's University Hospitals NHS Foundation Trust
E02000698,RJ7,St George's University Hospitals NHS Foundation Trust
E02000699,RJ7,St George's University Hospitals NHS Foundation Trust
E02000700,RJ7,St George's University Hospitals NHS Foundation Trust
E02000701,RJ7,St George's University Hospitals NHS Foundation Trust
E02000702,RJ7,St George's University Hospitals NHS Foundation Trust
E02000703,RJ7,St George's University Hospitals NHS Foundation Trust
E02000704,RJ7,St George's University Hospitals NHS Foundation Trust
E02000705,RJ7,St George's University Hospitals NHS Foundation Trust
E02000706,RJ7,St George's University Hospitals NHS Foundation Trust
E02000707,RJ7,St George's University Hospitals NHS Foundation Trust
E02000709,RJ7,St George's University Hospitals NHS Foundation Trust
E02000710,RJ7,St George's University Hospitals NHS Foundation Trust
E02000927,RJ7,St George's University Hospitals NHS Foundation Trust
E02000928,RJ7,St George's University Hospitals NHS Foundation Trust
E02000929,RJ7,St George's University Hospitals NHS Foundation Trust
E02000930,RJ7,St George's University Hospitals NHS Foundation Trust
E02000931,RJ7,St George's University Hospitals NHS Foundation Trust
E02000932,RJ7,St George's University Hospitals NHS Foundation Trust
E02000933,RJ7,St George's University Hospitals NHS Foundation Trust
E02000934,RJ7,St George's University Hospitals NHS Foundation Trust
E02000935,RJ7,St George's University Hospitals NHS Foundation Trust
E02000936,RJ7,St George's University Hospitals NHS Foundation Trust
E02000937,RJ7,St George's University Hospitals NHS Foundation Trust
E02000938,RJ7,St George's University Hospitals NHS Foundation Trust
E02000939,RJ7,St George's University Hospitals NHS Foundation Trust
E02000940,RJ7,St George's University Hospitals NHS Foundation Trust
E02000941,RJ7,St George's University Hospitals NHS Foundation Trust
E02000942,RJ7,St George's University Hospitals NHS Foundation Trust
E02000943,RJ7,St George's University Hospitals NHS Foundation Trust
E02000944,RJ7,St George's University Hospitals NHS Foundation Trust
E02000945,RJ7,St George's University Hospitals NHS Foundation Trust
E02000946,RJ7,St George's University Hospitals NHS Foundation Trust
E02000947,RJ7,St George's University Hospitals NHS Foundation Trust
E02000948,RJ7,St George's University Hospitals NHS Foundation Trust
E02000949,RJ7,St George's University Hospitals NHS Foundation Trust
E02000950,RJ7,St George's University Hospitals NHS Foundation Trust
E02000951,RJ7,St George's University Hospitals NHS Foundation Trust
E02000952,RJ7,St George's University Hospitals NHS Foundation Trust
E02000953,RJ7,St George's University Hospitals NHS Foundation Trust
E02000954,RJ7,St George's University Hospitals NHS Foundation Trust
E02000955,RJ7,St George's University Hospitals NHS Foundation Trust
E02000956,RJ7,St George's University Hospitals NHS Foundation Trust
E02000957,RJ7,St George's University Hospitals NHS Foundation Trust
E02000958,RJ7,St George's University Hospitals NHS Foundation Trust
E02000959,RJ7,St George's University Hospitals NHS Foundation Trust
E02006504,RJC,South Warwickshire University NHS Foundation Trust
E02006505,RJC,South Warwickshire University NHS Foundation Trust
E02006507,RJC,South Warwickshire University NHS Foundation Trust
E02006508,RJC,South Warwickshire University NHS Foundation Trust
E02006509,RJC,South Warwickshire University NHS Foundation Trust
E02006510,RJC,South Warwickshire University NHS Foundation Trust
E02006511,RJC,South Warwickshire University NHS Foundation Trust
E02006512,RJC,South Warwickshire University NHS Foundation Trust
E02006513,RJC,South Warwickshire University NHS Foundation Trust
E02006514,RJC,South Warwickshire University NHS Foundation Trust
E02006515,RJC,South Warwickshire University NHS Foundation Trust
E02006516,RJC,South Warwickshire University NHS Foundation Trust
E02006517,RJC,South Warwickshire University NHS Foundation Trust
E02006518,RJC,South Warwickshire University NHS Foundation Trust
E02006519,RJC,South Warwickshire University NHS Foundation Trust
E02006520,RJC,South Warwickshire University NHS Foundation Trust
E02006521,RJC,South Warwickshire University NHS Foundation Trust
E02006522,RJC,South Warwickshire University NHS Foundation Trust
E02006523,RJC,South Warwickshire University NHS Foundation Trust
E02006524,RJC,South Warwickshire University NHS Foundation Trust
E02006525,RJC,South Warwickshire University NHS Foundation Trust
E02006526,RJC,South Warwickshire University NHS Foundation Trust
E02006527,RJC,South Warwickshire University NHS Foundation Trust
E02006528,RJC,South Warwickshire University NHS Foundation Trust
E02006529,RJC,South Warwickshire University NHS Foundation Trust
E02006530,RJC,South Warwickshire University NHS Foundation Trust
E02006531,RJC,South Warwickshire University NHS Foundation Trust
E02006532,RJC,South Warwickshire University NHS Foundation Trust
E02006533,RJC,South Warwickshire University NHS Foundation Trust
E02002951,RJE,University Hospitals of North Midlands NHS Trust
E02002952,RJE,University Hospitals of North Midlands NHS Trust
E02002953,RJE,University Hospitals of North Midlands NHS Trust
E02002954,RJE,University Hospitals of North Midlands NHS Trust
E02002955,RJE,University Hospitals of North Midlands NHS Trust
E02002956,RJE,University Hospitals of North Midlands NHS Trust
E02002957,RJE,University Hospitals of North Midlands NHS Trust
E02002958,RJE,University Hospitals of North Midlands NHS Trust
E02002959,RJE,University Hospitals of North Midlands NHS Trust
E02002960,RJE,University Hospitals of North Midlands NHS Trust
E02002961,RJE,University Hospitals of North Midlands NHS Trust
E02002962,RJE,University Hospitals of North Midlands NHS Trust
E02002963,RJE,University Hospitals of North Midlands NHS Trust
E02002964,RJE,University Hospitals of North Midlands NHS Trust
E02002965,RJE,University Hospitals of North Midlands NHS Trust
E02002966,RJE,University Hospitals of North Midlands NHS Trust
E02002967,RJE,University Hospitals of North Midlands NHS Trust
E02002968,RJE,University Hospitals of North Midlands NHS Trust
E02002969,RJE,University Hospitals of North Midlands NHS Trust
E02002970,RJE,University Hospitals of North Midlands NHS Trust
E02002973,RJE,University Hospitals of North Midlands NHS Trust
E02002974,RJE,University Hospitals of North Midlands NHS Trust
E02002975,RJE,University Hospitals of North Midlands NHS Trust
E02002976,RJE,University Hospitals of North Midlands NHS Trust
E02002977,RJE,University Hospitals of North Midlands NHS Trust
E02002978,RJE,University Hospitals of North Midlands NHS Trust
E02002979,RJE,University Hospitals of North Midlands NHS Trust
E02002980,RJE,University Hospitals of North Midlands NHS Trust
E02002981,RJE,University Hospitals of North Midlands NHS Trust
E02002982,RJE,University Hospitals of North Midlands NHS Trust
E02002983,RJE,University Hospitals of North Midlands NHS Trust
E02002984,RJE,University Hospitals of North Midlands NHS Trust
E02006118,RJE,University Hospitals of North Midlands NHS Trust
E02006119,RJE,University Hospitals of North Midlands NHS Trust
E02006120,RJE,University Hospitals of North Midlands NHS Trust
E02006158,RJE,University Hospitals of North Midlands NHS Trust
E02006159,RJE,University Hospitals of North Midlands NHS Trust
E02006160,RJE,University Hospitals of North Midlands NHS Trust
E02006161,RJE,University Hospitals of North Midlands NHS Trust
E02006162,RJE,University Hospitals of North Midlands NHS Trust
E02006163,RJE,University Hospitals of North Midlands NHS Trust
E02006164,RJE,University Hospitals of North Midlands NHS Trust
E02006165,RJE,University Hospitals of North Midlands NHS Trust
E02006166,RJE,University Hospitals of North Midlands NHS Trust
E02006167,RJE,University Hospitals of North Midlands NHS Trust
E02006168,RJE,University Hospitals of North Midlands NHS Trust
E02006169,RJE,University Hospitals of North Midlands NHS Trust
E02006170,RJE,University Hospitals of North Midlands NHS Trust
E02006171,RJE,University Hospitals of North Midlands NHS Trust
E02006172,RJE,University Hospitals of North Midlands NHS Trust
E02006173,RJE,University Hospitals of North Midlands NHS Trust
E02006174,RJE,University Hospitals of North Midlands NHS Trust
E02006188,RJE,University Hospitals of North Midlands NHS Trust
E02006189,RJE,University Hospitals of North Midlands NHS Trust
E02006190,RJE,University Hospitals of North Midlands NHS Trust
E02006191,RJE,University Hospitals of North Midlands NHS Trust
E02006192,RJE,University Hospitals of North Midlands NHS Trust
E02006193,RJE,University Hospitals of North Midlands NHS Trust
E02006194,RJE,University Hospitals of North Midlands NHS Trust
E02006195,RJE,University Hospitals of North Midlands NHS Trust
E02006196,RJE,University Hospitals of North Midlands NHS Trust
E02006197,RJE,University Hospitals of North Midlands NHS Trust
E02006198,RJE,University Hospitals of North Midlands NHS Trust
E02006199,RJE,University Hospitals of North Midlands NHS Trust
E02006200,RJE,University Hospitals of North Midlands NHS Trust
E02006201,RJE,University Hospitals of North Midlands NHS Trust
E02006202,RJE,University Hospitals of North Midlands NHS Trust
E02006203,RJE,University Hospitals of North Midlands NHS Trust
E02006204,RJE,University Hospitals of North Midlands NHS Trust
E02006205,RJE,University Hospitals of North Midlands NHS Trust
E02006206,RJE,University Hospitals of North Midlands NHS Trust
E02006207,RJE,University Hospitals of North Midlands NHS Trust
E02006208,RJE,University Hospitals of North Midlands NHS Trust
E02006209,RJE,University Hospitals of North Midlands NHS Trust
E02006210,RJE,University Hospitals of North Midlands NHS Trust
E02006211,RJE,University Hospitals of North Midlands NHS Trust
E02006212,RJE,University Hospitals of North Midlands NHS Trust
E02006213,RJE,University Hospitals of North Midlands NHS Trust
E02006214,RJE,University Hospitals of North Midlands NHS Trust
E02006215,RJE,University Hospitals of North Midlands NHS Trust
E02006216,RJE,University Hospitals of North Midlands NHS Trust
E02006974,RJE,University Hospitals of North Midlands NHS Trust
E02002720,RJL,NorThern Lincolnshire and Goole NHS Foundation Trust
E02002721,RJL,NorThern Lincolnshire and Goole NHS Foundation Trust
E02002723,RJL,NorThern Lincolnshire and Goole NHS Foundation Trust
E02002724,RJL,NorThern Lincolnshire and Goole NHS Foundation Trust
E02002725,RJL,NorThern Lincolnshire and Goole NHS Foundation Trust
E02002726,RJL,NorThern Lincolnshire and Goole NHS Foundation Trust
E02002727,RJL,NorThern Lincolnshire and Goole NHS Foundation Trust
E02002728,RJL,NorThern Lincolnshire and Goole NHS Foundation Trust
E02002729,RJL,NorThern Lincolnshire and Goole NHS Foundation Trust
E02002730,RJL,NorThern Lincolnshire and Goole NHS Foundation Trust
E02002731,RJL,NorThern Lincolnshire and Goole NHS Foundation Trust
E02002732,RJL,NorThern Lincolnshire and Goole NHS Foundation Trust
E02002733,RJL,NorThern Lincolnshire and Goole NHS Foundation Trust
E02002734,RJL,NorThern Lincolnshire and Goole NHS Foundation Trust
E02002736,RJL,NorThern Lincolnshire and Goole NHS Foundation Trust
E02002737,RJL,NorThern Lincolnshire and Goole NHS Foundation Trust
E02002738,RJL,NorThern Lincolnshire and Goole NHS Foundation Trust
E02002739,RJL,NorThern Lincolnshire and Goole NHS Foundation Trust
E02002740,RJL,NorThern Lincolnshire and Goole NHS Foundation Trust
E02002741,RJL,NorThern Lincolnshire and Goole NHS Foundation Trust
E02002743,RJL,NorThern Lincolnshire and Goole NHS Foundation Trust
E02002744,RJL,NorThern Lincolnshire and Goole NHS Foundation Trust
E02002745,RJL,NorThern Lincolnshire and Goole NHS Foundation Trust
E02002746,RJL,NorThern Lincolnshire and Goole NHS Foundation Trust
E02002747,RJL,NorThern Lincolnshire and Goole NHS Foundation Trust
E02002748,RJL,NorThern Lincolnshire and Goole NHS Foundation Trust
E02002749,RJL,NorThern Lincolnshire and Goole NHS Foundation Trust
E02002750,RJL,NorThern Lincolnshire and Goole NHS Foundation Trust
E02002751,RJL,NorThern Lincolnshire and Goole NHS Foundation Trust
E02002752,RJL,NorThern Lincolnshire and Goole NHS Foundation Trust
E02002753,RJL,NorThern Lincolnshire and Goole NHS Foundation Trust
E02002754,RJL,NorThern Lincolnshire and Goole NHS Foundation Trust
E02002755,RJL,NorThern Lincolnshire and Goole NHS Foundation Trust
E02002756,RJL,NorThern Lincolnshire and Goole NHS Foundation Trust
E02002757,RJL,NorThern Lincolnshire and Goole NHS Foundation Trust
E02002758,RJL,NorThern Lincolnshire and Goole NHS Foundation Trust
E02002759,RJL,NorThern Lincolnshire and Goole NHS Foundation Trust
E02002760,RJL,NorThern Lincolnshire and Goole NHS Foundation Trust
E02002761,RJL,NorThern Lincolnshire and Goole NHS Foundation Trust
E02002762,RJL,NorThern Lincolnshire and Goole NHS Foundation Trust
E02002763,RJL,NorThern Lincolnshire and Goole NHS Foundation Trust
E02002764,RJL,NorThern Lincolnshire and Goole NHS Foundation Trust
E02002765,RJL,NorThern Lincolnshire and Goole NHS Foundation Trust
E02002766,RJL,NorThern Lincolnshire and Goole NHS Foundation Trust
E02002767,RJL,NorThern Lincolnshire and Goole NHS Foundation Trust
E02002768,RJL,NorThern Lincolnshire and Goole NHS Foundation Trust
E02002769,RJL,NorThern Lincolnshire and Goole NHS Foundation Trust
E02002770,RJL,NorThern Lincolnshire and Goole NHS Foundation Trust
E02002771,RJL,NorThern Lincolnshire and Goole NHS Foundation Trust
E02005424,RJL,NorThern Lincolnshire and Goole NHS Foundation Trust
E02005425,RJL,NorThern Lincolnshire and Goole NHS Foundation Trust
E02005426,RJL,NorThern Lincolnshire and Goole NHS Foundation Trust
E02005427,RJL,NorThern Lincolnshire and Goole NHS Foundation Trust
E02005492,RJL,NorThern Lincolnshire and Goole NHS Foundation Trust
E02005493,RJL,NorThern Lincolnshire and Goole NHS Foundation Trust
E02007081,RJL,NorThern Lincolnshire and Goole NHS Foundation Trust
E02003811,RJN,East Cheshire NHS Trust
E02003815,RJN,East Cheshire NHS Trust
E02003816,RJN,East Cheshire NHS Trust
E02003817,RJN,East Cheshire NHS Trust
E02003818,RJN,East Cheshire NHS Trust
E02003854,RJN,East Cheshire NHS Trust
E02003855,RJN,East Cheshire NHS Trust
E02003858,RJN,East Cheshire NHS Trust
E02003860,RJN,East Cheshire NHS Trust
E02003861,RJN,East Cheshire NHS Trust
E02003862,RJN,East Cheshire NHS Trust
E02003863,RJN,East Cheshire NHS Trust
E02003864,RJN,East Cheshire NHS Trust
E02003865,RJN,East Cheshire NHS Trust
E02003866,RJN,East Cheshire NHS Trust
E02003867,RJN,East Cheshire NHS Trust
E02003868,RJN,East Cheshire NHS Trust
E02003869,RJN,East Cheshire NHS Trust
E02003870,RJN,East Cheshire NHS Trust
E02003871,RJN,East Cheshire NHS Trust
E02003872,RJN,East Cheshire NHS Trust
E02003873,RJN,East Cheshire NHS Trust
E02003794,RJR,Countess of Chester Hospital NHS Foundation Trust
E02003795,RJR,Countess of Chester Hospital NHS Foundation Trust
E02003796,RJR,Countess of Chester Hospital NHS Foundation Trust
E02003797,RJR,Countess of Chester Hospital NHS Foundation Trust
E02003798,RJR,Countess of Chester Hospital NHS Foundation Trust
E02003799,RJR,Countess of Chester Hospital NHS Foundation Trust
E02003800,RJR,Countess of Chester Hospital NHS Foundation Trust
E02003801,RJR,Countess of Chester Hospital NHS Foundation Trust
E02003802,RJR,Countess of Chester Hospital NHS Foundation Trust
E02003803,RJR,Countess of Chester Hospital NHS Foundation Trust
E02003804,RJR,Countess of Chester Hospital NHS Foundation Trust
E02003805,RJR,Countess of Chester Hospital NHS Foundation Trust
E02003806,RJR,Countess of Chester Hospital NHS Foundation Trust
E02003807,RJR,Countess of Chester Hospital NHS Foundation Trust
E02003808,RJR,Countess of Chester Hospital NHS Foundation Trust
E02003809,RJR,Countess of Chester Hospital NHS Foundation Trust
E02003810,RJR,Countess of Chester Hospital NHS Foundation Trust
E02003843,RJR,Countess of Chester Hospital NHS Foundation Trust
E02003845,RJR,Countess of Chester Hospital NHS Foundation Trust
E02003846,RJR,Countess of Chester Hospital NHS Foundation Trust
E02003847,RJR,Countess of Chester Hospital NHS Foundation Trust
E02003848,RJR,Countess of Chester Hospital NHS Foundation Trust
E02003849,RJR,Countess of Chester Hospital NHS Foundation Trust
E02003850,RJR,Countess of Chester Hospital NHS Foundation Trust
E02003851,RJR,Countess of Chester Hospital NHS Foundation Trust
E02003852,RJR,Countess of Chester Hospital NHS Foundation Trust
E02003874,RJR,Countess of Chester Hospital NHS Foundation Trust
E02003877,RJR,Countess of Chester Hospital NHS Foundation Trust
E02003891,RJR,Countess of Chester Hospital NHS Foundation Trust
E02000089,RJZ,King's College Hospital NHS Foundation Trust
E02000090,RJZ,King's College Hospital NHS Foundation Trust
E02000091,RJZ,King's College Hospital NHS Foundation Trust
E02000092,RJZ,King's College Hospital NHS Foundation Trust
E02000127,RJZ,King's College Hospital NHS Foundation Trust
E02000128,RJZ,King's College Hospital NHS Foundation Trust
E02000130,RJZ,King's College Hospital NHS Foundation Trust
E02000131,RJZ,King's College Hospital NHS Foundation Trust
E02000132,RJZ,King's College Hospital NHS Foundation Trust
E02000133,RJZ,King's College Hospital NHS Foundation Trust
E02000134,RJZ,King's College Hospital NHS Foundation Trust
E02000135,RJZ,King's College Hospital NHS Foundation Trust
E02000136,RJZ,King's College Hospital NHS Foundation Trust
E02000137,RJZ,King's College Hospital NHS Foundation Trust
E02000138,RJZ,King's College Hospital NHS Foundation Trust
E02000139,RJZ,King's College Hospital NHS Foundation Trust
E02000140,RJZ,King's College Hospital NHS Foundation Trust
E02000141,RJZ,King's College Hospital NHS Foundation Trust
E02000142,RJZ,King's College Hospital NHS Foundation Trust
E02000144,RJZ,King's College Hospital NHS Foundation Trust
E02000145,RJZ,King's College Hospital NHS Foundation Trust
E02000146,RJZ,King's College Hospital NHS Foundation Trust
E02000147,RJZ,King's College Hospital NHS Foundation Trust
E02000148,RJZ,King's College Hospital NHS Foundation Trust
E02000149,RJZ,King's College Hospital NHS Foundation Trust
E02000150,RJZ,King's College Hospital NHS Foundation Trust
E02000151,RJZ,King's College Hospital NHS Foundation Trust
E02000152,RJZ,King's College Hospital NHS Foundation Trust
E02000153,RJZ,King's College Hospital NHS Foundation Trust
E02000154,RJZ,King's College Hospital NHS Foundation Trust
E02000155,RJZ,King's College Hospital NHS Foundation Trust
E02000156,RJZ,King's College Hospital NHS Foundation Trust
E02000157,RJZ,King's College Hospital NHS Foundation Trust
E02000158,RJZ,King's College Hospital NHS Foundation Trust
E02000159,RJZ,King's College Hospital NHS Foundation Trust
E02000160,RJZ,King's College Hospital NHS Foundation Trust
E02000161,RJZ,King's College Hospital NHS Foundation Trust
E02000162,RJZ,King's College Hospital NHS Foundation Trust
E02000163,RJZ,King's College Hospital NHS Foundation Trust
E02000165,RJZ,King's College Hospital NHS Foundation Trust
E02000626,RJZ,King's College Hospital NHS Foundation Trust
E02000631,RJZ,King's College Hospital NHS Foundation Trust
E02000635,RJZ,King's College Hospital NHS Foundation Trust
E02000641,RJZ,King's College Hospital NHS Foundation Trust
E02000642,RJZ,King's College Hospital NHS Foundation Trust
E02000644,RJZ,King's College Hospital NHS Foundation Trust
E02000645,RJZ,King's College Hospital NHS Foundation Trust
E02000647,RJZ,King's College Hospital NHS Foundation Trust
E02000648,RJZ,King's College Hospital NHS Foundation Trust
E02000650,RJZ,King's College Hospital NHS Foundation Trust
E02000673,RJZ,King's College Hospital NHS Foundation Trust
E02000680,RJZ,King's College Hospital NHS Foundation Trust
E02000685,RJZ,King's College Hospital NHS Foundation Trust
E02000824,RJZ,King's College Hospital NHS Foundation Trust
E02000825,RJZ,King's College Hospital NHS Foundation Trust
E02000826,RJZ,King's College Hospital NHS Foundation Trust
E02000827,RJZ,King's College Hospital NHS Foundation Trust
E02000828,RJZ,King's College Hospital NHS Foundation Trust
E02000829,RJZ,King's College Hospital NHS Foundation Trust
E02000830,RJZ,King's College Hospital NHS Foundation Trust
E02000831,RJZ,King's College Hospital NHS Foundation Trust
E02000832,RJZ,King's College Hospital NHS Foundation Trust
E02000833,RJZ,King's College Hospital NHS Foundation Trust
E02000834,RJZ,King's College Hospital NHS Foundation Trust
E02000835,RJZ,King's College Hospital NHS Foundation Trust
E02000836,RJZ,King's College Hospital NHS Foundation Trust
E02000837,RJZ,King's College Hospital NHS Foundation Trust
E02000838,RJZ,King's College Hospital NHS Foundation Trust
E02000839,RJZ,King's College Hospital NHS Foundation Trust
E02006782,RJZ,King's College Hospital NHS Foundation Trust
E02006787,RJZ,King's College Hospital NHS Foundation Trust
E02006789,RJZ,King's College Hospital NHS Foundation Trust
E02004050,RK5,Sherwood Forest Hospitals NHS Foundation Trust
E02004051,RK5,Sherwood Forest Hospitals NHS Foundation Trust
E02004053,RK5,Sherwood Forest Hospitals NHS Foundation Trust
E02004054,RK5,Sherwood Forest Hospitals NHS Foundation Trust
E02005819,RK5,Sherwood Forest Hospitals NHS Foundation Trust
E02005820,RK5,Sherwood Forest Hospitals NHS Foundation Trust
E02005821,RK5,Sherwood Forest Hospitals NHS Foundation Trust
E02005822,RK5,Sherwood Forest Hospitals NHS Foundation Trust
E02005823,RK5,Sherwood Forest Hospitals NHS Foundation Trust
E02005824,RK5,Sherwood Forest Hospitals NHS Foundation Trust
E02005825,RK5,Sherwood Forest Hospitals NHS Foundation Trust
E02005826,RK5,Sherwood Forest Hospitals NHS Foundation Trust
E02005827,RK5,Sherwood Forest Hospitals NHS Foundation Trust
E02005828,RK5,Sherwood Forest Hospitals NHS Foundation Trust
E02005829,RK5,Sherwood Forest Hospitals NHS Foundation Trust
E02005830,RK5,Sherwood Forest Hospitals NHS Foundation Trust
E02005865,RK5,Sherwood Forest Hospitals NHS Foundation Trust
E02005880,RK5,Sherwood Forest Hospitals NHS Foundation Trust
E02005881,RK5,Sherwood Forest Hospitals NHS Foundation Trust
E02005882,RK5,Sherwood Forest Hospitals NHS Foundation Trust
E02005883,RK5,Sherwood Forest Hospitals NHS Foundation Trust
E02005884,RK5,Sherwood Forest Hospitals NHS Foundation Trust
E02005885,RK5,Sherwood Forest Hospitals NHS Foundation Trust
E02005886,RK5,Sherwood Forest Hospitals NHS Foundation Trust
E02005887,RK5,Sherwood Forest Hospitals NHS Foundation Trust
E02005888,RK5,Sherwood Forest Hospitals NHS Foundation Trust
E02005889,RK5,Sherwood Forest Hospitals NHS Foundation Trust
E02005890,RK5,Sherwood Forest Hospitals NHS Foundation Trust
E02005891,RK5,Sherwood Forest Hospitals NHS Foundation Trust
E02005892,RK5,Sherwood Forest Hospitals NHS Foundation Trust
E02005893,RK5,Sherwood Forest Hospitals NHS Foundation Trust
E02005894,RK5,Sherwood Forest Hospitals NHS Foundation Trust
E02005895,RK5,Sherwood Forest Hospitals NHS Foundation Trust
E02005896,RK5,Sherwood Forest Hospitals NHS Foundation Trust
E02005897,RK5,Sherwood Forest Hospitals NHS Foundation Trust
E02005898,RK5,Sherwood Forest Hospitals NHS Foundation Trust
E02005899,RK5,Sherwood Forest Hospitals NHS Foundation Trust
E02005900,RK5,Sherwood Forest Hospitals NHS Foundation Trust
E02005901,RK5,Sherwood Forest Hospitals NHS Foundation Trust
E02005902,RK5,Sherwood Forest Hospitals NHS Foundation Trust
E02005903,RK5,Sherwood Forest Hospitals NHS Foundation Trust
E02005904,RK5,Sherwood Forest Hospitals NHS Foundation Trust
E02003122,RK9,University Hospitals Plymouth NHS Trust
E02003123,RK9,University Hospitals Plymouth NHS Trust
E02003124,RK9,University Hospitals Plymouth NHS Trust
E02003125,RK9,University Hospitals Plymouth NHS Trust
E02003126,RK9,University Hospitals Plymouth NHS Trust
E02003127,RK9,University Hospitals Plymouth NHS Trust
E02003128,RK9,University Hospitals Plymouth NHS Trust
E02003129,RK9,University Hospitals Plymouth NHS Trust
E02003130,RK9,University Hospitals Plymouth NHS Trust
E02003131,RK9,University Hospitals Plymouth NHS Trust
E02003132,RK9,University Hospitals Plymouth NHS Trust
E02003133,RK9,University Hospitals Plymouth NHS Trust
E02003134,RK9,University Hospitals Plymouth NHS Trust
E02003135,RK9,University Hospitals Plymouth NHS Trust
E02003136,RK9,University Hospitals Plymouth NHS Trust
E02003137,RK9,University Hospitals Plymouth NHS Trust
E02003138,RK9,University Hospitals Plymouth NHS Trust
E02003139,RK9,University Hospitals Plymouth NHS Trust
E02003140,RK9,University Hospitals Plymouth NHS Trust
E02003141,RK9,University Hospitals Plymouth NHS Trust
E02003142,RK9,University Hospitals Plymouth NHS Trust
E02003143,RK9,University Hospitals Plymouth NHS Trust
E02003144,RK9,University Hospitals Plymouth NHS Trust
E02003145,RK9,University Hospitals Plymouth NHS Trust
E02003146,RK9,University Hospitals Plymouth NHS Trust
E02003147,RK9,University Hospitals Plymouth NHS Trust
E02003148,RK9,University Hospitals Plymouth NHS Trust
E02003149,RK9,University Hospitals Plymouth NHS Trust
E02003151,RK9,University Hospitals Plymouth NHS Trust
E02003152,RK9,University Hospitals Plymouth NHS Trust
E02003153,RK9,University Hospitals Plymouth NHS Trust
E02003892,RK9,University Hospitals Plymouth NHS Trust
E02003893,RK9,University Hospitals Plymouth NHS Trust
E02003894,RK9,University Hospitals Plymouth NHS Trust
E02003895,RK9,University Hospitals Plymouth NHS Trust
E02003896,RK9,University Hospitals Plymouth NHS Trust
E02003897,RK9,University Hospitals Plymouth NHS Trust
E02003898,RK9,University Hospitals Plymouth NHS Trust
E02003899,RK9,University Hospitals Plymouth NHS Trust
E02003900,RK9,University Hospitals Plymouth NHS Trust
E02003901,RK9,University Hospitals Plymouth NHS Trust
E02003902,RK9,University Hospitals Plymouth NHS Trust
E02003903,RK9,University Hospitals Plymouth NHS Trust
E02003904,RK9,University Hospitals Plymouth NHS Trust
E02003935,RK9,University Hospitals Plymouth NHS Trust
E02003936,RK9,University Hospitals Plymouth NHS Trust
E02004189,RK9,University Hospitals Plymouth NHS Trust
E02004190,RK9,University Hospitals Plymouth NHS Trust
E02004193,RK9,University Hospitals Plymouth NHS Trust
E02004196,RK9,University Hospitals Plymouth NHS Trust
E02004197,RK9,University Hospitals Plymouth NHS Trust
E02004198,RK9,University Hospitals Plymouth NHS Trust
E02004200,RK9,University Hospitals Plymouth NHS Trust
E02004232,RK9,University Hospitals Plymouth NHS Trust
E02004233,RK9,University Hospitals Plymouth NHS Trust
E02004234,RK9,University Hospitals Plymouth NHS Trust
E02004235,RK9,University Hospitals Plymouth NHS Trust
E02006989,RK9,University Hospitals Plymouth NHS Trust
E02006990,RK9,University Hospitals Plymouth NHS Trust
E02001958,RKB,University Hospitals Coventry and Warwickshire NHS Trust
E02001959,RKB,University Hospitals Coventry and Warwickshire NHS Trust
E02001961,RKB,University Hospitals Coventry and Warwickshire NHS Trust
E02001962,RKB,University Hospitals Coventry and Warwickshire NHS Trust
E02001963,RKB,University Hospitals Coventry and Warwickshire NHS Trust
E02001964,RKB,University Hospitals Coventry and Warwickshire NHS Trust
E02001965,RKB,University Hospitals Coventry and Warwickshire NHS Trust
E02001966,RKB,University Hospitals Coventry and Warwickshire NHS Trust
E02001967,RKB,University Hospitals Coventry and Warwickshire NHS Trust
E02001968,RKB,University Hospitals Coventry and Warwickshire NHS Trust
E02001969,RKB,University Hospitals Coventry and Warwickshire NHS Trust
E02001970,RKB,University Hospitals Coventry and Warwickshire NHS Trust
E02001971,RKB,University Hospitals Coventry and Warwickshire NHS Trust
E02001972,RKB,University Hospitals Coventry and Warwickshire NHS Trust
E02001973,RKB,University Hospitals Coventry and Warwickshire NHS Trust
E02001974,RKB,University Hospitals Coventry and Warwickshire NHS Trust
E02001975,RKB,University Hospitals Coventry and Warwickshire NHS Trust
E02001976,RKB,University Hospitals Coventry and Warwickshire NHS Trust
E02001977,RKB,University Hospitals Coventry and Warwickshire NHS Trust
E02001978,RKB,University Hospitals Coventry and Warwickshire NHS Trust
E02001979,RKB,University Hospitals Coventry and Warwickshire NHS Trust
E02001980,RKB,University Hospitals Coventry and Warwickshire NHS Trust
E02001981,RKB,University Hospitals Coventry and Warwickshire NHS Trust
E02001982,RKB,University Hospitals Coventry and Warwickshire NHS Trust
E02001983,RKB,University Hospitals Coventry and Warwickshire NHS Trust
E02001984,RKB,University Hospitals Coventry and Warwickshire NHS Trust
E02001985,RKB,University Hospitals Coventry and Warwickshire NHS Trust
E02001986,RKB,University Hospitals Coventry and Warwickshire NHS Trust
E02001987,RKB,University Hospitals Coventry and Warwickshire NHS Trust
E02001988,RKB,University Hospitals Coventry and Warwickshire NHS Trust
E02001989,RKB,University Hospitals Coventry and Warwickshire NHS Trust
E02001990,RKB,University Hospitals Coventry and Warwickshire NHS Trust
E02001991,RKB,University Hospitals Coventry and Warwickshire NHS Trust
E02001992,RKB,University Hospitals Coventry and Warwickshire NHS Trust
E02001993,RKB,University Hospitals Coventry and Warwickshire NHS Trust
E02001994,RKB,University Hospitals Coventry and Warwickshire NHS Trust
E02001995,RKB,University Hospitals Coventry and Warwickshire NHS Trust
E02001996,RKB,University Hospitals Coventry and Warwickshire NHS Trust
E02001997,RKB,University Hospitals Coventry and Warwickshire NHS Trust
E02001998,RKB,University Hospitals Coventry and Warwickshire NHS Trust
E02001999,RKB,University Hospitals Coventry and Warwickshire NHS Trust
E02005621,RKB,University Hospitals Coventry and Warwickshire NHS Trust
E02006493,RKB,University Hospitals Coventry and Warwickshire NHS Trust
E02006494,RKB,University Hospitals Coventry and Warwickshire NHS Trust
E02006495,RKB,University Hospitals Coventry and Warwickshire NHS Trust
E02006496,RKB,University Hospitals Coventry and Warwickshire NHS Trust
E02006497,RKB,University Hospitals Coventry and Warwickshire NHS Trust
E02006498,RKB,University Hospitals Coventry and Warwickshire NHS Trust
E02006499,RKB,University Hospitals Coventry and Warwickshire NHS Trust
E02006500,RKB,University Hospitals Coventry and Warwickshire NHS Trust
E02006501,RKB,University Hospitals Coventry and Warwickshire NHS Trust
E02006502,RKB,University Hospitals Coventry and Warwickshire NHS Trust
E02006503,RKB,University Hospitals Coventry and Warwickshire NHS Trust
E02006805,RKB,University Hospitals Coventry and Warwickshire NHS Trust
E02006806,RKB,University Hospitals Coventry and Warwickshire NHS Trust
E02007048,RKB,University Hospitals Coventry and Warwickshire NHS Trust
E02007049,RKB,University Hospitals Coventry and Warwickshire NHS Trust
E02000405,RKE,Whittington Health NHS Trust
E02000410,RKE,Whittington Health NHS Trust
E02000413,RKE,Whittington Health NHS Trust
E02000416,RKE,Whittington Health NHS Trust
E02000417,RKE,Whittington Health NHS Trust
E02000418,RKE,Whittington Health NHS Trust
E02000419,RKE,Whittington Health NHS Trust
E02000424,RKE,Whittington Health NHS Trust
E02000426,RKE,Whittington Health NHS Trust
E02000427,RKE,Whittington Health NHS Trust
E02000429,RKE,Whittington Health NHS Trust
E02000430,RKE,Whittington Health NHS Trust
E02000431,RKE,Whittington Health NHS Trust
E02000432,RKE,Whittington Health NHS Trust
E02000554,RKE,Whittington Health NHS Trust
E02000555,RKE,Whittington Health NHS Trust
E02000556,RKE,Whittington Health NHS Trust
E02000557,RKE,Whittington Health NHS Trust
E02000558,RKE,Whittington Health NHS Trust
E02000560,RKE,Whittington Health NHS Trust
E02002120,RL4,The Royal Wolverhampton NHS Trust
E02002134,RL4,The Royal Wolverhampton NHS Trust
E02002149,RL4,The Royal Wolverhampton NHS Trust
E02002150,RL4,The Royal Wolverhampton NHS Trust
E02002151,RL4,The Royal Wolverhampton NHS Trust
E02002152,RL4,The Royal Wolverhampton NHS Trust
E02002153,RL4,The Royal Wolverhampton NHS Trust
E02002154,RL4,The Royal Wolverhampton NHS Trust
E02002155,RL4,The Royal Wolverhampton NHS Trust
E02002156,RL4,The Royal Wolverhampton NHS Trust
E02002157,RL4,The Royal Wolverhampton NHS Trust
E02002158,RL4,The Royal Wolverhampton NHS Trust
E02002159,RL4,The Royal Wolverhampton NHS Trust
E02002160,RL4,The Royal Wolverhampton NHS Trust
E02002161,RL4,The Royal Wolverhampton NHS Trust
E02002162,RL4,The Royal Wolverhampton NHS Trust
E02002163,RL4,The Royal Wolverhampton NHS Trust
E02002164,RL4,The Royal Wolverhampton NHS Trust
E02002165,RL4,The Royal Wolverhampton NHS Trust
E02002166,RL4,The Royal Wolverhampton NHS Trust
E02002167,RL4,The Royal Wolverhampton NHS Trust
E02002168,RL4,The Royal Wolverhampton NHS Trust
E02002169,RL4,The Royal Wolverhampton NHS Trust
E02002170,RL4,The Royal Wolverhampton NHS Trust
E02002171,RL4,The Royal Wolverhampton NHS Trust
E02002174,RL4,The Royal Wolverhampton NHS Trust
E02002175,RL4,The Royal Wolverhampton NHS Trust
E02002176,RL4,The Royal Wolverhampton NHS Trust
E02002177,RL4,The Royal Wolverhampton NHS Trust
E02002178,RL4,The Royal Wolverhampton NHS Trust
E02002179,RL4,The Royal Wolverhampton NHS Trust
E02002180,RL4,The Royal Wolverhampton NHS Trust
E02002181,RL4,The Royal Wolverhampton NHS Trust
E02002182,RL4,The Royal Wolverhampton NHS Trust
E02006121,RL4,The Royal Wolverhampton NHS Trust
E02006122,RL4,The Royal Wolverhampton NHS Trust
E02006123,RL4,The Royal Wolverhampton NHS Trust
E02006124,RL4,The Royal Wolverhampton NHS Trust
E02006125,RL4,The Royal Wolverhampton NHS Trust
E02006126,RL4,The Royal Wolverhampton NHS Trust
E02006127,RL4,The Royal Wolverhampton NHS Trust
E02006128,RL4,The Royal Wolverhampton NHS Trust
E02006129,RL4,The Royal Wolverhampton NHS Trust
E02006130,RL4,The Royal Wolverhampton NHS Trust
E02006175,RL4,The Royal Wolverhampton NHS Trust
E02006176,RL4,The Royal Wolverhampton NHS Trust
E02006177,RL4,The Royal Wolverhampton NHS Trust
E02006178,RL4,The Royal Wolverhampton NHS Trust
E02006179,RL4,The Royal Wolverhampton NHS Trust
E02006180,RL4,The Royal Wolverhampton NHS Trust
E02006181,RL4,The Royal Wolverhampton NHS Trust
E02006182,RL4,The Royal Wolverhampton NHS Trust
E02006894,RL4,The Royal Wolverhampton NHS Trust
E02006982,RL4,The Royal Wolverhampton NHS Trust
E02002905,RLQ,Wye Valley NHS Trust
E02002906,RLQ,Wye Valley NHS Trust
E02002907,RLQ,Wye Valley NHS Trust
E02002908,RLQ,Wye Valley NHS Trust
E02002909,RLQ,Wye Valley NHS Trust
E02002910,RLQ,Wye Valley NHS Trust
E02002911,RLQ,Wye Valley NHS Trust
E02002912,RLQ,Wye Valley NHS Trust
E02002913,RLQ,Wye Valley NHS Trust
E02002914,RLQ,Wye Valley NHS Trust
E02002915,RLQ,Wye Valley NHS Trust
E02002916,RLQ,Wye Valley NHS Trust
E02002917,RLQ,Wye Valley NHS Trust
E02002918,RLQ,Wye Valley NHS Trust
E02002919,RLQ,Wye Valley NHS Trust
E02002920,RLQ,Wye Valley NHS Trust
E02002921,RLQ,Wye Valley NHS Trust
E02002922,RLQ,Wye Valley NHS Trust
E02002923,RLQ,Wye Valley NHS Trust
E02002924,RLQ,Wye Valley NHS Trust
E02002925,RLQ,Wye Valley NHS Trust
E02002926,RLQ,Wye Valley NHS Trust
E02002927,RLQ,Wye Valley NHS Trust
E02005384,RLT,George Eliot Hospital NHS Trust
E02006468,RLT,George Eliot Hospital NHS Trust
E02006469,RLT,George Eliot Hospital NHS Trust
E02006470,RLT,George Eliot Hospital NHS Trust
E02006471,RLT,George Eliot Hospital NHS Trust
E02006472,RLT,George Eliot Hospital NHS Trust
E02006473,RLT,George Eliot Hospital NHS Trust
E02006474,RLT,George Eliot Hospital NHS Trust
E02006475,RLT,George Eliot Hospital NHS Trust
E02006476,RLT,George Eliot Hospital NHS Trust
E02006477,RLT,George Eliot Hospital NHS Trust
E02006478,RLT,George Eliot Hospital NHS Trust
E02006479,RLT,George Eliot Hospital NHS Trust
E02006480,RLT,George Eliot Hospital NHS Trust
E02006481,RLT,George Eliot Hospital NHS Trust
E02006482,RLT,George Eliot Hospital NHS Trust
E02006483,RLT,George Eliot Hospital NHS Trust
E02006484,RLT,George Eliot Hospital NHS Trust
E02006485,RLT,George Eliot Hospital NHS Trust
E02006486,RLT,George Eliot Hospital NHS Trust
E02006487,RLT,George Eliot Hospital NHS Trust
E02006488,RLT,George Eliot Hospital NHS Trust
E02006489,RLT,George Eliot Hospital NHS Trust
E02006490,RLT,George Eliot Hospital NHS Trust
E02005503,RM1,Norfolk and Norwich University Hospitals NHS Foundation Trust
E02005505,RM1,Norfolk and Norwich University Hospitals NHS Foundation Trust
E02005506,RM1,Norfolk and Norwich University Hospitals NHS Foundation Trust
E02005507,RM1,Norfolk and Norwich University Hospitals NHS Foundation Trust
E02005508,RM1,Norfolk and Norwich University Hospitals NHS Foundation Trust
E02005510,RM1,Norfolk and Norwich University Hospitals NHS Foundation Trust
E02005511,RM1,Norfolk and Norwich University Hospitals NHS Foundation Trust
E02005512,RM1,Norfolk and Norwich University Hospitals NHS Foundation Trust
E02005513,RM1,Norfolk and Norwich University Hospitals NHS Foundation Trust
E02005515,RM1,Norfolk and Norwich University Hospitals NHS Foundation Trust
E02005516,RM1,Norfolk and Norwich University Hospitals NHS Foundation Trust
E02005520,RM1,Norfolk and Norwich University Hospitals NHS Foundation Trust
E02005521,RM1,Norfolk and Norwich University Hospitals NHS Foundation Trust
E02005522,RM1,Norfolk and Norwich University Hospitals NHS Foundation Trust
E02005523,RM1,Norfolk and Norwich University Hospitals NHS Foundation Trust
E02005524,RM1,Norfolk and Norwich University Hospitals NHS Foundation Trust
E02005525,RM1,Norfolk and Norwich University Hospitals NHS Foundation Trust
E02005526,RM1,Norfolk and Norwich University Hospitals NHS Foundation Trust
E02005527,RM1,Norfolk and Norwich University Hospitals NHS Foundation Trust
E02005528,RM1,Norfolk and Norwich University Hospitals NHS Foundation Trust
E02005529,RM1,Norfolk and Norwich University Hospitals NHS Foundation Trust
E02005530,RM1,Norfolk and Norwich University Hospitals NHS Foundation Trust
E02005531,RM1,Norfolk and Norwich University Hospitals NHS Foundation Trust
E02005532,RM1,Norfolk and Norwich University Hospitals NHS Foundation Trust
E02005533,RM1,Norfolk and Norwich University Hospitals NHS Foundation Trust
E02005534,RM1,Norfolk and Norwich University Hospitals NHS Foundation Trust
E02005535,RM1,Norfolk and Norwich University Hospitals NHS Foundation Trust
E02005536,RM1,Norfolk and Norwich University Hospitals NHS Foundation Trust
E02005537,RM1,Norfolk and Norwich University Hospitals NHS Foundation Trust
E02005570,RM1,Norfolk and Norwich University Hospitals NHS Foundation Trust
E02005571,RM1,Norfolk and Norwich University Hospitals NHS Foundation Trust
E02005572,RM1,Norfolk and Norwich University Hospitals NHS Foundation Trust
E02005573,RM1,Norfolk and Norwich University Hospitals NHS Foundation Trust
E02005574,RM1,Norfolk and Norwich University Hospitals NHS Foundation Trust
E02005575,RM1,Norfolk and Norwich University Hospitals NHS Foundation Trust
E02005576,RM1,Norfolk and Norwich University Hospitals NHS Foundation Trust
E02005577,RM1,Norfolk and Norwich University Hospitals NHS Foundation Trust
E02005578,RM1,Norfolk and Norwich University Hospitals NHS Foundation Trust
E02005580,RM1,Norfolk and Norwich University Hospitals NHS Foundation Trust
E02005581,RM1,Norfolk and Norwich University Hospitals NHS Foundation Trust
E02005582,RM1,Norfolk and Norwich University Hospitals NHS Foundation Trust
E02005583,RM1,Norfolk and Norwich University Hospitals NHS Foundation Trust
E02005584,RM1,Norfolk and Norwich University Hospitals NHS Foundation Trust
E02005585,RM1,Norfolk and Norwich University Hospitals NHS Foundation Trust
E02005586,RM1,Norfolk and Norwich University Hospitals NHS Foundation Trust
E02005587,RM1,Norfolk and Norwich University Hospitals NHS Foundation Trust
E02005588,RM1,Norfolk and Norwich University Hospitals NHS Foundation Trust
E02005589,RM1,Norfolk and Norwich University Hospitals NHS Foundation Trust
E02005592,RM1,Norfolk and Norwich University Hospitals NHS Foundation Trust
E02005593,RM1,Norfolk and Norwich University Hospitals NHS Foundation Trust
E02005594,RM1,Norfolk and Norwich University Hospitals NHS Foundation Trust
E02005595,RM1,Norfolk and Norwich University Hospitals NHS Foundation Trust
E02005596,RM1,Norfolk and Norwich University Hospitals NHS Foundation Trust
E02005598,RM1,Norfolk and Norwich University Hospitals NHS Foundation Trust
E02005599,RM1,Norfolk and Norwich University Hospitals NHS Foundation Trust
E02005600,RM1,Norfolk and Norwich University Hospitals NHS Foundation Trust
E02005601,RM1,Norfolk and Norwich University Hospitals NHS Foundation Trust
E02005602,RM1,Norfolk and Norwich University Hospitals NHS Foundation Trust
E02005603,RM1,Norfolk and Norwich University Hospitals NHS Foundation Trust
E02005604,RM1,Norfolk and Norwich University Hospitals NHS Foundation Trust
E02005605,RM1,Norfolk and Norwich University Hospitals NHS Foundation Trust
E02005607,RM1,Norfolk and Norwich University Hospitals NHS Foundation Trust
E02005608,RM1,Norfolk and Norwich University Hospitals NHS Foundation Trust
E02005609,RM1,Norfolk and Norwich University Hospitals NHS Foundation Trust
E02005610,RM1,Norfolk and Norwich University Hospitals NHS Foundation Trust
E02005611,RM1,Norfolk and Norwich University Hospitals NHS Foundation Trust
E02006907,RM1,Norfolk and Norwich University Hospitals NHS Foundation Trust
E02006908,RM1,Norfolk and Norwich University Hospitals NHS Foundation Trust
E02007032,RM1,Norfolk and Norwich University Hospitals NHS Foundation Trust
E02007033,RM1,Norfolk and Norwich University Hospitals NHS Foundation Trust
E02007052,RM1,Norfolk and Norwich University Hospitals NHS Foundation Trust
E02007053,RM1,Norfolk and Norwich University Hospitals NHS Foundation Trust
E02007054,RM1,Norfolk and Norwich University Hospitals NHS Foundation Trust
E02007055,RM1,Norfolk and Norwich University Hospitals NHS Foundation Trust
E02001019,RM3,NorThern Care Alliance NHS Foundation Trust
E02001020,RM3,NorThern Care Alliance NHS Foundation Trust
E02001021,RM3,NorThern Care Alliance NHS Foundation Trust
E02001022,RM3,NorThern Care Alliance NHS Foundation Trust
E02001023,RM3,NorThern Care Alliance NHS Foundation Trust
E02001024,RM3,NorThern Care Alliance NHS Foundation Trust
E02001025,RM3,NorThern Care Alliance NHS Foundation Trust
E02001026,RM3,NorThern Care Alliance NHS Foundation Trust
E02001027,RM3,NorThern Care Alliance NHS Foundation Trust
E02001028,RM3,NorThern Care Alliance NHS Foundation Trust
E02001029,RM3,NorThern Care Alliance NHS Foundation Trust
E02001030,RM3,NorThern Care Alliance NHS Foundation Trust
E02001031,RM3,NorThern Care Alliance NHS Foundation Trust
E02001032,RM3,NorThern Care Alliance NHS Foundation Trust
E02001033,RM3,NorThern Care Alliance NHS Foundation Trust
E02001034,RM3,NorThern Care Alliance NHS Foundation Trust
E02001035,RM3,NorThern Care Alliance NHS Foundation Trust
E02001036,RM3,NorThern Care Alliance NHS Foundation Trust
E02001037,RM3,NorThern Care Alliance NHS Foundation Trust
E02001038,RM3,NorThern Care Alliance NHS Foundation Trust
E02001039,RM3,NorThern Care Alliance NHS Foundation Trust
E02001040,RM3,NorThern Care Alliance NHS Foundation Trust
E02001041,RM3,NorThern Care Alliance NHS Foundation Trust
E02001042,RM3,NorThern Care Alliance NHS Foundation Trust
E02001043,RM3,NorThern Care Alliance NHS Foundation Trust
E02001098,RM3,NorThern Care Alliance NHS Foundation Trust
E02001099,RM3,NorThern Care Alliance NHS Foundation Trust
E02001100,RM3,NorThern Care Alliance NHS Foundation Trust
E02001101,RM3,NorThern Care Alliance NHS Foundation Trust
E02001102,RM3,NorThern Care Alliance NHS Foundation Trust
E02001103,RM3,NorThern Care Alliance NHS Foundation Trust
E02001104,RM3,NorThern Care Alliance NHS Foundation Trust
E02001105,RM3,NorThern Care Alliance NHS Foundation Trust
E02001106,RM3,NorThern Care Alliance NHS Foundation Trust
E02001107,RM3,NorThern Care Alliance NHS Foundation Trust
E02001108,RM3,NorThern Care Alliance NHS Foundation Trust
E02001109,RM3,NorThern Care Alliance NHS Foundation Trust
E02001110,RM3,NorThern Care Alliance NHS Foundation Trust
E02001111,RM3,NorThern Care Alliance NHS Foundation Trust
E02001112,RM3,NorThern Care Alliance NHS Foundation Trust
E02001113,RM3,NorThern Care Alliance NHS Foundation Trust
E02001114,RM3,NorThern Care Alliance NHS Foundation Trust
E02001115,RM3,NorThern Care Alliance NHS Foundation Trust
E02001116,RM3,NorThern Care Alliance NHS Foundation Trust
E02001117,RM3,NorThern Care Alliance NHS Foundation Trust
E02001118,RM3,NorThern Care Alliance NHS Foundation Trust
E02001119,RM3,NorThern Care Alliance NHS Foundation Trust
E02001121,RM3,NorThern Care Alliance NHS Foundation Trust
E02001123,RM3,NorThern Care Alliance NHS Foundation Trust
E02001124,RM3,NorThern Care Alliance NHS Foundation Trust
E02001125,RM3,NorThern Care Alliance NHS Foundation Trust
E02001126,RM3,NorThern Care Alliance NHS Foundation Trust
E02001127,RM3,NorThern Care Alliance NHS Foundation Trust
E02001128,RM3,NorThern Care Alliance NHS Foundation Trust
E02001129,RM3,NorThern Care Alliance NHS Foundation Trust
E02001130,RM3,NorThern Care Alliance NHS Foundation Trust
E02001131,RM3,NorThern Care Alliance NHS Foundation Trust
E02001132,RM3,NorThern Care Alliance NHS Foundation Trust
E02001133,RM3,NorThern Care Alliance NHS Foundation Trust
E02001134,RM3,NorThern Care Alliance NHS Foundation Trust
E02001135,RM3,NorThern Care Alliance NHS Foundation Trust
E02001136,RM3,NorThern Care Alliance NHS Foundation Trust
E02001137,RM3,NorThern Care Alliance NHS Foundation Trust
E02001138,RM3,NorThern Care Alliance NHS Foundation Trust
E02001139,RM3,NorThern Care Alliance NHS Foundation Trust
E02001140,RM3,NorThern Care Alliance NHS Foundation Trust
E02001141,RM3,NorThern Care Alliance NHS Foundation Trust
E02001142,RM3,NorThern Care Alliance NHS Foundation Trust
E02001143,RM3,NorThern Care Alliance NHS Foundation Trust
E02001144,RM3,NorThern Care Alliance NHS Foundation Trust
E02001145,RM3,NorThern Care Alliance NHS Foundation Trust
E02001146,RM3,NorThern Care Alliance NHS Foundation Trust
E02001147,RM3,NorThern Care Alliance NHS Foundation Trust
E02001148,RM3,NorThern Care Alliance NHS Foundation Trust
E02001149,RM3,NorThern Care Alliance NHS Foundation Trust
E02001150,RM3,NorThern Care Alliance NHS Foundation Trust
E02001151,RM3,NorThern Care Alliance NHS Foundation Trust
E02001152,RM3,NorThern Care Alliance NHS Foundation Trust
E02001153,RM3,NorThern Care Alliance NHS Foundation Trust
E02001154,RM3,NorThern Care Alliance NHS Foundation Trust
E02001155,RM3,NorThern Care Alliance NHS Foundation Trust
E02001156,RM3,NorThern Care Alliance NHS Foundation Trust
E02001157,RM3,NorThern Care Alliance NHS Foundation Trust
E02001158,RM3,NorThern Care Alliance NHS Foundation Trust
E02001159,RM3,NorThern Care Alliance NHS Foundation Trust
E02001160,RM3,NorThern Care Alliance NHS Foundation Trust
E02001161,RM3,NorThern Care Alliance NHS Foundation Trust
E02001162,RM3,NorThern Care Alliance NHS Foundation Trust
E02001163,RM3,NorThern Care Alliance NHS Foundation Trust
E02001164,RM3,NorThern Care Alliance NHS Foundation Trust
E02001165,RM3,NorThern Care Alliance NHS Foundation Trust
E02001166,RM3,NorThern Care Alliance NHS Foundation Trust
E02001167,RM3,NorThern Care Alliance NHS Foundation Trust
E02001168,RM3,NorThern Care Alliance NHS Foundation Trust
E02001169,RM3,NorThern Care Alliance NHS Foundation Trust
E02001170,RM3,NorThern Care Alliance NHS Foundation Trust
E02001171,RM3,NorThern Care Alliance NHS Foundation Trust
E02001173,RM3,NorThern Care Alliance NHS Foundation Trust
E02001174,RM3,NorThern Care Alliance NHS Foundation Trust
E02001175,RM3,NorThern Care Alliance NHS Foundation Trust
E02001176,RM3,NorThern Care Alliance NHS Foundation Trust
E02001177,RM3,NorThern Care Alliance NHS Foundation Trust
E02001179,RM3,NorThern Care Alliance NHS Foundation Trust
E02001180,RM3,NorThern Care Alliance NHS Foundation Trust
E02001181,RM3,NorThern Care Alliance NHS Foundation Trust
E02001182,RM3,NorThern Care Alliance NHS Foundation Trust
E02001183,RM3,NorThern Care Alliance NHS Foundation Trust
E02001185,RM3,NorThern Care Alliance NHS Foundation Trust
E02001186,RM3,NorThern Care Alliance NHS Foundation Trust
E02005286,RM3,NorThern Care Alliance NHS Foundation Trust
E02006957,RM3,NorThern Care Alliance NHS Foundation Trust
E02006958,RM3,NorThern Care Alliance NHS Foundation Trust
E02006959,RM3,NorThern Care Alliance NHS Foundation Trust
E02006960,RM3,NorThern Care Alliance NHS Foundation Trust
E02006961,RM3,NorThern Care Alliance NHS Foundation Trust
E02006962,RM3,NorThern Care Alliance NHS Foundation Trust
E02006963,RM3,NorThern Care Alliance NHS Foundation Trust
E02007000,RM3,NorThern Care Alliance NHS Foundation Trust
E02007001,RM3,NorThern Care Alliance NHS Foundation Trust
E02000984,RMC,Bolton NHS Foundation Trust
E02000985,RMC,Bolton NHS Foundation Trust
E02000986,RMC,Bolton NHS Foundation Trust
E02000987,RMC,Bolton NHS Foundation Trust
E02000988,RMC,Bolton NHS Foundation Trust
E02000989,RMC,Bolton NHS Foundation Trust
E02000990,RMC,Bolton NHS Foundation Trust
E02000991,RMC,Bolton NHS Foundation Trust
E02000992,RMC,Bolton NHS Foundation Trust
E02000993,RMC,Bolton NHS Foundation Trust
E02000994,RMC,Bolton NHS Foundation Trust
E02000995,RMC,Bolton NHS Foundation Trust
E02000996,RMC,Bolton NHS Foundation Trust
E02000997,RMC,Bolton NHS Foundation Trust
E02000998,RMC,Bolton NHS Foundation Trust
E02000999,RMC,Bolton NHS Foundation Trust
E02001000,RMC,Bolton NHS Foundation Trust
E02001001,RMC,Bolton NHS Foundation Trust
E02001002,RMC,Bolton NHS Foundation Trust
E02001003,RMC,Bolton NHS Foundation Trust
E02001004,RMC,Bolton NHS Foundation Trust
E02001005,RMC,Bolton NHS Foundation Trust
E02001006,RMC,Bolton NHS Foundation Trust
E02001007,RMC,Bolton NHS Foundation Trust
E02001008,RMC,Bolton NHS Foundation Trust
E02001009,RMC,Bolton NHS Foundation Trust
E02001010,RMC,Bolton NHS Foundation Trust
E02001011,RMC,Bolton NHS Foundation Trust
E02001012,RMC,Bolton NHS Foundation Trust
E02001013,RMC,Bolton NHS Foundation Trust
E02001014,RMC,Bolton NHS Foundation Trust
E02001015,RMC,Bolton NHS Foundation Trust
E02001016,RMC,Bolton NHS Foundation Trust
E02001017,RMC,Bolton NHS Foundation Trust
E02001018,RMC,Bolton NHS Foundation Trust
E02001229,RMP,Tameside and Glossop Integrated Care NHS Foundation Trust
E02001230,RMP,Tameside and Glossop Integrated Care NHS Foundation Trust
E02001231,RMP,Tameside and Glossop Integrated Care NHS Foundation Trust
E02001232,RMP,Tameside and Glossop Integrated Care NHS Foundation Trust
E02001233,RMP,Tameside and Glossop Integrated Care NHS Foundation Trust
E02001234,RMP,Tameside and Glossop Integrated Care NHS Foundation Trust
E02001235,RMP,Tameside and Glossop Integrated Care NHS Foundation Trust
E02001236,RMP,Tameside and Glossop Integrated Care NHS Foundation Trust
E02001237,RMP,Tameside and Glossop Integrated Care NHS Foundation Trust
E02001238,RMP,Tameside and Glossop Integrated Care NHS Foundation Trust
E02001239,RMP,Tameside and Glossop Integrated Care NHS Foundation Trust
E02001241,RMP,Tameside and Glossop Integrated Care NHS Foundation Trust
E02001242,RMP,Tameside and Glossop Integrated Care NHS Foundation Trust
E02001243,RMP,Tameside and Glossop Integrated Care NHS Foundation Trust
E02001244,RMP,Tameside and Glossop Integrated Care NHS Foundation Trust
E02001245,RMP,Tameside and Glossop Integrated Care NHS Foundation Trust
E02001246,RMP,Tameside and Glossop Integrated Care NHS Foundation Trust
E02001247,RMP,Tameside and Glossop Integrated Care NHS Foundation Trust
E02001248,RMP,Tameside and Glossop Integrated Care NHS Foundation Trust
E02001249,RMP,Tameside and Glossop Integrated Care NHS Foundation Trust
E02001250,RMP,Tameside and Glossop Integrated Care NHS Foundation Trust
E02001251,RMP,Tameside and Glossop Integrated Care NHS Foundation Trust
E02001253,RMP,Tameside and Glossop Integrated Care NHS Foundation Trust
E02001254,RMP,Tameside and Glossop Integrated Care NHS Foundation Trust
E02001255,RMP,Tameside and Glossop Integrated Care NHS Foundation Trust
E02001256,RMP,Tameside and Glossop Integrated Care NHS Foundation Trust
E02001257,RMP,Tameside and Glossop Integrated Care NHS Foundation Trust
E02001258,RMP,Tameside and Glossop Integrated Care NHS Foundation Trust
E02004093,RMP,Tameside and Glossop Integrated Care NHS Foundation Trust
E02004094,RMP,Tameside and Glossop Integrated Care NHS Foundation Trust
E02004095,RMP,Tameside and Glossop Integrated Care NHS Foundation Trust
E02004096,RMP,Tameside and Glossop Integrated Care NHS Foundation Trust
E02003212,RN3,Great Western Hospitals NHS Foundation Trust
E02003214,RN3,Great Western Hospitals NHS Foundation Trust
E02003215,RN3,Great Western Hospitals NHS Foundation Trust
E02003216,RN3,Great Western Hospitals NHS Foundation Trust
E02003217,RN3,Great Western Hospitals NHS Foundation Trust
E02003218,RN3,Great Western Hospitals NHS Foundation Trust
E02003219,RN3,Great Western Hospitals NHS Foundation Trust
E02003220,RN3,Great Western Hospitals NHS Foundation Trust
E02003221,RN3,Great Western Hospitals NHS Foundation Trust
E02003222,RN3,Great Western Hospitals NHS Foundation Trust
E02003223,RN3,Great Western Hospitals NHS Foundation Trust
E02003224,RN3,Great Western Hospitals NHS Foundation Trust
E02003225,RN3,Great Western Hospitals NHS Foundation Trust
E02003226,RN3,Great Western Hospitals NHS Foundation Trust
E02003227,RN3,Great Western Hospitals NHS Foundation Trust
E02003228,RN3,Great Western Hospitals NHS Foundation Trust
E02003229,RN3,Great Western Hospitals NHS Foundation Trust
E02003230,RN3,Great Western Hospitals NHS Foundation Trust
E02003231,RN3,Great Western Hospitals NHS Foundation Trust
E02003232,RN3,Great Western Hospitals NHS Foundation Trust
E02003233,RN3,Great Western Hospitals NHS Foundation Trust
E02003234,RN3,Great Western Hospitals NHS Foundation Trust
E02003235,RN3,Great Western Hospitals NHS Foundation Trust
E02003236,RN3,Great Western Hospitals NHS Foundation Trust
E02003368,RN3,Great Western Hospitals NHS Foundation Trust
E02003376,RN3,Great Western Hospitals NHS Foundation Trust
E02004623,RN3,Great Western Hospitals NHS Foundation Trust
E02006634,RN3,Great Western Hospitals NHS Foundation Trust
E02006635,RN3,Great Western Hospitals NHS Foundation Trust
E02006636,RN3,Great Western Hospitals NHS Foundation Trust
E02006637,RN3,Great Western Hospitals NHS Foundation Trust
E02006638,RN3,Great Western Hospitals NHS Foundation Trust
E02006640,RN3,Great Western Hospitals NHS Foundation Trust
E02006644,RN3,Great Western Hospitals NHS Foundation Trust
E02006645,RN3,Great Western Hospitals NHS Foundation Trust
E02006646,RN3,Great Western Hospitals NHS Foundation Trust
E02006647,RN3,Great Western Hospitals NHS Foundation Trust
E02006648,RN3,Great Western Hospitals NHS Foundation Trust
E02006649,RN3,Great Western Hospitals NHS Foundation Trust
E02006650,RN3,Great Western Hospitals NHS Foundation Trust
E02006655,RN3,Great Western Hospitals NHS Foundation Trust
E02006657,RN3,Great Western Hospitals NHS Foundation Trust
E02006658,RN3,Great Western Hospitals NHS Foundation Trust
E02006847,RN3,Great Western Hospitals NHS Foundation Trust
E02006848,RN3,Great Western Hospitals NHS Foundation Trust
E02006849,RN3,Great Western Hospitals NHS Foundation Trust
E02006886,RN3,Great Western Hospitals NHS Foundation Trust
E02004675,RN5,Hampshire Hospitals NHS Foundation Trust
E02004676,RN5,Hampshire Hospitals NHS Foundation Trust
E02004677,RN5,Hampshire Hospitals NHS Foundation Trust
E02004678,RN5,Hampshire Hospitals NHS Foundation Trust
E02004679,RN5,Hampshire Hospitals NHS Foundation Trust
E02004680,RN5,Hampshire Hospitals NHS Foundation Trust
E02004681,RN5,Hampshire Hospitals NHS Foundation Trust
E02004682,RN5,Hampshire Hospitals NHS Foundation Trust
E02004683,RN5,Hampshire Hospitals NHS Foundation Trust
E02004684,RN5,Hampshire Hospitals NHS Foundation Trust
E02004685,RN5,Hampshire Hospitals NHS Foundation Trust
E02004686,RN5,Hampshire Hospitals NHS Foundation Trust
E02004687,RN5,Hampshire Hospitals NHS Foundation Trust
E02004688,RN5,Hampshire Hospitals NHS Foundation Trust
E02004689,RN5,Hampshire Hospitals NHS Foundation Trust
E02004690,RN5,Hampshire Hospitals NHS Foundation Trust
E02004691,RN5,Hampshire Hospitals NHS Foundation Trust
E02004692,RN5,Hampshire Hospitals NHS Foundation Trust
E02004693,RN5,Hampshire Hospitals NHS Foundation Trust
E02004694,RN5,Hampshire Hospitals NHS Foundation Trust
E02004695,RN5,Hampshire Hospitals NHS Foundation Trust
E02004696,RN5,Hampshire Hospitals NHS Foundation Trust
E02004697,RN5,Hampshire Hospitals NHS Foundation Trust
E02004698,RN5,Hampshire Hospitals NHS Foundation Trust
E02004699,RN5,Hampshire Hospitals NHS Foundation Trust
E02004703,RN5,Hampshire Hospitals NHS Foundation Trust
E02004712,RN5,Hampshire Hospitals NHS Foundation Trust
E02004713,RN5,Hampshire Hospitals NHS Foundation Trust
E02004714,RN5,Hampshire Hospitals NHS Foundation Trust
E02004715,RN5,Hampshire Hospitals NHS Foundation Trust
E02004716,RN5,Hampshire Hospitals NHS Foundation Trust
E02004717,RN5,Hampshire Hospitals NHS Foundation Trust
E02004718,RN5,Hampshire Hospitals NHS Foundation Trust
E02004719,RN5,Hampshire Hospitals NHS Foundation Trust
E02004754,RN5,Hampshire Hospitals NHS Foundation Trust
E02004756,RN5,Hampshire Hospitals NHS Foundation Trust
E02004761,RN5,Hampshire Hospitals NHS Foundation Trust
E02004814,RN5,Hampshire Hospitals NHS Foundation Trust
E02004815,RN5,Hampshire Hospitals NHS Foundation Trust
E02004817,RN5,Hampshire Hospitals NHS Foundation Trust
E02004818,RN5,Hampshire Hospitals NHS Foundation Trust
E02004819,RN5,Hampshire Hospitals NHS Foundation Trust
E02004820,RN5,Hampshire Hospitals NHS Foundation Trust
E02004821,RN5,Hampshire Hospitals NHS Foundation Trust
E02004822,RN5,Hampshire Hospitals NHS Foundation Trust
E02004827,RN5,Hampshire Hospitals NHS Foundation Trust
E02004829,RN5,Hampshire Hospitals NHS Foundation Trust
E02004830,RN5,Hampshire Hospitals NHS Foundation Trust
E02004831,RN5,Hampshire Hospitals NHS Foundation Trust
E02004832,RN5,Hampshire Hospitals NHS Foundation Trust
E02004833,RN5,Hampshire Hospitals NHS Foundation Trust
E02004834,RN5,Hampshire Hospitals NHS Foundation Trust
E02004835,RN5,Hampshire Hospitals NHS Foundation Trust
E02004836,RN5,Hampshire Hospitals NHS Foundation Trust
E02004837,RN5,Hampshire Hospitals NHS Foundation Trust
E02004838,RN5,Hampshire Hospitals NHS Foundation Trust
E02004839,RN5,Hampshire Hospitals NHS Foundation Trust
E02004840,RN5,Hampshire Hospitals NHS Foundation Trust
E02007076,RN5,Hampshire Hospitals NHS Foundation Trust
E02007077,RN5,Hampshire Hospitals NHS Foundation Trust
E02007078,RN5,Hampshire Hospitals NHS Foundation Trust
E02000072,RN7,Dartford and Gravesham NHS Trust
E02000074,RN7,Dartford and Gravesham NHS Trust
E02000078,RN7,Dartford and Gravesham NHS Trust
E02000081,RN7,Dartford and Gravesham NHS Trust
E02000083,RN7,Dartford and Gravesham NHS Trust
E02000087,RN7,Dartford and Gravesham NHS Trust
E02000088,RN7,Dartford and Gravesham NHS Trust
E02005028,RN7,Dartford and Gravesham NHS Trust
E02005029,RN7,Dartford and Gravesham NHS Trust
E02005030,RN7,Dartford and Gravesham NHS Trust
E02005031,RN7,Dartford and Gravesham NHS Trust
E02005032,RN7,Dartford and Gravesham NHS Trust
E02005033,RN7,Dartford and Gravesham NHS Trust
E02005034,RN7,Dartford and Gravesham NHS Trust
E02005035,RN7,Dartford and Gravesham NHS Trust
E02005036,RN7,Dartford and Gravesham NHS Trust
E02005037,RN7,Dartford and Gravesham NHS Trust
E02005038,RN7,Dartford and Gravesham NHS Trust
E02005039,RN7,Dartford and Gravesham NHS Trust
E02005040,RN7,Dartford and Gravesham NHS Trust
E02005055,RN7,Dartford and Gravesham NHS Trust
E02005056,RN7,Dartford and Gravesham NHS Trust
E02005057,RN7,Dartford and Gravesham NHS Trust
E02005058,RN7,Dartford and Gravesham NHS Trust
E02005059,RN7,Dartford and Gravesham NHS Trust
E02005060,RN7,Dartford and Gravesham NHS Trust
E02005061,RN7,Dartford and Gravesham NHS Trust
E02005062,RN7,Dartford and Gravesham NHS Trust
E02005063,RN7,Dartford and Gravesham NHS Trust
E02005064,RN7,Dartford and Gravesham NHS Trust
E02005065,RN7,Dartford and Gravesham NHS Trust
E02005066,RN7,Dartford and Gravesham NHS Trust
E02005067,RN7,Dartford and Gravesham NHS Trust
E02005087,RN7,Dartford and Gravesham NHS Trust
E02005088,RN7,Dartford and Gravesham NHS Trust
E02005089,RN7,Dartford and Gravesham NHS Trust
E02005090,RN7,Dartford and Gravesham NHS Trust
E02005091,RN7,Dartford and Gravesham NHS Trust
E02005093,RN7,Dartford and Gravesham NHS Trust
E02006832,RN7,Dartford and Gravesham NHS Trust
E02002000,RNA,The Dudley Group NHS Foundation Trust
E02002001,RNA,The Dudley Group NHS Foundation Trust
E02002002,RNA,The Dudley Group NHS Foundation Trust
E02002003,RNA,The Dudley Group NHS Foundation Trust
E02002004,RNA,The Dudley Group NHS Foundation Trust
E02002005,RNA,The Dudley Group NHS Foundation Trust
E02002006,RNA,The Dudley Group NHS Foundation Trust
E02002007,RNA,The Dudley Group NHS Foundation Trust
E02002008,RNA,The Dudley Group NHS Foundation Trust
E02002009,RNA,The Dudley Group NHS Foundation Trust
E02002010,RNA,The Dudley Group NHS Foundation Trust
E02002011,RNA,The Dudley Group NHS Foundation Trust
E02002012,RNA,The Dudley Group NHS Foundation Trust
E02002013,RNA,The Dudley Group NHS Foundation Trust
E02002014,RNA,The Dudley Group NHS Foundation Trust
E02002015,RNA,The Dudley Group NHS Foundation Trust
E02002016,RNA,The Dudley Group NHS Foundation Trust
E02002017,RNA,The Dudley Group NHS Foundation Trust
E02002018,RNA,The Dudley Group NHS Foundation Trust
E02002019,RNA,The Dudley Group NHS Foundation Trust
E02002020,RNA,The Dudley Group NHS Foundation Trust
E02002021,RNA,The Dudley Group NHS Foundation Trust
E02002022,RNA,The Dudley Group NHS Foundation Trust
E02002023,RNA,The Dudley Group NHS Foundation Trust
E02002024,RNA,The Dudley Group NHS Foundation Trust
E02002025,RNA,The Dudley Group NHS Foundation Trust
E02002026,RNA,The Dudley Group NHS Foundation Trust
E02002027,RNA,The Dudley Group NHS Foundation Trust
E02002028,RNA,The Dudley Group NHS Foundation Trust
E02002029,RNA,The Dudley Group NHS Foundation Trust
E02002030,RNA,The Dudley Group NHS Foundation Trust
E02002031,RNA,The Dudley Group NHS Foundation Trust
E02002032,RNA,The Dudley Group NHS Foundation Trust
E02002033,RNA,The Dudley Group NHS Foundation Trust
E02002034,RNA,The Dudley Group NHS Foundation Trust
E02002035,RNA,The Dudley Group NHS Foundation Trust
E02002036,RNA,The Dudley Group NHS Foundation Trust
E02002037,RNA,The Dudley Group NHS Foundation Trust
E02002038,RNA,The Dudley Group NHS Foundation Trust
E02002039,RNA,The Dudley Group NHS Foundation Trust
E02002040,RNA,The Dudley Group NHS Foundation Trust
E02002041,RNA,The Dudley Group NHS Foundation Trust
E02002042,RNA,The Dudley Group NHS Foundation Trust
E02002057,RNA,The Dudley Group NHS Foundation Trust
E02002067,RNA,The Dudley Group NHS Foundation Trust
E02002071,RNA,The Dudley Group NHS Foundation Trust
E02002075,RNA,The Dudley Group NHS Foundation Trust
E02002077,RNA,The Dudley Group NHS Foundation Trust
E02002080,RNA,The Dudley Group NHS Foundation Trust
E02006185,RNA,The Dudley Group NHS Foundation Trust
E02006186,RNA,The Dudley Group NHS Foundation Trust
E02006187,RNA,The Dudley Group NHS Foundation Trust
E02003965,RNN,North Cumbria Integrated Care NHS Foundation Trust
E02003966,RNN,North Cumbria Integrated Care NHS Foundation Trust
E02003967,RNN,North Cumbria Integrated Care NHS Foundation Trust
E02003968,RNN,North Cumbria Integrated Care NHS Foundation Trust
E02003969,RNN,North Cumbria Integrated Care NHS Foundation Trust
E02003970,RNN,North Cumbria Integrated Care NHS Foundation Trust
E02003971,RNN,North Cumbria Integrated Care NHS Foundation Trust
E02003972,RNN,North Cumbria Integrated Care NHS Foundation Trust
E02003973,RNN,North Cumbria Integrated Care NHS Foundation Trust
E02003974,RNN,North Cumbria Integrated Care NHS Foundation Trust
E02003975,RNN,North Cumbria Integrated Care NHS Foundation Trust
E02003976,RNN,North Cumbria Integrated Care NHS Foundation Trust
E02003987,RNN,North Cumbria Integrated Care NHS Foundation Trust
E02003988,RNN,North Cumbria Integrated Care NHS Foundation Trust
E02003989,RNN,North Cumbria Integrated Care NHS Foundation Trust
E02003990,RNN,North Cumbria Integrated Care NHS Foundation Trust
E02003991,RNN,North Cumbria Integrated Care NHS Foundation Trust
E02003992,RNN,North Cumbria Integrated Care NHS Foundation Trust
E02003993,RNN,North Cumbria Integrated Care NHS Foundation Trust
E02003994,RNN,North Cumbria Integrated Care NHS Foundation Trust
E02003995,RNN,North Cumbria Integrated Care NHS Foundation Trust
E02003996,RNN,North Cumbria Integrated Care NHS Foundation Trust
E02003997,RNN,North Cumbria Integrated Care NHS Foundation Trust
E02003998,RNN,North Cumbria Integrated Care NHS Foundation Trust
E02003999,RNN,North Cumbria Integrated Care NHS Foundation Trust
E02004000,RNN,North Cumbria Integrated Care NHS Foundation Trust
E02004001,RNN,North Cumbria Integrated Care NHS Foundation Trust
E02004002,RNN,North Cumbria Integrated Care NHS Foundation Trust
E02004003,RNN,North Cumbria Integrated Care NHS Foundation Trust
E02004004,RNN,North Cumbria Integrated Care NHS Foundation Trust
E02004005,RNN,North Cumbria Integrated Care NHS Foundation Trust
E02004006,RNN,North Cumbria Integrated Care NHS Foundation Trust
E02004008,RNN,North Cumbria Integrated Care NHS Foundation Trust
E02004009,RNN,North Cumbria Integrated Care NHS Foundation Trust
E02004010,RNN,North Cumbria Integrated Care NHS Foundation Trust
E02004011,RNN,North Cumbria Integrated Care NHS Foundation Trust
E02004012,RNN,North Cumbria Integrated Care NHS Foundation Trust
E02004013,RNN,North Cumbria Integrated Care NHS Foundation Trust
E02004014,RNN,North Cumbria Integrated Care NHS Foundation Trust
E02005612,RNQ,Kettering General Hospital NHS Foundation Trust
E02005613,RNQ,Kettering General Hospital NHS Foundation Trust
E02005614,RNQ,Kettering General Hospital NHS Foundation Trust
E02005615,RNQ,Kettering General Hospital NHS Foundation Trust
E02005616,RNQ,Kettering General Hospital NHS Foundation Trust
E02005617,RNQ,Kettering General Hospital NHS Foundation Trust
E02005631,RNQ,Kettering General Hospital NHS Foundation Trust
E02005632,RNQ,Kettering General Hospital NHS Foundation Trust
E02005633,RNQ,Kettering General Hospital NHS Foundation Trust
E02005634,RNQ,Kettering General Hospital NHS Foundation Trust
E02005635,RNQ,Kettering General Hospital NHS Foundation Trust
E02005636,RNQ,Kettering General Hospital NHS Foundation Trust
E02005637,RNQ,Kettering General Hospital NHS Foundation Trust
E02005638,RNQ,Kettering General Hospital NHS Foundation Trust
E02005639,RNQ,Kettering General Hospital NHS Foundation Trust
E02005640,RNQ,Kettering General Hospital NHS Foundation Trust
E02005641,RNQ,Kettering General Hospital NHS Foundation Trust
E02005642,RNQ,Kettering General Hospital NHS Foundation Trust
E02005643,RNQ,Kettering General Hospital NHS Foundation Trust
E02005644,RNQ,Kettering General Hospital NHS Foundation Trust
E02005645,RNQ,Kettering General Hospital NHS Foundation Trust
E02005646,RNQ,Kettering General Hospital NHS Foundation Trust
E02005647,RNQ,Kettering General Hospital NHS Foundation Trust
E02005648,RNQ,Kettering General Hospital NHS Foundation Trust
E02005692,RNQ,Kettering General Hospital NHS Foundation Trust
E02005693,RNQ,Kettering General Hospital NHS Foundation Trust
E02005694,RNQ,Kettering General Hospital NHS Foundation Trust
E02005695,RNQ,Kettering General Hospital NHS Foundation Trust
E02005696,RNQ,Kettering General Hospital NHS Foundation Trust
E02005697,RNQ,Kettering General Hospital NHS Foundation Trust
E02005698,RNQ,Kettering General Hospital NHS Foundation Trust
E02005699,RNQ,Kettering General Hospital NHS Foundation Trust
E02005701,RNQ,Kettering General Hospital NHS Foundation Trust
E02006862,RNQ,Kettering General Hospital NHS Foundation Trust
E02006863,RNQ,Kettering General Hospital NHS Foundation Trust
E02007070,RNQ,Kettering General Hospital NHS Foundation Trust
E02007071,RNQ,Kettering General Hospital NHS Foundation Trust
E02005619,RNS,Northampton General Hospital NHS Trust
E02005620,RNS,Northampton General Hospital NHS Trust
E02005622,RNS,Northampton General Hospital NHS Trust
E02005623,RNS,Northampton General Hospital NHS Trust
E02005624,RNS,Northampton General Hospital NHS Trust
E02005625,RNS,Northampton General Hospital NHS Trust
E02005626,RNS,Northampton General Hospital NHS Trust
E02005627,RNS,Northampton General Hospital NHS Trust
E02005650,RNS,Northampton General Hospital NHS Trust
E02005651,RNS,Northampton General Hospital NHS Trust
E02005652,RNS,Northampton General Hospital NHS Trust
E02005653,RNS,Northampton General Hospital NHS Trust
E02005654,RNS,Northampton General Hospital NHS Trust
E02005655,RNS,Northampton General Hospital NHS Trust
E02005656,RNS,Northampton General Hospital NHS Trust
E02005657,RNS,Northampton General Hospital NHS Trust
E02005658,RNS,Northampton General Hospital NHS Trust
E02005659,RNS,Northampton General Hospital NHS Trust
E02005660,RNS,Northampton General Hospital NHS Trust
E02005661,RNS,Northampton General Hospital NHS Trust
E02005662,RNS,Northampton General Hospital NHS Trust
E02005663,RNS,Northampton General Hospital NHS Trust
E02005664,RNS,Northampton General Hospital NHS Trust
E02005665,RNS,Northampton General Hospital NHS Trust
E02005666,RNS,Northampton General Hospital NHS Trust
E02005667,RNS,Northampton General Hospital NHS Trust
E02005668,RNS,Northampton General Hospital NHS Trust
E02005669,RNS,Northampton General Hospital NHS Trust
E02005670,RNS,Northampton General Hospital NHS Trust
E02005671,RNS,Northampton General Hospital NHS Trust
E02005672,RNS,Northampton General Hospital NHS Trust
E02005673,RNS,Northampton General Hospital NHS Trust
E02005674,RNS,Northampton General Hospital NHS Trust
E02005675,RNS,Northampton General Hospital NHS Trust
E02005676,RNS,Northampton General Hospital NHS Trust
E02005677,RNS,Northampton General Hospital NHS Trust
E02005679,RNS,Northampton General Hospital NHS Trust
E02005680,RNS,Northampton General Hospital NHS Trust
E02005681,RNS,Northampton General Hospital NHS Trust
E02005682,RNS,Northampton General Hospital NHS Trust
E02005683,RNS,Northampton General Hospital NHS Trust
E02005684,RNS,Northampton General Hospital NHS Trust
E02005685,RNS,Northampton General Hospital NHS Trust
E02005687,RNS,Northampton General Hospital NHS Trust
E02005700,RNS,Northampton General Hospital NHS Trust
E02007072,RNS,Northampton General Hospital NHS Trust
E02007073,RNS,Northampton General Hospital NHS Trust
E02004243,RNZ,Salisbury NHS Foundation Trust
E02004255,RNZ,Salisbury NHS Foundation Trust
E02004256,RNZ,Salisbury NHS Foundation Trust
E02004257,RNZ,Salisbury NHS Foundation Trust
E02004779,RNZ,Salisbury NHS Foundation Trust
E02006641,RNZ,Salisbury NHS Foundation Trust
E02006642,RNZ,Salisbury NHS Foundation Trust
E02006661,RNZ,Salisbury NHS Foundation Trust
E02006662,RNZ,Salisbury NHS Foundation Trust
E02006663,RNZ,Salisbury NHS Foundation Trust
E02006664,RNZ,Salisbury NHS Foundation Trust
E02006665,RNZ,Salisbury NHS Foundation Trust
E02006666,RNZ,Salisbury NHS Foundation Trust
E02006667,RNZ,Salisbury NHS Foundation Trust
E02006668,RNZ,Salisbury NHS Foundation Trust
E02006669,RNZ,Salisbury NHS Foundation Trust
E02006670,RNZ,Salisbury NHS Foundation Trust
E02006671,RNZ,Salisbury NHS Foundation Trust
E02006672,RNZ,Salisbury NHS Foundation Trust
E02006673,RNZ,Salisbury NHS Foundation Trust
E02006674,RNZ,Salisbury NHS Foundation Trust
E02006675,RNZ,Salisbury NHS Foundation Trust
E02006676,RNZ,Salisbury NHS Foundation Trust
E02006677,RNZ,Salisbury NHS Foundation Trust
E02006692,RNZ,Salisbury NHS Foundation Trust
E02006693,RNZ,Salisbury NHS Foundation Trust
E02006694,RNZ,Salisbury NHS Foundation Trust
E02006695,RNZ,Salisbury NHS Foundation Trust
E02007025,RNZ,Salisbury NHS Foundation Trust
E02007026,RNZ,Salisbury NHS Foundation Trust
E02001539,RP5,Doncaster and Bassetlaw Teaching Hospitals NHS Foundation Trust
E02001540,RP5,Doncaster and Bassetlaw Teaching Hospitals NHS Foundation Trust
E02001541,RP5,Doncaster and Bassetlaw Teaching Hospitals NHS Foundation Trust
E02001542,RP5,Doncaster and Bassetlaw Teaching Hospitals NHS Foundation Trust
E02001543,RP5,Doncaster and Bassetlaw Teaching Hospitals NHS Foundation Trust
E02001544,RP5,Doncaster and Bassetlaw Teaching Hospitals NHS Foundation Trust
E02001545,RP5,Doncaster and Bassetlaw Teaching Hospitals NHS Foundation Trust
E02001546,RP5,Doncaster and Bassetlaw Teaching Hospitals NHS Foundation Trust
E02001547,RP5,Doncaster and Bassetlaw Teaching Hospitals NHS Foundation Trust
E02001548,RP5,Doncaster and Bassetlaw Teaching Hospitals NHS Foundation Trust
E02001549,RP5,Doncaster and Bassetlaw Teaching Hospitals NHS Foundation Trust
E02001550,RP5,Doncaster and Bassetlaw Teaching Hospitals NHS Foundation Trust
E02001551,RP5,Doncaster and Bassetlaw Teaching Hospitals NHS Foundation Trust
E02001552,RP5,Doncaster and Bassetlaw Teaching Hospitals NHS Foundation Trust
E02001553,RP5,Doncaster and Bassetlaw Teaching Hospitals NHS Foundation Trust
E02001554,RP5,Doncaster and Bassetlaw Teaching Hospitals NHS Foundation Trust
E02001555,RP5,Doncaster and Bassetlaw Teaching Hospitals NHS Foundation Trust
E02001556,RP5,Doncaster and Bassetlaw Teaching Hospitals NHS Foundation Trust
E02001557,RP5,Doncaster and Bassetlaw Teaching Hospitals NHS Foundation Trust
E02001558,RP5,Doncaster and Bassetlaw Teaching Hospitals NHS Foundation Trust
E02001559,RP5,Doncaster and Bassetlaw Teaching Hospitals NHS Foundation Trust
E02001560,RP5,Doncaster and Bassetlaw Teaching Hospitals NHS Foundation Trust
E02001561,RP5,Doncaster and Bassetlaw Teaching Hospitals NHS Foundation Trust
E02001562,RP5,Doncaster and Bassetlaw Teaching Hospitals NHS Foundation Trust
E02001563,RP5,Doncaster and Bassetlaw Teaching Hospitals NHS Foundation Trust
E02001564,RP5,Doncaster and Bassetlaw Teaching Hospitals NHS Foundation Trust
E02001565,RP5,Doncaster and Bassetlaw Teaching Hospitals NHS Foundation Trust
E02001566,RP5,Doncaster and Bassetlaw Teaching Hospitals NHS Foundation Trust
E02001567,RP5,Doncaster and Bassetlaw Teaching Hospitals NHS Foundation Trust
E02001568,RP5,Doncaster and Bassetlaw Teaching Hospitals NHS Foundation Trust
E02001569,RP5,Doncaster and Bassetlaw Teaching Hospitals NHS Foundation Trust
E02001570,RP5,Doncaster and Bassetlaw Teaching Hospitals NHS Foundation Trust
E02001571,RP5,Doncaster and Bassetlaw Teaching Hospitals NHS Foundation Trust
E02001572,RP5,Doncaster and Bassetlaw Teaching Hospitals NHS Foundation Trust
E02001573,RP5,Doncaster and Bassetlaw Teaching Hospitals NHS Foundation Trust
E02001574,RP5,Doncaster and Bassetlaw Teaching Hospitals NHS Foundation Trust
E02001575,RP5,Doncaster and Bassetlaw Teaching Hospitals NHS Foundation Trust
E02001576,RP5,Doncaster and Bassetlaw Teaching Hospitals NHS Foundation Trust
E02001577,RP5,Doncaster and Bassetlaw Teaching Hospitals NHS Foundation Trust
E02005835,RP5,Doncaster and Bassetlaw Teaching Hospitals NHS Foundation Trust
E02005836,RP5,Doncaster and Bassetlaw Teaching Hospitals NHS Foundation Trust
E02005837,RP5,Doncaster and Bassetlaw Teaching Hospitals NHS Foundation Trust
E02005838,RP5,Doncaster and Bassetlaw Teaching Hospitals NHS Foundation Trust
E02005839,RP5,Doncaster and Bassetlaw Teaching Hospitals NHS Foundation Trust
E02005840,RP5,Doncaster and Bassetlaw Teaching Hospitals NHS Foundation Trust
E02005842,RP5,Doncaster and Bassetlaw Teaching Hospitals NHS Foundation Trust
E02005843,RP5,Doncaster and Bassetlaw Teaching Hospitals NHS Foundation Trust
E02005844,RP5,Doncaster and Bassetlaw Teaching Hospitals NHS Foundation Trust
E02005846,RP5,Doncaster and Bassetlaw Teaching Hospitals NHS Foundation Trust
E02005847,RP5,Doncaster and Bassetlaw Teaching Hospitals NHS Foundation Trust
E02005848,RP5,Doncaster and Bassetlaw Teaching Hospitals NHS Foundation Trust
E02005849,RP5,Doncaster and Bassetlaw Teaching Hospitals NHS Foundation Trust
E02006903,RP5,Doncaster and Bassetlaw Teaching Hospitals NHS Foundation Trust
E02003314,RPA,Medway NHS Foundation Trust
E02003315,RPA,Medway NHS Foundation Trust
E02003316,RPA,Medway NHS Foundation Trust
E02003317,RPA,Medway NHS Foundation Trust
E02003318,RPA,Medway NHS Foundation Trust
E02003319,RPA,Medway NHS Foundation Trust
E02003320,RPA,Medway NHS Foundation Trust
E02003321,RPA,Medway NHS Foundation Trust
E02003322,RPA,Medway NHS Foundation Trust
E02003323,RPA,Medway NHS Foundation Trust
E02003324,RPA,Medway NHS Foundation Trust
E02003325,RPA,Medway NHS Foundation Trust
E02003326,RPA,Medway NHS Foundation Trust
E02003327,RPA,Medway NHS Foundation Trust
E02003328,RPA,Medway NHS Foundation Trust
E02003329,RPA,Medway NHS Foundation Trust
E02003330,RPA,Medway NHS Foundation Trust
E02003331,RPA,Medway NHS Foundation Trust
E02003332,RPA,Medway NHS Foundation Trust
E02003333,RPA,Medway NHS Foundation Trust
E02003334,RPA,Medway NHS Foundation Trust
E02003335,RPA,Medway NHS Foundation Trust
E02003336,RPA,Medway NHS Foundation Trust
E02003337,RPA,Medway NHS Foundation Trust
E02003338,RPA,Medway NHS Foundation Trust
E02003339,RPA,Medway NHS Foundation Trust
E02003340,RPA,Medway NHS Foundation Trust
E02003341,RPA,Medway NHS Foundation Trust
E02003342,RPA,Medway NHS Foundation Trust
E02003343,RPA,Medway NHS Foundation Trust
E02003344,RPA,Medway NHS Foundation Trust
E02003345,RPA,Medway NHS Foundation Trust
E02003346,RPA,Medway NHS Foundation Trust
E02003347,RPA,Medway NHS Foundation Trust
E02003348,RPA,Medway NHS Foundation Trust
E02003349,RPA,Medway NHS Foundation Trust
E02003350,RPA,Medway NHS Foundation Trust
E02003351,RPA,Medway NHS Foundation Trust
E02005115,RPA,Medway NHS Foundation Trust
E02005116,RPA,Medway NHS Foundation Trust
E02005117,RPA,Medway NHS Foundation Trust
E02005118,RPA,Medway NHS Foundation Trust
E02005119,RPA,Medway NHS Foundation Trust
E02005120,RPA,Medway NHS Foundation Trust
E02005121,RPA,Medway NHS Foundation Trust
E02005122,RPA,Medway NHS Foundation Trust
E02005123,RPA,Medway NHS Foundation Trust
E02005124,RPA,Medway NHS Foundation Trust
E02005125,RPA,Medway NHS Foundation Trust
E02005126,RPA,Medway NHS Foundation Trust
E02005127,RPA,Medway NHS Foundation Trust
E02000388,RQM,Chelsea and Westminster Hospital NHS Foundation Trust
E02000391,RQM,Chelsea and Westminster Hospital NHS Foundation Trust
E02000392,RQM,Chelsea and Westminster Hospital NHS Foundation Trust
E02000394,RQM,Chelsea and Westminster Hospital NHS Foundation Trust
E02000395,RQM,Chelsea and Westminster Hospital NHS Foundation Trust
E02000396,RQM,Chelsea and Westminster Hospital NHS Foundation Trust
E02000529,RQM,Chelsea and Westminster Hospital NHS Foundation Trust
E02000530,RQM,Chelsea and Westminster Hospital NHS Foundation Trust
E02000531,RQM,Chelsea and Westminster Hospital NHS Foundation Trust
E02000534,RQM,Chelsea and Westminster Hospital NHS Foundation Trust
E02000535,RQM,Chelsea and Westminster Hospital NHS Foundation Trust
E02000536,RQM,Chelsea and Westminster Hospital NHS Foundation Trust
E02000537,RQM,Chelsea and Westminster Hospital NHS Foundation Trust
E02000538,RQM,Chelsea and Westminster Hospital NHS Foundation Trust
E02000539,RQM,Chelsea and Westminster Hospital NHS Foundation Trust
E02000540,RQM,Chelsea and Westminster Hospital NHS Foundation Trust
E02000541,RQM,Chelsea and Westminster Hospital NHS Foundation Trust
E02000542,RQM,Chelsea and Westminster Hospital NHS Foundation Trust
E02000543,RQM,Chelsea and Westminster Hospital NHS Foundation Trust
E02000544,RQM,Chelsea and Westminster Hospital NHS Foundation Trust
E02000545,RQM,Chelsea and Westminster Hospital NHS Foundation Trust
E02000546,RQM,Chelsea and Westminster Hospital NHS Foundation Trust
E02000547,RQM,Chelsea and Westminster Hospital NHS Foundation Trust
E02000548,RQM,Chelsea and Westminster Hospital NHS Foundation Trust
E02000549,RQM,Chelsea and Westminster Hospital NHS Foundation Trust
E02000550,RQM,Chelsea and Westminster Hospital NHS Foundation Trust
E02000551,RQM,Chelsea and Westminster Hospital NHS Foundation Trust
E02000552,RQM,Chelsea and Westminster Hospital NHS Foundation Trust
E02000553,RQM,Chelsea and Westminster Hospital NHS Foundation Trust
E02000586,RQM,Chelsea and Westminster Hospital NHS Foundation Trust
E02000587,RQM,Chelsea and Westminster Hospital NHS Foundation Trust
E02000588,RQM,Chelsea and Westminster Hospital NHS Foundation Trust
E02000589,RQM,Chelsea and Westminster Hospital NHS Foundation Trust
E02000590,RQM,Chelsea and Westminster Hospital NHS Foundation Trust
E02000591,RQM,Chelsea and Westminster Hospital NHS Foundation Trust
E02000592,RQM,Chelsea and Westminster Hospital NHS Foundation Trust
E02000593,RQM,Chelsea and Westminster Hospital NHS Foundation Trust
E02000594,RQM,Chelsea and Westminster Hospital NHS Foundation Trust
E02000595,RQM,Chelsea and Westminster Hospital NHS Foundation Trust
E02000596,RQM,Chelsea and Westminster Hospital NHS Foundation Trust
E02000597,RQM,Chelsea and Westminster Hospital NHS Foundation Trust
E02000790,RQM,Chelsea and Westminster Hospital NHS Foundation Trust
E02000793,RQM,Chelsea and Westminster Hospital NHS Foundation Trust
E02000794,RQM,Chelsea and Westminster Hospital NHS Foundation Trust
E02000796,RQM,Chelsea and Westminster Hospital NHS Foundation Trust
E02000798,RQM,Chelsea and Westminster Hospital NHS Foundation Trust
E02000923,RQM,Chelsea and Westminster Hospital NHS Foundation Trust
E02000925,RQM,Chelsea and Westminster Hospital NHS Foundation Trust
E02000926,RQM,Chelsea and Westminster Hospital NHS Foundation Trust
E02000978,RQM,Chelsea and Westminster Hospital NHS Foundation Trust
E02000980,RQM,Chelsea and Westminster Hospital NHS Foundation Trust
E02000981,RQM,Chelsea and Westminster Hospital NHS Foundation Trust
E02000982,RQM,Chelsea and Westminster Hospital NHS Foundation Trust
E02000983,RQM,Chelsea and Westminster Hospital NHS Foundation Trust
E02006972,RQM,Chelsea and Westminster Hospital NHS Foundation Trust
E02006973,RQM,Chelsea and Westminster Hospital NHS Foundation Trust
E02007083,RQM,Chelsea and Westminster Hospital NHS Foundation Trust
E02004527,RQW,The Princess Alexandra Hospital NHS Trust
E02004528,RQW,The Princess Alexandra Hospital NHS Trust
E02004529,RQW,The Princess Alexandra Hospital NHS Trust
E02004530,RQW,The Princess Alexandra Hospital NHS Trust
E02004531,RQW,The Princess Alexandra Hospital NHS Trust
E02004532,RQW,The Princess Alexandra Hospital NHS Trust
E02004533,RQW,The Princess Alexandra Hospital NHS Trust
E02004534,RQW,The Princess Alexandra Hospital NHS Trust
E02004535,RQW,The Princess Alexandra Hospital NHS Trust
E02004536,RQW,The Princess Alexandra Hospital NHS Trust
E02004537,RQW,The Princess Alexandra Hospital NHS Trust
E02004538,RQW,The Princess Alexandra Hospital NHS Trust
E02004539,RQW,The Princess Alexandra Hospital NHS Trust
E02004544,RQW,The Princess Alexandra Hospital NHS Trust
E02004545,RQW,The Princess Alexandra Hospital NHS Trust
E02004546,RQW,The Princess Alexandra Hospital NHS Trust
E02004547,RQW,The Princess Alexandra Hospital NHS Trust
E02004548,RQW,The Princess Alexandra Hospital NHS Trust
E02004549,RQW,The Princess Alexandra Hospital NHS Trust
E02004550,RQW,The Princess Alexandra Hospital NHS Trust
E02004551,RQW,The Princess Alexandra Hospital NHS Trust
E02004552,RQW,The Princess Alexandra Hospital NHS Trust
E02004553,RQW,The Princess Alexandra Hospital NHS Trust
E02004554,RQW,The Princess Alexandra Hospital NHS Trust
E02004595,RQW,The Princess Alexandra Hospital NHS Trust
E02004596,RQW,The Princess Alexandra Hospital NHS Trust
E02004599,RQW,The Princess Alexandra Hospital NHS Trust
E02004844,RQW,The Princess Alexandra Hospital NHS Trust
E02004846,RQW,The Princess Alexandra Hospital NHS Trust
E02004847,RQW,The Princess Alexandra Hospital NHS Trust
E02004880,RQW,The Princess Alexandra Hospital NHS Trust
E02004881,RQW,The Princess Alexandra Hospital NHS Trust
E02004882,RQW,The Princess Alexandra Hospital NHS Trust
E02004884,RQW,The Princess Alexandra Hospital NHS Trust
E02004885,RQW,The Princess Alexandra Hospital NHS Trust
E02004886,RQW,The Princess Alexandra Hospital NHS Trust
E02004888,RQW,The Princess Alexandra Hospital NHS Trust
E02000345,RQX,Homerton Healthcare NHS Foundation Trust
E02000346,RQX,Homerton Healthcare NHS Foundation Trust
E02000347,RQX,Homerton Healthcare NHS Foundation Trust
E02000348,RQX,Homerton Healthcare NHS Foundation Trust
E02000350,RQX,Homerton Healthcare NHS Foundation Trust
E02000351,RQX,Homerton Healthcare NHS Foundation Trust
E02000352,RQX,Homerton Healthcare NHS Foundation Trust
E02000353,RQX,Homerton Healthcare NHS Foundation Trust
E02000354,RQX,Homerton Healthcare NHS Foundation Trust
E02000355,RQX,Homerton Healthcare NHS Foundation Trust
E02000356,RQX,Homerton Healthcare NHS Foundation Trust
E02000357,RQX,Homerton Healthcare NHS Foundation Trust
E02000358,RQX,Homerton Healthcare NHS Foundation Trust
E02000359,RQX,Homerton Healthcare NHS Foundation Trust
E02000360,RQX,Homerton Healthcare NHS Foundation Trust
E02000361,RQX,Homerton Healthcare NHS Foundation Trust
E02000362,RQX,Homerton Healthcare NHS Foundation Trust
E02000363,RQX,Homerton Healthcare NHS Foundation Trust
E02000364,RQX,Homerton Healthcare NHS Foundation Trust
E02000366,RQX,Homerton Healthcare NHS Foundation Trust
E02000367,RQX,Homerton Healthcare NHS Foundation Trust
E02000368,RQX,Homerton Healthcare NHS Foundation Trust
E02000369,RQX,Homerton Healthcare NHS Foundation Trust
E02000370,RQX,Homerton Healthcare NHS Foundation Trust
E02000425,RQX,Homerton Healthcare NHS Foundation Trust
E02006918,RQX,Homerton Healthcare NHS Foundation Trust
E02006921,RQX,Homerton Healthcare NHS Foundation Trust
E02007108,RQX,Homerton Healthcare NHS Foundation Trust
E02007109,RQX,Homerton Healthcare NHS Foundation Trust
E02007110,RQX,Homerton Healthcare NHS Foundation Trust
E02007111,RQX,Homerton Healthcare NHS Foundation Trust
E02001682,RR7,Gateshead Health NHS Foundation Trust
E02001683,RR7,Gateshead Health NHS Foundation Trust
E02001684,RR7,Gateshead Health NHS Foundation Trust
E02001685,RR7,Gateshead Health NHS Foundation Trust
E02001686,RR7,Gateshead Health NHS Foundation Trust
E02001688,RR7,Gateshead Health NHS Foundation Trust
E02001689,RR7,Gateshead Health NHS Foundation Trust
E02001690,RR7,Gateshead Health NHS Foundation Trust
E02001691,RR7,Gateshead Health NHS Foundation Trust
E02001692,RR7,Gateshead Health NHS Foundation Trust
E02001693,RR7,Gateshead Health NHS Foundation Trust
E02001694,RR7,Gateshead Health NHS Foundation Trust
E02001695,RR7,Gateshead Health NHS Foundation Trust
E02001696,RR7,Gateshead Health NHS Foundation Trust
E02001697,RR7,Gateshead Health NHS Foundation Trust
E02001698,RR7,Gateshead Health NHS Foundation Trust
E02001699,RR7,Gateshead Health NHS Foundation Trust
E02001700,RR7,Gateshead Health NHS Foundation Trust
E02001701,RR7,Gateshead Health NHS Foundation Trust
E02001702,RR7,Gateshead Health NHS Foundation Trust
E02001703,RR7,Gateshead Health NHS Foundation Trust
E02001704,RR7,Gateshead Health NHS Foundation Trust
E02001706,RR7,Gateshead Health NHS Foundation Trust
E02001707,RR7,Gateshead Health NHS Foundation Trust
E02001797,RR7,Gateshead Health NHS Foundation Trust
E02004290,RR7,Gateshead Health NHS Foundation Trust
E02006841,RR7,Gateshead Health NHS Foundation Trust
E02006842,RR7,Gateshead Health NHS Foundation Trust
E02007094,RR7,Gateshead Health NHS Foundation Trust
E02002187,RR8,Leeds Teaching Hospitals NHS Trust
E02002332,RR8,Leeds Teaching Hospitals NHS Trust
E02002333,RR8,Leeds Teaching Hospitals NHS Trust
E02002336,RR8,Leeds Teaching Hospitals NHS Trust
E02002337,RR8,Leeds Teaching Hospitals NHS Trust
E02002338,RR8,Leeds Teaching Hospitals NHS Trust
E02002339,RR8,Leeds Teaching Hospitals NHS Trust
E02002340,RR8,Leeds Teaching Hospitals NHS Trust
E02002341,RR8,Leeds Teaching Hospitals NHS Trust
E02002342,RR8,Leeds Teaching Hospitals NHS Trust
E02002343,RR8,Leeds Teaching Hospitals NHS Trust
E02002344,RR8,Leeds Teaching Hospitals NHS Trust
E02002345,RR8,Leeds Teaching Hospitals NHS Trust
E02002346,RR8,Leeds Teaching Hospitals NHS Trust
E02002347,RR8,Leeds Teaching Hospitals NHS Trust
E02002348,RR8,Leeds Teaching Hospitals NHS Trust
E02002349,RR8,Leeds Teaching Hospitals NHS Trust
E02002350,RR8,Leeds Teaching Hospitals NHS Trust
E02002351,RR8,Leeds Teaching Hospitals NHS Trust
E02002352,RR8,Leeds Teaching Hospitals NHS Trust
E02002353,RR8,Leeds Teaching Hospitals NHS Trust
E02002354,RR8,Leeds Teaching Hospitals NHS Trust
E02002356,RR8,Leeds Teaching Hospitals NHS Trust
E02002357,RR8,Leeds Teaching Hospitals NHS Trust
E02002358,RR8,Leeds Teaching Hospitals NHS Trust
E02002359,RR8,Leeds Teaching Hospitals NHS Trust
E02002360,RR8,Leeds Teaching Hospitals NHS Trust
E02002361,RR8,Leeds Teaching Hospitals NHS Trust
E02002362,RR8,Leeds Teaching Hospitals NHS Trust
E02002363,RR8,Leeds Teaching Hospitals NHS Trust
E02002364,RR8,Leeds Teaching Hospitals NHS Trust
E02002366,RR8,Leeds Teaching Hospitals NHS Trust
E02002367,RR8,Leeds Teaching Hospitals NHS Trust
E02002368,RR8,Leeds Teaching Hospitals NHS Trust
E02002369,RR8,Leeds Teaching Hospitals NHS Trust
E02002370,RR8,Leeds Teaching Hospitals NHS Trust
E02002371,RR8,Leeds Teaching Hospitals NHS Trust
E02002373,RR8,Leeds Teaching Hospitals NHS Trust
E02002374,RR8,Leeds Teaching Hospitals NHS Trust
E02002375,RR8,Leeds Teaching Hospitals NHS Trust
E02002376,RR8,Leeds Teaching Hospitals NHS Trust
E02002377,RR8,Leeds Teaching Hospitals NHS Trust
E02002379,RR8,Leeds Teaching Hospitals NHS Trust
E02002380,RR8,Leeds Teaching Hospitals NHS Trust
E02002381,RR8,Leeds Teaching Hospitals NHS Trust
E02002382,RR8,Leeds Teaching Hospitals NHS Trust
E02002383,RR8,Leeds Teaching Hospitals NHS Trust
E02002384,RR8,Leeds Teaching Hospitals NHS Trust
E02002385,RR8,Leeds Teaching Hospitals NHS Trust
E02002386,RR8,Leeds Teaching Hospitals NHS Trust
E02002387,RR8,Leeds Teaching Hospitals NHS Trust
E02002388,RR8,Leeds Teaching Hospitals NHS Trust
E02002389,RR8,Leeds Teaching Hospitals NHS Trust
E02002390,RR8,Leeds Teaching Hospitals NHS Trust
E02002391,RR8,Leeds Teaching Hospitals NHS Trust
E02002392,RR8,Leeds Teaching Hospitals NHS Trust
E02002393,RR8,Leeds Teaching Hospitals NHS Trust
E02002394,RR8,Leeds Teaching Hospitals NHS Trust
E02002395,RR8,Leeds Teaching Hospitals NHS Trust
E02002396,RR8,Leeds Teaching Hospitals NHS Trust
E02002397,RR8,Leeds Teaching Hospitals NHS Trust
E02002398,RR8,Leeds Teaching Hospitals NHS Trust
E02002399,RR8,Leeds Teaching Hospitals NHS Trust
E02002400,RR8,Leeds Teaching Hospitals NHS Trust
E02002401,RR8,Leeds Teaching Hospitals NHS Trust
E02002402,RR8,Leeds Teaching Hospitals NHS Trust
E02002403,RR8,Leeds Teaching Hospitals NHS Trust
E02002404,RR8,Leeds Teaching Hospitals NHS Trust
E02002405,RR8,Leeds Teaching Hospitals NHS Trust
E02002406,RR8,Leeds Teaching Hospitals NHS Trust
E02002407,RR8,Leeds Teaching Hospitals NHS Trust
E02002408,RR8,Leeds Teaching Hospitals NHS Trust
E02002409,RR8,Leeds Teaching Hospitals NHS Trust
E02002410,RR8,Leeds Teaching Hospitals NHS Trust
E02002411,RR8,Leeds Teaching Hospitals NHS Trust
E02002412,RR8,Leeds Teaching Hospitals NHS Trust
E02002414,RR8,Leeds Teaching Hospitals NHS Trust
E02002415,RR8,Leeds Teaching Hospitals NHS Trust
E02002416,RR8,Leeds Teaching Hospitals NHS Trust
E02002417,RR8,Leeds Teaching Hospitals NHS Trust
E02002418,RR8,Leeds Teaching Hospitals NHS Trust
E02002419,RR8,Leeds Teaching Hospitals NHS Trust
E02002420,RR8,Leeds Teaching Hospitals NHS Trust
E02002421,RR8,Leeds Teaching Hospitals NHS Trust
E02002422,RR8,Leeds Teaching Hospitals NHS Trust
E02002423,RR8,Leeds Teaching Hospitals NHS Trust
E02002424,RR8,Leeds Teaching Hospitals NHS Trust
E02002425,RR8,Leeds Teaching Hospitals NHS Trust
E02002426,RR8,Leeds Teaching Hospitals NHS Trust
E02002427,RR8,Leeds Teaching Hospitals NHS Trust
E02002428,RR8,Leeds Teaching Hospitals NHS Trust
E02002429,RR8,Leeds Teaching Hospitals NHS Trust
E02002430,RR8,Leeds Teaching Hospitals NHS Trust
E02002431,RR8,Leeds Teaching Hospitals NHS Trust
E02002433,RR8,Leeds Teaching Hospitals NHS Trust
E02002434,RR8,Leeds Teaching Hospitals NHS Trust
E02002435,RR8,Leeds Teaching Hospitals NHS Trust
E02006852,RR8,Leeds Teaching Hospitals NHS Trust
E02006861,RR8,Leeds Teaching Hospitals NHS Trust
E02006875,RR8,Leeds Teaching Hospitals NHS Trust
E02006876,RR8,Leeds Teaching Hospitals NHS Trust
E02001287,RRF,"Wrightington, Wigan and Leigh NHS Foundation Trust"
E02001288,RRF,"Wrightington, Wigan and Leigh NHS Foundation Trust"
E02001289,RRF,"Wrightington, Wigan and Leigh NHS Foundation Trust"
E02001290,RRF,"Wrightington, Wigan and Leigh NHS Foundation Trust"
E02001291,RRF,"Wrightington, Wigan and Leigh NHS Foundation Trust"
E02001292,RRF,"Wrightington, Wigan and Leigh NHS Foundation Trust"
E02001293,RRF,"Wrightington, Wigan and Leigh NHS Foundation Trust"
E02001294,RRF,"Wrightington, Wigan and Leigh NHS Foundation Trust"
E02001295,RRF,"Wrightington, Wigan and Leigh NHS Foundation Trust"
E02001296,RRF,"Wrightington, Wigan and Leigh NHS Foundation Trust"
E02001297,RRF,"Wrightington, Wigan and Leigh NHS Foundation Trust"
E02001298,RRF,"Wrightington, Wigan and Leigh NHS Foundation Trust"
E02001299,RRF,"Wrightington, Wigan and Leigh NHS Foundation Trust"
E02001300,RRF,"Wrightington, Wigan and Leigh NHS Foundation Trust"
E02001301,RRF,"Wrightington, Wigan and Leigh NHS Foundation Trust"
E02001302,RRF,"Wrightington, Wigan and Leigh NHS Foundation Trust"
E02001303,RRF,"Wrightington, Wigan and Leigh NHS Foundation Trust"
E02001304,RRF,"Wrightington, Wigan and Leigh NHS Foundation Trust"
E02001305,RRF,"Wrightington, Wigan and Leigh NHS Foundation Trust"
E02001306,RRF,"Wrightington, Wigan and Leigh NHS Foundation Trust"
E02001307,RRF,"Wrightington, Wigan and Leigh NHS Foundation Trust"
E02001308,RRF,"Wrightington, Wigan and Leigh NHS Foundation Trust"
E02001309,RRF,"Wrightington, Wigan and Leigh NHS Foundation Trust"
E02001310,RRF,"Wrightington, Wigan and Leigh NHS Foundation Trust"
E02001311,RRF,"Wrightington, Wigan and Leigh NHS Foundation Trust"
E02001312,RRF,"Wrightington, Wigan and Leigh NHS Foundation Trust"
E02001313,RRF,"Wrightington, Wigan and Leigh NHS Foundation Trust"
E02001314,RRF,"Wrightington, Wigan and Leigh NHS Foundation Trust"
E02001315,RRF,"Wrightington, Wigan and Leigh NHS Foundation Trust"
E02001316,RRF,"Wrightington, Wigan and Leigh NHS Foundation Trust"
E02001317,RRF,"Wrightington, Wigan and Leigh NHS Foundation Trust"
E02001318,RRF,"Wrightington, Wigan and Leigh NHS Foundation Trust"
E02001319,RRF,"Wrightington, Wigan and Leigh NHS Foundation Trust"
E02001320,RRF,"Wrightington, Wigan and Leigh NHS Foundation Trust"
E02001321,RRF,"Wrightington, Wigan and Leigh NHS Foundation Trust"
E02001322,RRF,"Wrightington, Wigan and Leigh NHS Foundation Trust"
E02001323,RRF,"Wrightington, Wigan and Leigh NHS Foundation Trust"
E02001324,RRF,"Wrightington, Wigan and Leigh NHS Foundation Trust"
E02001325,RRF,"Wrightington, Wigan and Leigh NHS Foundation Trust"
E02001326,RRF,"Wrightington, Wigan and Leigh NHS Foundation Trust"
E02005308,RRF,"Wrightington, Wigan and Leigh NHS Foundation Trust"
E02001827,RRK,University Hospitals Birmingham NHS Foundation Trust
E02001828,RRK,University Hospitals Birmingham NHS Foundation Trust
E02001829,RRK,University Hospitals Birmingham NHS Foundation Trust
E02001830,RRK,University Hospitals Birmingham NHS Foundation Trust
E02001831,RRK,University Hospitals Birmingham NHS Foundation Trust
E02001832,RRK,University Hospitals Birmingham NHS Foundation Trust
E02001833,RRK,University Hospitals Birmingham NHS Foundation Trust
E02001834,RRK,University Hospitals Birmingham NHS Foundation Trust
E02001835,RRK,University Hospitals Birmingham NHS Foundation Trust
E02001836,RRK,University Hospitals Birmingham NHS Foundation Trust
E02001837,RRK,University Hospitals Birmingham NHS Foundation Trust
E02001838,RRK,University Hospitals Birmingham NHS Foundation Trust
E02001839,RRK,University Hospitals Birmingham NHS Foundation Trust
E02001840,RRK,University Hospitals Birmingham NHS Foundation Trust
E02001841,RRK,University Hospitals Birmingham NHS Foundation Trust
E02001843,RRK,University Hospitals Birmingham NHS Foundation Trust
E02001844,RRK,University Hospitals Birmingham NHS Foundation Trust
E02001846,RRK,University Hospitals Birmingham NHS Foundation Trust
E02001847,RRK,University Hospitals Birmingham NHS Foundation Trust
E02001848,RRK,University Hospitals Birmingham NHS Foundation Trust
E02001849,RRK,University Hospitals Birmingham NHS Foundation Trust
E02001851,RRK,University Hospitals Birmingham NHS Foundation Trust
E02001852,RRK,University Hospitals Birmingham NHS Foundation Trust
E02001855,RRK,University Hospitals Birmingham NHS Foundation Trust
E02001856,RRK,University Hospitals Birmingham NHS Foundation Trust
E02001857,RRK,University Hospitals Birmingham NHS Foundation Trust
E02001868,RRK,University Hospitals Birmingham NHS Foundation Trust
E02001869,RRK,University Hospitals Birmingham NHS Foundation Trust
E02001870,RRK,University Hospitals Birmingham NHS Foundation Trust
E02001871,RRK,University Hospitals Birmingham NHS Foundation Trust
E02001872,RRK,University Hospitals Birmingham NHS Foundation Trust
E02001874,RRK,University Hospitals Birmingham NHS Foundation Trust
E02001877,RRK,University Hospitals Birmingham NHS Foundation Trust
E02001878,RRK,University Hospitals Birmingham NHS Foundation Trust
E02001880,RRK,University Hospitals Birmingham NHS Foundation Trust
E02001881,RRK,University Hospitals Birmingham NHS Foundation Trust
E02001882,RRK,University Hospitals Birmingham NHS Foundation Trust
E02001883,RRK,University Hospitals Birmingham NHS Foundation Trust
E02001884,RRK,University Hospitals Birmingham NHS Foundation Trust
E02001888,RRK,University Hospitals Birmingham NHS Foundation Trust
E02001889,RRK,University Hospitals Birmingham NHS Foundation Trust
E02001890,RRK,University Hospitals Birmingham NHS Foundation Trust
E02001892,RRK,University Hospitals Birmingham NHS Foundation Trust
E02001893,RRK,University Hospitals Birmingham NHS Foundation Trust
E02001895,RRK,University Hospitals Birmingham NHS Foundation Trust
E02001896,RRK,University Hospitals Birmingham NHS Foundation Trust
E02001897,RRK,University Hospitals Birmingham NHS Foundation Trust
E02001898,RRK,University Hospitals Birmingham NHS Foundation Trust
E02001899,RRK,University Hospitals Birmingham NHS Foundation Trust
E02001900,RRK,University Hospitals Birmingham NHS Foundation Trust
E02001901,RRK,University Hospitals Birmingham NHS Foundation Trust
E02001902,RRK,University Hospitals Birmingham NHS Foundation Trust
E02001903,RRK,University Hospitals Birmingham NHS Foundation Trust
E02001904,RRK,University Hospitals Birmingham NHS Foundation Trust
E02001905,RRK,University Hospitals Birmingham NHS Foundation Trust
E02001906,RRK,University Hospitals Birmingham NHS Foundation Trust
E02001907,RRK,University Hospitals Birmingham NHS Foundation Trust
E02001908,RRK,University Hospitals Birmingham NHS Foundation Trust
E02001909,RRK,University Hospitals Birmingham NHS Foundation Trust
E02001910,RRK,University Hospitals Birmingham NHS Foundation Trust
E02001911,RRK,University Hospitals Birmingham NHS Foundation Trust
E02001913,RRK,University Hospitals Birmingham NHS Foundation Trust
E02001914,RRK,University Hospitals Birmingham NHS Foundation Trust
E02001915,RRK,University Hospitals Birmingham NHS Foundation Trust
E02001916,RRK,University Hospitals Birmingham NHS Foundation Trust
E02001918,RRK,University Hospitals Birmingham NHS Foundation Trust
E02001919,RRK,University Hospitals Birmingham NHS Foundation Trust
E02001920,RRK,University Hospitals Birmingham NHS Foundation Trust
E02001921,RRK,University Hospitals Birmingham NHS Foundation Trust
E02001922,RRK,University Hospitals Birmingham NHS Foundation Trust
E02001923,RRK,University Hospitals Birmingham NHS Foundation Trust
E02001924,RRK,University Hospitals Birmingham NHS Foundation Trust
E02001925,RRK,University Hospitals Birmingham NHS Foundation Trust
E02001926,RRK,University Hospitals Birmingham NHS Foundation Trust
E02001927,RRK,University Hospitals Birmingham NHS Foundation Trust
E02001928,RRK,University Hospitals Birmingham NHS Foundation Trust
E02001929,RRK,University Hospitals Birmingham NHS Foundation Trust
E02001930,RRK,University Hospitals Birmingham NHS Foundation Trust
E02001931,RRK,University Hospitals Birmingham NHS Foundation Trust
E02001932,RRK,University Hospitals Birmingham NHS Foundation Trust
E02001933,RRK,University Hospitals Birmingham NHS Foundation Trust
E02001934,RRK,University Hospitals Birmingham NHS Foundation Trust
E02001935,RRK,University Hospitals Birmingham NHS Foundation Trust
E02001936,RRK,University Hospitals Birmingham NHS Foundation Trust
E02001937,RRK,University Hospitals Birmingham NHS Foundation Trust
E02001938,RRK,University Hospitals Birmingham NHS Foundation Trust
E02001939,RRK,University Hospitals Birmingham NHS Foundation Trust
E02001941,RRK,University Hospitals Birmingham NHS Foundation Trust
E02001942,RRK,University Hospitals Birmingham NHS Foundation Trust
E02001943,RRK,University Hospitals Birmingham NHS Foundation Trust
E02001944,RRK,University Hospitals Birmingham NHS Foundation Trust
E02001945,RRK,University Hospitals Birmingham NHS Foundation Trust
E02001946,RRK,University Hospitals Birmingham NHS Foundation Trust
E02001947,RRK,University Hospitals Birmingham NHS Foundation Trust
E02001948,RRK,University Hospitals Birmingham NHS Foundation Trust
E02001949,RRK,University Hospitals Birmingham NHS Foundation Trust
E02001950,RRK,University Hospitals Birmingham NHS Foundation Trust
E02001951,RRK,University Hospitals Birmingham NHS Foundation Trust
E02001952,RRK,University Hospitals Birmingham NHS Foundation Trust
E02001953,RRK,University Hospitals Birmingham NHS Foundation Trust
E02001954,RRK,University Hospitals Birmingham NHS Foundation Trust
E02001955,RRK,University Hospitals Birmingham NHS Foundation Trust
E02001956,RRK,University Hospitals Birmingham NHS Foundation Trust
E02001957,RRK,University Hospitals Birmingham NHS Foundation Trust
E02002081,RRK,University Hospitals Birmingham NHS Foundation Trust
E02002082,RRK,University Hospitals Birmingham NHS Foundation Trust
E02002083,RRK,University Hospitals Birmingham NHS Foundation Trust
E02002084,RRK,University Hospitals Birmingham NHS Foundation Trust
E02002085,RRK,University Hospitals Birmingham NHS Foundation Trust
E02002086,RRK,University Hospitals Birmingham NHS Foundation Trust
E02002087,RRK,University Hospitals Birmingham NHS Foundation Trust
E02002088,RRK,University Hospitals Birmingham NHS Foundation Trust
E02002089,RRK,University Hospitals Birmingham NHS Foundation Trust
E02002090,RRK,University Hospitals Birmingham NHS Foundation Trust
E02002091,RRK,University Hospitals Birmingham NHS Foundation Trust
E02002092,RRK,University Hospitals Birmingham NHS Foundation Trust
E02002093,RRK,University Hospitals Birmingham NHS Foundation Trust
E02002094,RRK,University Hospitals Birmingham NHS Foundation Trust
E02002095,RRK,University Hospitals Birmingham NHS Foundation Trust
E02002096,RRK,University Hospitals Birmingham NHS Foundation Trust
E02002097,RRK,University Hospitals Birmingham NHS Foundation Trust
E02002098,RRK,University Hospitals Birmingham NHS Foundation Trust
E02002099,RRK,University Hospitals Birmingham NHS Foundation Trust
E02002101,RRK,University Hospitals Birmingham NHS Foundation Trust
E02002102,RRK,University Hospitals Birmingham NHS Foundation Trust
E02002103,RRK,University Hospitals Birmingham NHS Foundation Trust
E02002104,RRK,University Hospitals Birmingham NHS Foundation Trust
E02002105,RRK,University Hospitals Birmingham NHS Foundation Trust
E02002106,RRK,University Hospitals Birmingham NHS Foundation Trust
E02002107,RRK,University Hospitals Birmingham NHS Foundation Trust
E02002108,RRK,University Hospitals Birmingham NHS Foundation Trust
E02002109,RRK,University Hospitals Birmingham NHS Foundation Trust
E02002137,RRK,University Hospitals Birmingham NHS Foundation Trust
E02002141,RRK,University Hospitals Birmingham NHS Foundation Trust
E02002148,RRK,University Hospitals Birmingham NHS Foundation Trust
E02006156,RRK,University Hospitals Birmingham NHS Foundation Trust
E02006157,RRK,University Hospitals Birmingham NHS Foundation Trust
E02006218,RRK,University Hospitals Birmingham NHS Foundation Trust
E02006219,RRK,University Hospitals Birmingham NHS Foundation Trust
E02006221,RRK,University Hospitals Birmingham NHS Foundation Trust
E02006222,RRK,University Hospitals Birmingham NHS Foundation Trust
E02006223,RRK,University Hospitals Birmingham NHS Foundation Trust
E02006224,RRK,University Hospitals Birmingham NHS Foundation Trust
E02006225,RRK,University Hospitals Birmingham NHS Foundation Trust
E02006226,RRK,University Hospitals Birmingham NHS Foundation Trust
E02006698,RRK,University Hospitals Birmingham NHS Foundation Trust
E02006699,RRK,University Hospitals Birmingham NHS Foundation Trust
E02006700,RRK,University Hospitals Birmingham NHS Foundation Trust
E02006807,RRK,University Hospitals Birmingham NHS Foundation Trust
E02006808,RRK,University Hospitals Birmingham NHS Foundation Trust
E02006895,RRK,University Hospitals Birmingham NHS Foundation Trust
E02006896,RRK,University Hospitals Birmingham NHS Foundation Trust
E02006900,RRK,University Hospitals Birmingham NHS Foundation Trust
E02007038,RRK,University Hospitals Birmingham NHS Foundation Trust
E02007039,RRK,University Hospitals Birmingham NHS Foundation Trust
E02007040,RRK,University Hospitals Birmingham NHS Foundation Trust
E02000001,RRV,University College London Hospitals NHS Foundation Trust
E02000166,RRV,University College London Hospitals NHS Foundation Trust
E02000168,RRV,University College London Hospitals NHS Foundation Trust
E02000172,RRV,University College London Hospitals NHS Foundation Trust
E02000174,RRV,University College London Hospitals NHS Foundation Trust
E02000180,RRV,University College London Hospitals NHS Foundation Trust
E02000183,RRV,University College London Hospitals NHS Foundation Trust
E02000184,RRV,University College London Hospitals NHS Foundation Trust
E02000186,RRV,University College London Hospitals NHS Foundation Trust
E02000187,RRV,University College London Hospitals NHS Foundation Trust
E02000188,RRV,University College London Hospitals NHS Foundation Trust
E02000191,RRV,University College London Hospitals NHS Foundation Trust
E02000192,RRV,University College London Hospitals NHS Foundation Trust
E02000193,RRV,University College London Hospitals NHS Foundation Trust
E02000559,RRV,University College London Hospitals NHS Foundation Trust
E02000561,RRV,University College London Hospitals NHS Foundation Trust
E02000562,RRV,University College London Hospitals NHS Foundation Trust
E02000563,RRV,University College London Hospitals NHS Foundation Trust
E02000564,RRV,University College London Hospitals NHS Foundation Trust
E02000565,RRV,University College London Hospitals NHS Foundation Trust
E02000566,RRV,University College London Hospitals NHS Foundation Trust
E02000567,RRV,University College London Hospitals NHS Foundation Trust
E02000568,RRV,University College London Hospitals NHS Foundation Trust
E02000569,RRV,University College London Hospitals NHS Foundation Trust
E02000570,RRV,University College London Hospitals NHS Foundation Trust
E02000571,RRV,University College London Hospitals NHS Foundation Trust
E02000572,RRV,University College London Hospitals NHS Foundation Trust
E02000573,RRV,University College London Hospitals NHS Foundation Trust
E02000574,RRV,University College London Hospitals NHS Foundation Trust
E02000575,RRV,University College London Hospitals NHS Foundation Trust
E02000576,RRV,University College London Hospitals NHS Foundation Trust
E02000970,RRV,University College London Hospitals NHS Foundation Trust
E02000972,RRV,University College London Hospitals NHS Foundation Trust
E02000977,RRV,University College London Hospitals NHS Foundation Trust
E02007115,RRV,University College London Hospitals NHS Foundation Trust
E02001709,RTD,The Newcastle upon Tyne Hospitals NHS Foundation Trust
E02001710,RTD,The Newcastle upon Tyne Hospitals NHS Foundation Trust
E02001711,RTD,The Newcastle upon Tyne Hospitals NHS Foundation Trust
E02001712,RTD,The Newcastle upon Tyne Hospitals NHS Foundation Trust
E02001713,RTD,The Newcastle upon Tyne Hospitals NHS Foundation Trust
E02001714,RTD,The Newcastle upon Tyne Hospitals NHS Foundation Trust
E02001715,RTD,The Newcastle upon Tyne Hospitals NHS Foundation Trust
E02001718,RTD,The Newcastle upon Tyne Hospitals NHS Foundation Trust
E02001719,RTD,The Newcastle upon Tyne Hospitals NHS Foundation Trust
E02001720,RTD,The Newcastle upon Tyne Hospitals NHS Foundation Trust
E02001721,RTD,The Newcastle upon Tyne Hospitals NHS Foundation Trust
E02001722,RTD,The Newcastle upon Tyne Hospitals NHS Foundation Trust
E02001723,RTD,The Newcastle upon Tyne Hospitals NHS Foundation Trust
E02001724,RTD,The Newcastle upon Tyne Hospitals NHS Foundation Trust
E02001725,RTD,The Newcastle upon Tyne Hospitals NHS Foundation Trust
E02001726,RTD,The Newcastle upon Tyne Hospitals NHS Foundation Trust
E02001727,RTD,The Newcastle upon Tyne Hospitals NHS Foundation Trust
E02001728,RTD,The Newcastle upon Tyne Hospitals NHS Foundation Trust
E02001729,RTD,The Newcastle upon Tyne Hospitals NHS Foundation Trust
E02001732,RTD,The Newcastle upon Tyne Hospitals NHS Foundation Trust
E02001734,RTD,The Newcastle upon Tyne Hospitals NHS Foundation Trust
E02001735,RTD,The Newcastle upon Tyne Hospitals NHS Foundation Trust
E02001737,RTD,The Newcastle upon Tyne Hospitals NHS Foundation Trust
E02001741,RTD,The Newcastle upon Tyne Hospitals NHS Foundation Trust
E02001749,RTD,The Newcastle upon Tyne Hospitals NHS Foundation Trust
E02001751,RTD,The Newcastle upon Tyne Hospitals NHS Foundation Trust
E02001755,RTD,The Newcastle upon Tyne Hospitals NHS Foundation Trust
E02001756,RTD,The Newcastle upon Tyne Hospitals NHS Foundation Trust
E02001767,RTD,The Newcastle upon Tyne Hospitals NHS Foundation Trust
E02005725,RTD,The Newcastle upon Tyne Hospitals NHS Foundation Trust
E02005726,RTD,The Newcastle upon Tyne Hospitals NHS Foundation Trust
E02006893,RTD,The Newcastle upon Tyne Hospitals NHS Foundation Trust
E02007095,RTD,The Newcastle upon Tyne Hospitals NHS Foundation Trust
E02007096,RTD,The Newcastle upon Tyne Hospitals NHS Foundation Trust
E02007097,RTD,The Newcastle upon Tyne Hospitals NHS Foundation Trust
E02007098,RTD,The Newcastle upon Tyne Hospitals NHS Foundation Trust
E02007099,RTD,The Newcastle upon Tyne Hospitals NHS Foundation Trust
E02007100,RTD,The Newcastle upon Tyne Hospitals NHS Foundation Trust
E02007101,RTD,The Newcastle upon Tyne Hospitals NHS Foundation Trust
E02007102,RTD,The Newcastle upon Tyne Hospitals NHS Foundation Trust
E02007103,RTD,The Newcastle upon Tyne Hospitals NHS Foundation Trust
E02007104,RTD,The Newcastle upon Tyne Hospitals NHS Foundation Trust
E02004600,RTE,Gloucestershire Hospitals NHS Foundation Trust
E02004601,RTE,Gloucestershire Hospitals NHS Foundation Trust
E02004602,RTE,Gloucestershire Hospitals NHS Foundation Trust
E02004603,RTE,Gloucestershire Hospitals NHS Foundation Trust
E02004604,RTE,Gloucestershire Hospitals NHS Foundation Trust
E02004605,RTE,Gloucestershire Hospitals NHS Foundation Trust
E02004606,RTE,Gloucestershire Hospitals NHS Foundation Trust
E02004607,RTE,Gloucestershire Hospitals NHS Foundation Trust
E02004608,RTE,Gloucestershire Hospitals NHS Foundation Trust
E02004609,RTE,Gloucestershire Hospitals NHS Foundation Trust
E02004610,RTE,Gloucestershire Hospitals NHS Foundation Trust
E02004611,RTE,Gloucestershire Hospitals NHS Foundation Trust
E02004612,RTE,Gloucestershire Hospitals NHS Foundation Trust
E02004613,RTE,Gloucestershire Hospitals NHS Foundation Trust
E02004614,RTE,Gloucestershire Hospitals NHS Foundation Trust
E02004615,RTE,Gloucestershire Hospitals NHS Foundation Trust
E02004616,RTE,Gloucestershire Hospitals NHS Foundation Trust
E02004617,RTE,Gloucestershire Hospitals NHS Foundation Trust
E02004618,RTE,Gloucestershire Hospitals NHS Foundation Trust
E02004619,RTE,Gloucestershire Hospitals NHS Foundation Trust
E02004620,RTE,Gloucestershire Hospitals NHS Foundation Trust
E02004621,RTE,Gloucestershire Hospitals NHS Foundation Trust
E02004622,RTE,Gloucestershire Hospitals NHS Foundation Trust
E02004624,RTE,Gloucestershire Hospitals NHS Foundation Trust
E02004625,RTE,Gloucestershire Hospitals NHS Foundation Trust
E02004626,RTE,Gloucestershire Hospitals NHS Foundation Trust
E02004627,RTE,Gloucestershire Hospitals NHS Foundation Trust
E02004628,RTE,Gloucestershire Hospitals NHS Foundation Trust
E02004629,RTE,Gloucestershire Hospitals NHS Foundation Trust
E02004630,RTE,Gloucestershire Hospitals NHS Foundation Trust
E02004631,RTE,Gloucestershire Hospitals NHS Foundation Trust
E02004632,RTE,Gloucestershire Hospitals NHS Foundation Trust
E02004633,RTE,Gloucestershire Hospitals NHS Foundation Trust
E02004634,RTE,Gloucestershire Hospitals NHS Foundation Trust
E02004635,RTE,Gloucestershire Hospitals NHS Foundation Trust
E02004636,RTE,Gloucestershire Hospitals NHS Foundation Trust
E02004637,RTE,Gloucestershire Hospitals NHS Foundation Trust
E02004638,RTE,Gloucestershire Hospitals NHS Foundation Trust
E02004639,RTE,Gloucestershire Hospitals NHS Foundation Trust
E02004640,RTE,Gloucestershire Hospitals NHS Foundation Trust
E02004641,RTE,Gloucestershire Hospitals NHS Foundation Trust
E02004642,RTE,Gloucestershire Hospitals NHS Foundation Trust
E02004643,RTE,Gloucestershire Hospitals NHS Foundation Trust
E02004644,RTE,Gloucestershire Hospitals NHS Foundation Trust
E02004645,RTE,Gloucestershire Hospitals NHS Foundation Trust
E02004646,RTE,Gloucestershire Hospitals NHS Foundation Trust
E02004647,RTE,Gloucestershire Hospitals NHS Foundation Trust
E02004648,RTE,Gloucestershire Hospitals NHS Foundation Trust
E02004649,RTE,Gloucestershire Hospitals NHS Foundation Trust
E02004650,RTE,Gloucestershire Hospitals NHS Foundation Trust
E02004651,RTE,Gloucestershire Hospitals NHS Foundation Trust
E02004652,RTE,Gloucestershire Hospitals NHS Foundation Trust
E02004653,RTE,Gloucestershire Hospitals NHS Foundation Trust
E02004654,RTE,Gloucestershire Hospitals NHS Foundation Trust
E02004655,RTE,Gloucestershire Hospitals NHS Foundation Trust
E02004656,RTE,Gloucestershire Hospitals NHS Foundation Trust
E02004657,RTE,Gloucestershire Hospitals NHS Foundation Trust
E02004658,RTE,Gloucestershire Hospitals NHS Foundation Trust
E02004659,RTE,Gloucestershire Hospitals NHS Foundation Trust
E02004660,RTE,Gloucestershire Hospitals NHS Foundation Trust
E02004661,RTE,Gloucestershire Hospitals NHS Foundation Trust
E02004662,RTE,Gloucestershire Hospitals NHS Foundation Trust
E02004663,RTE,Gloucestershire Hospitals NHS Foundation Trust
E02004664,RTE,Gloucestershire Hospitals NHS Foundation Trust
E02004665,RTE,Gloucestershire Hospitals NHS Foundation Trust
E02004666,RTE,Gloucestershire Hospitals NHS Foundation Trust
E02004667,RTE,Gloucestershire Hospitals NHS Foundation Trust
E02004668,RTE,Gloucestershire Hospitals NHS Foundation Trust
E02004669,RTE,Gloucestershire Hospitals NHS Foundation Trust
E02004671,RTE,Gloucestershire Hospitals NHS Foundation Trust
E02004672,RTE,Gloucestershire Hospitals NHS Foundation Trust
E02004673,RTE,Gloucestershire Hospitals NHS Foundation Trust
E02004674,RTE,Gloucestershire Hospitals NHS Foundation Trust
E02006765,RTE,Gloucestershire Hospitals NHS Foundation Trust
E02006766,RTE,Gloucestershire Hospitals NHS Foundation Trust
E02007034,RTE,Gloucestershire Hospitals NHS Foundation Trust
E02007035,RTE,Gloucestershire Hospitals NHS Foundation Trust
E02001738,RTF,Northumbria Healthcare NHS Foundation Trust
E02001739,RTF,Northumbria Healthcare NHS Foundation Trust
E02001740,RTF,Northumbria Healthcare NHS Foundation Trust
E02001742,RTF,Northumbria Healthcare NHS Foundation Trust
E02001743,RTF,Northumbria Healthcare NHS Foundation Trust
E02001744,RTF,Northumbria Healthcare NHS Foundation Trust
E02001745,RTF,Northumbria Healthcare NHS Foundation Trust
E02001746,RTF,Northumbria Healthcare NHS Foundation Trust
E02001747,RTF,Northumbria Healthcare NHS Foundation Trust
E02001748,RTF,Northumbria Healthcare NHS Foundation Trust
E02001750,RTF,Northumbria Healthcare NHS Foundation Trust
E02001752,RTF,Northumbria Healthcare NHS Foundation Trust
E02001753,RTF,Northumbria Healthcare NHS Foundation Trust
E02001754,RTF,Northumbria Healthcare NHS Foundation Trust
E02001757,RTF,Northumbria Healthcare NHS Foundation Trust
E02001758,RTF,Northumbria Healthcare NHS Foundation Trust
E02001759,RTF,Northumbria Healthcare NHS Foundation Trust
E02001760,RTF,Northumbria Healthcare NHS Foundation Trust
E02001761,RTF,Northumbria Healthcare NHS Foundation Trust
E02001762,RTF,Northumbria Healthcare NHS Foundation Trust
E02001763,RTF,Northumbria Healthcare NHS Foundation Trust
E02001764,RTF,Northumbria Healthcare NHS Foundation Trust
E02001765,RTF,Northumbria Healthcare NHS Foundation Trust
E02001766,RTF,Northumbria Healthcare NHS Foundation Trust
E02005702,RTF,Northumbria Healthcare NHS Foundation Trust
E02005703,RTF,Northumbria Healthcare NHS Foundation Trust
E02005704,RTF,Northumbria Healthcare NHS Foundation Trust
E02005705,RTF,Northumbria Healthcare NHS Foundation Trust
E02005706,RTF,Northumbria Healthcare NHS Foundation Trust
E02005707,RTF,Northumbria Healthcare NHS Foundation Trust
E02005708,RTF,Northumbria Healthcare NHS Foundation Trust
E02005709,RTF,Northumbria Healthcare NHS Foundation Trust
E02005710,RTF,Northumbria Healthcare NHS Foundation Trust
E02005711,RTF,Northumbria Healthcare NHS Foundation Trust
E02005712,RTF,Northumbria Healthcare NHS Foundation Trust
E02005713,RTF,Northumbria Healthcare NHS Foundation Trust
E02005715,RTF,Northumbria Healthcare NHS Foundation Trust
E02005717,RTF,Northumbria Healthcare NHS Foundation Trust
E02005718,RTF,Northumbria Healthcare NHS Foundation Trust
E02005719,RTF,Northumbria Healthcare NHS Foundation Trust
E02005720,RTF,Northumbria Healthcare NHS Foundation Trust
E02005721,RTF,Northumbria Healthcare NHS Foundation Trust
E02005722,RTF,Northumbria Healthcare NHS Foundation Trust
E02005723,RTF,Northumbria Healthcare NHS Foundation Trust
E02005724,RTF,Northumbria Healthcare NHS Foundation Trust
E02005727,RTF,Northumbria Healthcare NHS Foundation Trust
E02005728,RTF,Northumbria Healthcare NHS Foundation Trust
E02005729,RTF,Northumbria Healthcare NHS Foundation Trust
E02005730,RTF,Northumbria Healthcare NHS Foundation Trust
E02005731,RTF,Northumbria Healthcare NHS Foundation Trust
E02005733,RTF,Northumbria Healthcare NHS Foundation Trust
E02005734,RTF,Northumbria Healthcare NHS Foundation Trust
E02005735,RTF,Northumbria Healthcare NHS Foundation Trust
E02005736,RTF,Northumbria Healthcare NHS Foundation Trust
E02005739,RTF,Northumbria Healthcare NHS Foundation Trust
E02005740,RTF,Northumbria Healthcare NHS Foundation Trust
E02005741,RTF,Northumbria Healthcare NHS Foundation Trust
E02007105,RTF,Northumbria Healthcare NHS Foundation Trust
E02007106,RTF,Northumbria Healthcare NHS Foundation Trust
E02007107,RTF,Northumbria Healthcare NHS Foundation Trust
E02002796,RTG,University Hospitals of Derby and Burton NHS Foundation Trust
E02002797,RTG,University Hospitals of Derby and Burton NHS Foundation Trust
E02002798,RTG,University Hospitals of Derby and Burton NHS Foundation Trust
E02002799,RTG,University Hospitals of Derby and Burton NHS Foundation Trust
E02002800,RTG,University Hospitals of Derby and Burton NHS Foundation Trust
E02002801,RTG,University Hospitals of Derby and Burton NHS Foundation Trust
E02002802,RTG,University Hospitals of Derby and Burton NHS Foundation Trust
E02002803,RTG,University Hospitals of Derby and Burton NHS Foundation Trust
E02002804,RTG,University Hospitals of Derby and Burton NHS Foundation Trust
E02002805,RTG,University Hospitals of Derby and Burton NHS Foundation Trust
E02002806,RTG,University Hospitals of Derby and Burton NHS Foundation Trust
E02002807,RTG,University Hospitals of Derby and Burton NHS Foundation Trust
E02002808,RTG,University Hospitals of Derby and Burton NHS Foundation Trust
E02002809,RTG,University Hospitals of Derby and Burton NHS Foundation Trust
E02002810,RTG,University Hospitals of Derby and Burton NHS Foundation Trust
E02002811,RTG,University Hospitals of Derby and Burton NHS Foundation Trust
E02002812,RTG,University Hospitals of Derby and Burton NHS Foundation Trust
E02002813,RTG,University Hospitals of Derby and Burton NHS Foundation Trust
E02002814,RTG,University Hospitals of Derby and Burton NHS Foundation Trust
E02002815,RTG,University Hospitals of Derby and Burton NHS Foundation Trust
E02002816,RTG,University Hospitals of Derby and Burton NHS Foundation Trust
E02002817,RTG,University Hospitals of Derby and Burton NHS Foundation Trust
E02002818,RTG,University Hospitals of Derby and Burton NHS Foundation Trust
E02002819,RTG,University Hospitals of Derby and Burton NHS Foundation Trust
E02002820,RTG,University Hospitals of Derby and Burton NHS Foundation Trust
E02002821,RTG,University Hospitals of Derby and Burton NHS Foundation Trust
E02002822,RTG,University Hospitals of Derby and Burton NHS Foundation Trust
E02002823,RTG,University Hospitals of Derby and Burton NHS Foundation Trust
E02002824,RTG,University Hospitals of Derby and Burton NHS Foundation Trust
E02002825,RTG,University Hospitals of Derby and Burton NHS Foundation Trust
E02002826,RTG,University Hospitals of Derby and Burton NHS Foundation Trust
E02004029,RTG,University Hospitals of Derby and Burton NHS Foundation Trust
E02004030,RTG,University Hospitals of Derby and Burton NHS Foundation Trust
E02004031,RTG,University Hospitals of Derby and Burton NHS Foundation Trust
E02004032,RTG,University Hospitals of Derby and Burton NHS Foundation Trust
E02004033,RTG,University Hospitals of Derby and Burton NHS Foundation Trust
E02004034,RTG,University Hospitals of Derby and Burton NHS Foundation Trust
E02004035,RTG,University Hospitals of Derby and Burton NHS Foundation Trust
E02004036,RTG,University Hospitals of Derby and Burton NHS Foundation Trust
E02004037,RTG,University Hospitals of Derby and Burton NHS Foundation Trust
E02004038,RTG,University Hospitals of Derby and Burton NHS Foundation Trust
E02004039,RTG,University Hospitals of Derby and Burton NHS Foundation Trust
E02004040,RTG,University Hospitals of Derby and Burton NHS Foundation Trust
E02004041,RTG,University Hospitals of Derby and Burton NHS Foundation Trust
E02004043,RTG,University Hospitals of Derby and Burton NHS Foundation Trust
E02004044,RTG,University Hospitals of Derby and Burton NHS Foundation Trust
E02004074,RTG,University Hospitals of Derby and Burton NHS Foundation Trust
E02004075,RTG,University Hospitals of Derby and Burton NHS Foundation Trust
E02004076,RTG,University Hospitals of Derby and Burton NHS Foundation Trust
E02004077,RTG,University Hospitals of Derby and Burton NHS Foundation Trust
E02004078,RTG,University Hospitals of Derby and Burton NHS Foundation Trust
E02004080,RTG,University Hospitals of Derby and Burton NHS Foundation Trust
E02004081,RTG,University Hospitals of Derby and Burton NHS Foundation Trust
E02004082,RTG,University Hospitals of Derby and Burton NHS Foundation Trust
E02004083,RTG,University Hospitals of Derby and Burton NHS Foundation Trust
E02004084,RTG,University Hospitals of Derby and Burton NHS Foundation Trust
E02004086,RTG,University Hospitals of Derby and Burton NHS Foundation Trust
E02004088,RTG,University Hospitals of Derby and Burton NHS Foundation Trust
E02004090,RTG,University Hospitals of Derby and Burton NHS Foundation Trust
E02004118,RTG,University Hospitals of Derby and Burton NHS Foundation Trust
E02004119,RTG,University Hospitals of Derby and Burton NHS Foundation Trust
E02004120,RTG,University Hospitals of Derby and Burton NHS Foundation Trust
E02004121,RTG,University Hospitals of Derby and Burton NHS Foundation Trust
E02004122,RTG,University Hospitals of Derby and Burton NHS Foundation Trust
E02004123,RTG,University Hospitals of Derby and Burton NHS Foundation Trust
E02004124,RTG,University Hospitals of Derby and Burton NHS Foundation Trust
E02004125,RTG,University Hospitals of Derby and Burton NHS Foundation Trust
E02004126,RTG,University Hospitals of Derby and Burton NHS Foundation Trust
E02004128,RTG,University Hospitals of Derby and Burton NHS Foundation Trust
E02005397,RTG,University Hospitals of Derby and Burton NHS Foundation Trust
E02005399,RTG,University Hospitals of Derby and Burton NHS Foundation Trust
E02005402,RTG,University Hospitals of Derby and Burton NHS Foundation Trust
E02005404,RTG,University Hospitals of Derby and Burton NHS Foundation Trust
E02005408,RTG,University Hospitals of Derby and Burton NHS Foundation Trust
E02006131,RTG,University Hospitals of Derby and Burton NHS Foundation Trust
E02006132,RTG,University Hospitals of Derby and Burton NHS Foundation Trust
E02006133,RTG,University Hospitals of Derby and Burton NHS Foundation Trust
E02006134,RTG,University Hospitals of Derby and Burton NHS Foundation Trust
E02006135,RTG,University Hospitals of Derby and Burton NHS Foundation Trust
E02006136,RTG,University Hospitals of Derby and Burton NHS Foundation Trust
E02006137,RTG,University Hospitals of Derby and Burton NHS Foundation Trust
E02006138,RTG,University Hospitals of Derby and Burton NHS Foundation Trust
E02006139,RTG,University Hospitals of Derby and Burton NHS Foundation Trust
E02006140,RTG,University Hospitals of Derby and Burton NHS Foundation Trust
E02006141,RTG,University Hospitals of Derby and Burton NHS Foundation Trust
E02006142,RTG,University Hospitals of Derby and Burton NHS Foundation Trust
E02006143,RTG,University Hospitals of Derby and Burton NHS Foundation Trust
E02006144,RTG,University Hospitals of Derby and Burton NHS Foundation Trust
E02006145,RTG,University Hospitals of Derby and Burton NHS Foundation Trust
E02006146,RTG,University Hospitals of Derby and Burton NHS Foundation Trust
E02006147,RTG,University Hospitals of Derby and Burton NHS Foundation Trust
E02006148,RTG,University Hospitals of Derby and Burton NHS Foundation Trust
E02006149,RTG,University Hospitals of Derby and Burton NHS Foundation Trust
E02006150,RTG,University Hospitals of Derby and Burton NHS Foundation Trust
E02006151,RTG,University Hospitals of Derby and Burton NHS Foundation Trust
E02006152,RTG,University Hospitals of Derby and Burton NHS Foundation Trust
E02006153,RTG,University Hospitals of Derby and Burton NHS Foundation Trust
E02006154,RTG,University Hospitals of Derby and Burton NHS Foundation Trust
E02006155,RTG,University Hospitals of Derby and Burton NHS Foundation Trust
E02006217,RTG,University Hospitals of Derby and Burton NHS Foundation Trust
E02006220,RTG,University Hospitals of Derby and Burton NHS Foundation Trust
E02006827,RTG,University Hospitals of Derby and Burton NHS Foundation Trust
E02006828,RTG,University Hospitals of Derby and Burton NHS Foundation Trust
E02006919,RTG,University Hospitals of Derby and Burton NHS Foundation Trust
E02006920,RTG,University Hospitals of Derby and Burton NHS Foundation Trust
E02005628,RTH,Oxford University Hospitals NHS Foundation Trust
E02005686,RTH,Oxford University Hospitals NHS Foundation Trust
E02005689,RTH,Oxford University Hospitals NHS Foundation Trust
E02005690,RTH,Oxford University Hospitals NHS Foundation Trust
E02005691,RTH,Oxford University Hospitals NHS Foundation Trust
E02005921,RTH,Oxford University Hospitals NHS Foundation Trust
E02005922,RTH,Oxford University Hospitals NHS Foundation Trust
E02005923,RTH,Oxford University Hospitals NHS Foundation Trust
E02005924,RTH,Oxford University Hospitals NHS Foundation Trust
E02005925,RTH,Oxford University Hospitals NHS Foundation Trust
E02005926,RTH,Oxford University Hospitals NHS Foundation Trust
E02005927,RTH,Oxford University Hospitals NHS Foundation Trust
E02005928,RTH,Oxford University Hospitals NHS Foundation Trust
E02005929,RTH,Oxford University Hospitals NHS Foundation Trust
E02005930,RTH,Oxford University Hospitals NHS Foundation Trust
E02005931,RTH,Oxford University Hospitals NHS Foundation Trust
E02005932,RTH,Oxford University Hospitals NHS Foundation Trust
E02005933,RTH,Oxford University Hospitals NHS Foundation Trust
E02005934,RTH,Oxford University Hospitals NHS Foundation Trust
E02005935,RTH,Oxford University Hospitals NHS Foundation Trust
E02005936,RTH,Oxford University Hospitals NHS Foundation Trust
E02005937,RTH,Oxford University Hospitals NHS Foundation Trust
E02005938,RTH,Oxford University Hospitals NHS Foundation Trust
E02005939,RTH,Oxford University Hospitals NHS Foundation Trust
E02005940,RTH,Oxford University Hospitals NHS Foundation Trust
E02005941,RTH,Oxford University Hospitals NHS Foundation Trust
E02005942,RTH,Oxford University Hospitals NHS Foundation Trust
E02005943,RTH,Oxford University Hospitals NHS Foundation Trust
E02005944,RTH,Oxford University Hospitals NHS Foundation Trust
E02005945,RTH,Oxford University Hospitals NHS Foundation Trust
E02005946,RTH,Oxford University Hospitals NHS Foundation Trust
E02005947,RTH,Oxford University Hospitals NHS Foundation Trust
E02005948,RTH,Oxford University Hospitals NHS Foundation Trust
E02005949,RTH,Oxford University Hospitals NHS Foundation Trust
E02005950,RTH,Oxford University Hospitals NHS Foundation Trust
E02005951,RTH,Oxford University Hospitals NHS Foundation Trust
E02005953,RTH,Oxford University Hospitals NHS Foundation Trust
E02005954,RTH,Oxford University Hospitals NHS Foundation Trust
E02005955,RTH,Oxford University Hospitals NHS Foundation Trust
E02005956,RTH,Oxford University Hospitals NHS Foundation Trust
E02005957,RTH,Oxford University Hospitals NHS Foundation Trust
E02005958,RTH,Oxford University Hospitals NHS Foundation Trust
E02005959,RTH,Oxford University Hospitals NHS Foundation Trust
E02005960,RTH,Oxford University Hospitals NHS Foundation Trust
E02005961,RTH,Oxford University Hospitals NHS Foundation Trust
E02005963,RTH,Oxford University Hospitals NHS Foundation Trust
E02005964,RTH,Oxford University Hospitals NHS Foundation Trust
E02005965,RTH,Oxford University Hospitals NHS Foundation Trust
E02005966,RTH,Oxford University Hospitals NHS Foundation Trust
E02005967,RTH,Oxford University Hospitals NHS Foundation Trust
E02005968,RTH,Oxford University Hospitals NHS Foundation Trust
E02005969,RTH,Oxford University Hospitals NHS Foundation Trust
E02005970,RTH,Oxford University Hospitals NHS Foundation Trust
E02005971,RTH,Oxford University Hospitals NHS Foundation Trust
E02005972,RTH,Oxford University Hospitals NHS Foundation Trust
E02005978,RTH,Oxford University Hospitals NHS Foundation Trust
E02005979,RTH,Oxford University Hospitals NHS Foundation Trust
E02005980,RTH,Oxford University Hospitals NHS Foundation Trust
E02005981,RTH,Oxford University Hospitals NHS Foundation Trust
E02005982,RTH,Oxford University Hospitals NHS Foundation Trust
E02005983,RTH,Oxford University Hospitals NHS Foundation Trust
E02005984,RTH,Oxford University Hospitals NHS Foundation Trust
E02005985,RTH,Oxford University Hospitals NHS Foundation Trust
E02005986,RTH,Oxford University Hospitals NHS Foundation Trust
E02005987,RTH,Oxford University Hospitals NHS Foundation Trust
E02005988,RTH,Oxford University Hospitals NHS Foundation Trust
E02005991,RTH,Oxford University Hospitals NHS Foundation Trust
E02005992,RTH,Oxford University Hospitals NHS Foundation Trust
E02005993,RTH,Oxford University Hospitals NHS Foundation Trust
E02005994,RTH,Oxford University Hospitals NHS Foundation Trust
E02005995,RTH,Oxford University Hospitals NHS Foundation Trust
E02005996,RTH,Oxford University Hospitals NHS Foundation Trust
E02005997,RTH,Oxford University Hospitals NHS Foundation Trust
E02005998,RTH,Oxford University Hospitals NHS Foundation Trust
E02005999,RTH,Oxford University Hospitals NHS Foundation Trust
E02006000,RTH,Oxford University Hospitals NHS Foundation Trust
E02006001,RTH,Oxford University Hospitals NHS Foundation Trust
E02006002,RTH,Oxford University Hospitals NHS Foundation Trust
E02006003,RTH,Oxford University Hospitals NHS Foundation Trust
E02006004,RTH,Oxford University Hospitals NHS Foundation Trust
E02006005,RTH,Oxford University Hospitals NHS Foundation Trust
E02006006,RTH,Oxford University Hospitals NHS Foundation Trust
E02006007,RTH,Oxford University Hospitals NHS Foundation Trust
E02007021,RTH,Oxford University Hospitals NHS Foundation Trust
E02007116,RTH,Oxford University Hospitals NHS Foundation Trust
E02006320,RTK,Ashford and St Peter's Hospitals NHS Foundation Trust
E02006323,RTK,Ashford and St Peter's Hospitals NHS Foundation Trust
E02006324,RTK,Ashford and St Peter's Hospitals NHS Foundation Trust
E02006326,RTK,Ashford and St Peter's Hospitals NHS Foundation Trust
E02006327,RTK,Ashford and St Peter's Hospitals NHS Foundation Trust
E02006328,RTK,Ashford and St Peter's Hospitals NHS Foundation Trust
E02006330,RTK,Ashford and St Peter's Hospitals NHS Foundation Trust
E02006332,RTK,Ashford and St Peter's Hospitals NHS Foundation Trust
E02006393,RTK,Ashford and St Peter's Hospitals NHS Foundation Trust
E02006394,RTK,Ashford and St Peter's Hospitals NHS Foundation Trust
E02006395,RTK,Ashford and St Peter's Hospitals NHS Foundation Trust
E02006396,RTK,Ashford and St Peter's Hospitals NHS Foundation Trust
E02006397,RTK,Ashford and St Peter's Hospitals NHS Foundation Trust
E02006398,RTK,Ashford and St Peter's Hospitals NHS Foundation Trust
E02006399,RTK,Ashford and St Peter's Hospitals NHS Foundation Trust
E02006400,RTK,Ashford and St Peter's Hospitals NHS Foundation Trust
E02006401,RTK,Ashford and St Peter's Hospitals NHS Foundation Trust
E02006402,RTK,Ashford and St Peter's Hospitals NHS Foundation Trust
E02006403,RTK,Ashford and St Peter's Hospitals NHS Foundation Trust
E02006404,RTK,Ashford and St Peter's Hospitals NHS Foundation Trust
E02006405,RTK,Ashford and St Peter's Hospitals NHS Foundation Trust
E02006406,RTK,Ashford and St Peter's Hospitals NHS Foundation Trust
E02006407,RTK,Ashford and St Peter's Hospitals NHS Foundation Trust
E02006408,RTK,Ashford and St Peter's Hospitals NHS Foundation Trust
E02006409,RTK,Ashford and St Peter's Hospitals NHS Foundation Trust
E02006410,RTK,Ashford and St Peter's Hospitals NHS Foundation Trust
E02006411,RTK,Ashford and St Peter's Hospitals NHS Foundation Trust
E02006412,RTK,Ashford and St Peter's Hospitals NHS Foundation Trust
E02006413,RTK,Ashford and St Peter's Hospitals NHS Foundation Trust
E02006414,RTK,Ashford and St Peter's Hospitals NHS Foundation Trust
E02006415,RTK,Ashford and St Peter's Hospitals NHS Foundation Trust
E02006421,RTK,Ashford and St Peter's Hospitals NHS Foundation Trust
E02006456,RTK,Ashford and St Peter's Hospitals NHS Foundation Trust
E02006457,RTK,Ashford and St Peter's Hospitals NHS Foundation Trust
E02006458,RTK,Ashford and St Peter's Hospitals NHS Foundation Trust
E02006459,RTK,Ashford and St Peter's Hospitals NHS Foundation Trust
E02006460,RTK,Ashford and St Peter's Hospitals NHS Foundation Trust
E02006461,RTK,Ashford and St Peter's Hospitals NHS Foundation Trust
E02006462,RTK,Ashford and St Peter's Hospitals NHS Foundation Trust
E02006463,RTK,Ashford and St Peter's Hospitals NHS Foundation Trust
E02006464,RTK,Ashford and St Peter's Hospitals NHS Foundation Trust
E02006465,RTK,Ashford and St Peter's Hospitals NHS Foundation Trust
E02006466,RTK,Ashford and St Peter's Hospitals NHS Foundation Trust
E02006467,RTK,Ashford and St Peter's Hospitals NHS Foundation Trust
E02006369,RTP,Surrey and Sussex Healthcare NHS Trust
E02006370,RTP,Surrey and Sussex Healthcare NHS Trust
E02006371,RTP,Surrey and Sussex Healthcare NHS Trust
E02006372,RTP,Surrey and Sussex Healthcare NHS Trust
E02006373,RTP,Surrey and Sussex Healthcare NHS Trust
E02006374,RTP,Surrey and Sussex Healthcare NHS Trust
E02006382,RTP,Surrey and Sussex Healthcare NHS Trust
E02006383,RTP,Surrey and Sussex Healthcare NHS Trust
E02006384,RTP,Surrey and Sussex Healthcare NHS Trust
E02006385,RTP,Surrey and Sussex Healthcare NHS Trust
E02006386,RTP,Surrey and Sussex Healthcare NHS Trust
E02006387,RTP,Surrey and Sussex Healthcare NHS Trust
E02006388,RTP,Surrey and Sussex Healthcare NHS Trust
E02006389,RTP,Surrey and Sussex Healthcare NHS Trust
E02006390,RTP,Surrey and Sussex Healthcare NHS Trust
E02006391,RTP,Surrey and Sussex Healthcare NHS Trust
E02006392,RTP,Surrey and Sussex Healthcare NHS Trust
E02006429,RTP,Surrey and Sussex Healthcare NHS Trust
E02006430,RTP,Surrey and Sussex Healthcare NHS Trust
E02006431,RTP,Surrey and Sussex Healthcare NHS Trust
E02006432,RTP,Surrey and Sussex Healthcare NHS Trust
E02006433,RTP,Surrey and Sussex Healthcare NHS Trust
E02006434,RTP,Surrey and Sussex Healthcare NHS Trust
E02006435,RTP,Surrey and Sussex Healthcare NHS Trust
E02006436,RTP,Surrey and Sussex Healthcare NHS Trust
E02006437,RTP,Surrey and Sussex Healthcare NHS Trust
E02006438,RTP,Surrey and Sussex Healthcare NHS Trust
E02006575,RTP,Surrey and Sussex Healthcare NHS Trust
E02006576,RTP,Surrey and Sussex Healthcare NHS Trust
E02006577,RTP,Surrey and Sussex Healthcare NHS Trust
E02006578,RTP,Surrey and Sussex Healthcare NHS Trust
E02006579,RTP,Surrey and Sussex Healthcare NHS Trust
E02006580,RTP,Surrey and Sussex Healthcare NHS Trust
E02006581,RTP,Surrey and Sussex Healthcare NHS Trust
E02006582,RTP,Surrey and Sussex Healthcare NHS Trust
E02006583,RTP,Surrey and Sussex Healthcare NHS Trust
E02006584,RTP,Surrey and Sussex Healthcare NHS Trust
E02006585,RTP,Surrey and Sussex Healthcare NHS Trust
E02006586,RTP,Surrey and Sussex Healthcare NHS Trust
E02006587,RTP,Surrey and Sussex Healthcare NHS Trust
E02006588,RTP,Surrey and Sussex Healthcare NHS Trust
E02006589,RTP,Surrey and Sussex Healthcare NHS Trust
E02006590,RTP,Surrey and Sussex Healthcare NHS Trust
E02006591,RTP,Surrey and Sussex Healthcare NHS Trust
E02006593,RTP,Surrey and Sussex Healthcare NHS Trust
E02006594,RTP,Surrey and Sussex Healthcare NHS Trust
E02006595,RTP,Surrey and Sussex Healthcare NHS Trust
E02006596,RTP,Surrey and Sussex Healthcare NHS Trust
E02006604,RTP,Surrey and Sussex Healthcare NHS Trust
E02006605,RTP,Surrey and Sussex Healthcare NHS Trust
E02006606,RTP,Surrey and Sussex Healthcare NHS Trust
E02006607,RTP,Surrey and Sussex Healthcare NHS Trust
E02006608,RTP,Surrey and Sussex Healthcare NHS Trust
E02006790,RTP,Surrey and Sussex Healthcare NHS Trust
E02002496,RTR,South Tees Hospitals NHS Foundation Trust
E02002497,RTR,South Tees Hospitals NHS Foundation Trust
E02002498,RTR,South Tees Hospitals NHS Foundation Trust
E02002499,RTR,South Tees Hospitals NHS Foundation Trust
E02002500,RTR,South Tees Hospitals NHS Foundation Trust
E02002501,RTR,South Tees Hospitals NHS Foundation Trust
E02002502,RTR,South Tees Hospitals NHS Foundation Trust
E02002503,RTR,South Tees Hospitals NHS Foundation Trust
E02002504,RTR,South Tees Hospitals NHS Foundation Trust
E02002505,RTR,South Tees Hospitals NHS Foundation Trust
E02002506,RTR,South Tees Hospitals NHS Foundation Trust
E02002507,RTR,South Tees Hospitals NHS Foundation Trust
E02002508,RTR,South Tees Hospitals NHS Foundation Trust
E02002509,RTR,South Tees Hospitals NHS Foundation Trust
E02002510,RTR,South Tees Hospitals NHS Foundation Trust
E02002512,RTR,South Tees Hospitals NHS Foundation Trust
E02002513,RTR,South Tees Hospitals NHS Foundation Trust
E02002514,RTR,South Tees Hospitals NHS Foundation Trust
E02002515,RTR,South Tees Hospitals NHS Foundation Trust
E02002516,RTR,South Tees Hospitals NHS Foundation Trust
E02002517,RTR,South Tees Hospitals NHS Foundation Trust
E02002518,RTR,South Tees Hospitals NHS Foundation Trust
E02002519,RTR,South Tees Hospitals NHS Foundation Trust
E02002520,RTR,South Tees Hospitals NHS Foundation Trust
E02002521,RTR,South Tees Hospitals NHS Foundation Trust
E02002523,RTR,South Tees Hospitals NHS Foundation Trust
E02002524,RTR,South Tees Hospitals NHS Foundation Trust
E02002525,RTR,South Tees Hospitals NHS Foundation Trust
E02002526,RTR,South Tees Hospitals NHS Foundation Trust
E02002527,RTR,South Tees Hospitals NHS Foundation Trust
E02002529,RTR,South Tees Hospitals NHS Foundation Trust
E02002530,RTR,South Tees Hospitals NHS Foundation Trust
E02002532,RTR,South Tees Hospitals NHS Foundation Trust
E02002533,RTR,South Tees Hospitals NHS Foundation Trust
E02002534,RTR,South Tees Hospitals NHS Foundation Trust
E02005750,RTR,South Tees Hospitals NHS Foundation Trust
E02005751,RTR,South Tees Hospitals NHS Foundation Trust
E02005752,RTR,South Tees Hospitals NHS Foundation Trust
E02005754,RTR,South Tees Hospitals NHS Foundation Trust
E02005755,RTR,South Tees Hospitals NHS Foundation Trust
E02005756,RTR,South Tees Hospitals NHS Foundation Trust
E02005757,RTR,South Tees Hospitals NHS Foundation Trust
E02005758,RTR,South Tees Hospitals NHS Foundation Trust
E02005782,RTR,South Tees Hospitals NHS Foundation Trust
E02005783,RTR,South Tees Hospitals NHS Foundation Trust
E02005784,RTR,South Tees Hospitals NHS Foundation Trust
E02005785,RTR,South Tees Hospitals NHS Foundation Trust
E02005786,RTR,South Tees Hospitals NHS Foundation Trust
E02005787,RTR,South Tees Hospitals NHS Foundation Trust
E02005795,RTR,South Tees Hospitals NHS Foundation Trust
E02005796,RTR,South Tees Hospitals NHS Foundation Trust
E02005797,RTR,South Tees Hospitals NHS Foundation Trust
E02006811,RTR,South Tees Hospitals NHS Foundation Trust
E02006812,RTR,South Tees Hospitals NHS Foundation Trust
E02006910,RTR,South Tees Hospitals NHS Foundation Trust
E02007042,RTR,South Tees Hospitals NHS Foundation Trust
E02007043,RTR,South Tees Hospitals NHS Foundation Trust
E02003977,RTX,University Hospitals of Morecambe Bay NHS Foundation Trust
E02003978,RTX,University Hospitals of Morecambe Bay NHS Foundation Trust
E02003979,RTX,University Hospitals of Morecambe Bay NHS Foundation Trust
E02003980,RTX,University Hospitals of Morecambe Bay NHS Foundation Trust
E02003981,RTX,University Hospitals of Morecambe Bay NHS Foundation Trust
E02003982,RTX,University Hospitals of Morecambe Bay NHS Foundation Trust
E02003983,RTX,University Hospitals of Morecambe Bay NHS Foundation Trust
E02003984,RTX,University Hospitals of Morecambe Bay NHS Foundation Trust
E02003985,RTX,University Hospitals of Morecambe Bay NHS Foundation Trust
E02003986,RTX,University Hospitals of Morecambe Bay NHS Foundation Trust
E02004007,RTX,University Hospitals of Morecambe Bay NHS Foundation Trust
E02004015,RTX,University Hospitals of Morecambe Bay NHS Foundation Trust
E02004016,RTX,University Hospitals of Morecambe Bay NHS Foundation Trust
E02004017,RTX,University Hospitals of Morecambe Bay NHS Foundation Trust
E02004018,RTX,University Hospitals of Morecambe Bay NHS Foundation Trust
E02004019,RTX,University Hospitals of Morecambe Bay NHS Foundation Trust
E02004020,RTX,University Hospitals of Morecambe Bay NHS Foundation Trust
E02004021,RTX,University Hospitals of Morecambe Bay NHS Foundation Trust
E02004022,RTX,University Hospitals of Morecambe Bay NHS Foundation Trust
E02004023,RTX,University Hospitals of Morecambe Bay NHS Foundation Trust
E02004024,RTX,University Hospitals of Morecambe Bay NHS Foundation Trust
E02004025,RTX,University Hospitals of Morecambe Bay NHS Foundation Trust
E02004026,RTX,University Hospitals of Morecambe Bay NHS Foundation Trust
E02004027,RTX,University Hospitals of Morecambe Bay NHS Foundation Trust
E02004028,RTX,University Hospitals of Morecambe Bay NHS Foundation Trust
E02005221,RTX,University Hospitals of Morecambe Bay NHS Foundation Trust
E02005222,RTX,University Hospitals of Morecambe Bay NHS Foundation Trust
E02005223,RTX,University Hospitals of Morecambe Bay NHS Foundation Trust
E02005224,RTX,University Hospitals of Morecambe Bay NHS Foundation Trust
E02005225,RTX,University Hospitals of Morecambe Bay NHS Foundation Trust
E02005226,RTX,University Hospitals of Morecambe Bay NHS Foundation Trust
E02005228,RTX,University Hospitals of Morecambe Bay NHS Foundation Trust
E02005229,RTX,University Hospitals of Morecambe Bay NHS Foundation Trust
E02005230,RTX,University Hospitals of Morecambe Bay NHS Foundation Trust
E02005231,RTX,University Hospitals of Morecambe Bay NHS Foundation Trust
E02005233,RTX,University Hospitals of Morecambe Bay NHS Foundation Trust
E02005234,RTX,University Hospitals of Morecambe Bay NHS Foundation Trust
E02005235,RTX,University Hospitals of Morecambe Bay NHS Foundation Trust
E02005236,RTX,University Hospitals of Morecambe Bay NHS Foundation Trust
E02005237,RTX,University Hospitals of Morecambe Bay NHS Foundation Trust
E02005238,RTX,University Hospitals of Morecambe Bay NHS Foundation Trust
E02005239,RTX,University Hospitals of Morecambe Bay NHS Foundation Trust
E02005324,RTX,University Hospitals of Morecambe Bay NHS Foundation Trust
E02005325,RTX,University Hospitals of Morecambe Bay NHS Foundation Trust
E02005742,RTX,University Hospitals of Morecambe Bay NHS Foundation Trust
E02006871,RTX,University Hospitals of Morecambe Bay NHS Foundation Trust
E02003012,RVJ,North Bristol NHS Trust
E02003013,RVJ,North Bristol NHS Trust
E02003014,RVJ,North Bristol NHS Trust
E02003015,RVJ,North Bristol NHS Trust
E02003016,RVJ,North Bristol NHS Trust
E02003017,RVJ,North Bristol NHS Trust
E02003018,RVJ,North Bristol NHS Trust
E02003019,RVJ,North Bristol NHS Trust
E02003020,RVJ,North Bristol NHS Trust
E02003021,RVJ,North Bristol NHS Trust
E02003022,RVJ,North Bristol NHS Trust
E02003023,RVJ,North Bristol NHS Trust
E02003024,RVJ,North Bristol NHS Trust
E02003025,RVJ,North Bristol NHS Trust
E02003026,RVJ,North Bristol NHS Trust
E02003027,RVJ,North Bristol NHS Trust
E02003028,RVJ,North Bristol NHS Trust
E02003029,RVJ,North Bristol NHS Trust
E02003030,RVJ,North Bristol NHS Trust
E02003032,RVJ,North Bristol NHS Trust
E02003038,RVJ,North Bristol NHS Trust
E02003039,RVJ,North Bristol NHS Trust
E02003044,RVJ,North Bristol NHS Trust
E02003065,RVJ,North Bristol NHS Trust
E02003066,RVJ,North Bristol NHS Trust
E02003067,RVJ,North Bristol NHS Trust
E02003068,RVJ,North Bristol NHS Trust
E02003090,RVJ,North Bristol NHS Trust
E02003091,RVJ,North Bristol NHS Trust
E02003092,RVJ,North Bristol NHS Trust
E02003093,RVJ,North Bristol NHS Trust
E02003094,RVJ,North Bristol NHS Trust
E02003095,RVJ,North Bristol NHS Trust
E02003096,RVJ,North Bristol NHS Trust
E02003097,RVJ,North Bristol NHS Trust
E02003098,RVJ,North Bristol NHS Trust
E02003099,RVJ,North Bristol NHS Trust
E02003101,RVJ,North Bristol NHS Trust
E02003102,RVJ,North Bristol NHS Trust
E02003103,RVJ,North Bristol NHS Trust
E02003104,RVJ,North Bristol NHS Trust
E02003105,RVJ,North Bristol NHS Trust
E02003107,RVJ,North Bristol NHS Trust
E02003108,RVJ,North Bristol NHS Trust
E02003109,RVJ,North Bristol NHS Trust
E02003110,RVJ,North Bristol NHS Trust
E02003111,RVJ,North Bristol NHS Trust
E02003112,RVJ,North Bristol NHS Trust
E02003113,RVJ,North Bristol NHS Trust
E02003114,RVJ,North Bristol NHS Trust
E02003115,RVJ,North Bristol NHS Trust
E02003116,RVJ,North Bristol NHS Trust
E02003117,RVJ,North Bristol NHS Trust
E02003118,RVJ,North Bristol NHS Trust
E02003119,RVJ,North Bristol NHS Trust
E02003120,RVJ,North Bristol NHS Trust
E02003121,RVJ,North Bristol NHS Trust
E02007064,RVJ,North Bristol NHS Trust
E02007065,RVJ,North Bristol NHS Trust
E02007066,RVJ,North Bristol NHS Trust
E02007067,RVJ,North Bristol NHS Trust
E02000711,RVR,Epsom and St Helier University Hospitals NHS Trust
E02000712,RVR,Epsom and St Helier University Hospitals NHS Trust
E02000713,RVR,Epsom and St Helier University Hospitals NHS Trust
E02000840,RVR,Epsom and St Helier University Hospitals NHS Trust
E02000841,RVR,Epsom and St Helier University Hospitals NHS Trust
E02000842,RVR,Epsom and St Helier University Hospitals NHS Trust
E02000843,RVR,Epsom and St Helier University Hospitals NHS Trust
E02000844,RVR,Epsom and St Helier University Hospitals NHS Trust
E02000845,RVR,Epsom and St Helier University Hospitals NHS Trust
E02000846,RVR,Epsom and St Helier University Hospitals NHS Trust
E02000847,RVR,Epsom and St Helier University Hospitals NHS Trust
E02000848,RVR,Epsom and St Helier University Hospitals NHS Trust
E02000849,RVR,Epsom and St Helier University Hospitals NHS Trust
E02000850,RVR,Epsom and St Helier University Hospitals NHS Trust
E02000851,RVR,Epsom and St Helier University Hospitals NHS Trust
E02000852,RVR,Epsom and St Helier University Hospitals NHS Trust
E02000853,RVR,Epsom and St Helier University Hospitals NHS Trust
E02000854,RVR,Epsom and St Helier University Hospitals NHS Trust
E02000855,RVR,Epsom and St Helier University Hospitals NHS Trust
E02000856,RVR,Epsom and St Helier University Hospitals NHS Trust
E02000857,RVR,Epsom and St Helier University Hospitals NHS Trust
E02000858,RVR,Epsom and St Helier University Hospitals NHS Trust
E02000859,RVR,Epsom and St Helier University Hospitals NHS Trust
E02000860,RVR,Epsom and St Helier University Hospitals NHS Trust
E02000861,RVR,Epsom and St Helier University Hospitals NHS Trust
E02000863,RVR,Epsom and St Helier University Hospitals NHS Trust
E02006333,RVR,Epsom and St Helier University Hospitals NHS Trust
E02006334,RVR,Epsom and St Helier University Hospitals NHS Trust
E02006335,RVR,Epsom and St Helier University Hospitals NHS Trust
E02006336,RVR,Epsom and St Helier University Hospitals NHS Trust
E02006337,RVR,Epsom and St Helier University Hospitals NHS Trust
E02006338,RVR,Epsom and St Helier University Hospitals NHS Trust
E02006339,RVR,Epsom and St Helier University Hospitals NHS Trust
E02006341,RVR,Epsom and St Helier University Hospitals NHS Trust
E02006342,RVR,Epsom and St Helier University Hospitals NHS Trust
E02006343,RVR,Epsom and St Helier University Hospitals NHS Trust
E02006362,RVR,Epsom and St Helier University Hospitals NHS Trust
E02006363,RVR,Epsom and St Helier University Hospitals NHS Trust
E02006364,RVR,Epsom and St Helier University Hospitals NHS Trust
E02006365,RVR,Epsom and St Helier University Hospitals NHS Trust
E02006366,RVR,Epsom and St Helier University Hospitals NHS Trust
E02006367,RVR,Epsom and St Helier University Hospitals NHS Trust
E02006368,RVR,Epsom and St Helier University Hospitals NHS Trust
E02006375,RVR,Epsom and St Helier University Hospitals NHS Trust
E02006376,RVR,Epsom and St Helier University Hospitals NHS Trust
E02006377,RVR,Epsom and St Helier University Hospitals NHS Trust
E02006378,RVR,Epsom and St Helier University Hospitals NHS Trust
E02006379,RVR,Epsom and St Helier University Hospitals NHS Trust
E02006380,RVR,Epsom and St Helier University Hospitals NHS Trust
E02006381,RVR,Epsom and St Helier University Hospitals NHS Trust
E02006836,RVR,Epsom and St Helier University Hospitals NHS Trust
E02006837,RVR,Epsom and St Helier University Hospitals NHS Trust
E02004996,RVV,East Kent Hospitals University NHS Foundation Trust
E02004997,RVV,East Kent Hospitals University NHS Foundation Trust
E02004998,RVV,East Kent Hospitals University NHS Foundation Trust
E02005000,RVV,East Kent Hospitals University NHS Foundation Trust
E02005001,RVV,East Kent Hospitals University NHS Foundation Trust
E02005002,RVV,East Kent Hospitals University NHS Foundation Trust
E02005003,RVV,East Kent Hospitals University NHS Foundation Trust
E02005004,RVV,East Kent Hospitals University NHS Foundation Trust
E02005005,RVV,East Kent Hospitals University NHS Foundation Trust
E02005006,RVV,East Kent Hospitals University NHS Foundation Trust
E02005007,RVV,East Kent Hospitals University NHS Foundation Trust
E02005008,RVV,East Kent Hospitals University NHS Foundation Trust
E02005009,RVV,East Kent Hospitals University NHS Foundation Trust
E02005010,RVV,East Kent Hospitals University NHS Foundation Trust
E02005011,RVV,East Kent Hospitals University NHS Foundation Trust
E02005012,RVV,East Kent Hospitals University NHS Foundation Trust
E02005013,RVV,East Kent Hospitals University NHS Foundation Trust
E02005014,RVV,East Kent Hospitals University NHS Foundation Trust
E02005015,RVV,East Kent Hospitals University NHS Foundation Trust
E02005016,RVV,East Kent Hospitals University NHS Foundation Trust
E02005017,RVV,East Kent Hospitals University NHS Foundation Trust
E02005018,RVV,East Kent Hospitals University NHS Foundation Trust
E02005019,RVV,East Kent Hospitals University NHS Foundation Trust
E02005020,RVV,East Kent Hospitals University NHS Foundation Trust
E02005021,RVV,East Kent Hospitals University NHS Foundation Trust
E02005022,RVV,East Kent Hospitals University NHS Foundation Trust
E02005023,RVV,East Kent Hospitals University NHS Foundation Trust
E02005025,RVV,East Kent Hospitals University NHS Foundation Trust
E02005026,RVV,East Kent Hospitals University NHS Foundation Trust
E02005027,RVV,East Kent Hospitals University NHS Foundation Trust
E02005041,RVV,East Kent Hospitals University NHS Foundation Trust
E02005042,RVV,East Kent Hospitals University NHS Foundation Trust
E02005043,RVV,East Kent Hospitals University NHS Foundation Trust
E02005044,RVV,East Kent Hospitals University NHS Foundation Trust
E02005045,RVV,East Kent Hospitals University NHS Foundation Trust
E02005046,RVV,East Kent Hospitals University NHS Foundation Trust
E02005047,RVV,East Kent Hospitals University NHS Foundation Trust
E02005048,RVV,East Kent Hospitals University NHS Foundation Trust
E02005049,RVV,East Kent Hospitals University NHS Foundation Trust
E02005050,RVV,East Kent Hospitals University NHS Foundation Trust
E02005051,RVV,East Kent Hospitals University NHS Foundation Trust
E02005052,RVV,East Kent Hospitals University NHS Foundation Trust
E02005053,RVV,East Kent Hospitals University NHS Foundation Trust
E02005054,RVV,East Kent Hospitals University NHS Foundation Trust
E02005102,RVV,East Kent Hospitals University NHS Foundation Trust
E02005103,RVV,East Kent Hospitals University NHS Foundation Trust
E02005104,RVV,East Kent Hospitals University NHS Foundation Trust
E02005105,RVV,East Kent Hospitals University NHS Foundation Trust
E02005106,RVV,East Kent Hospitals University NHS Foundation Trust
E02005107,RVV,East Kent Hospitals University NHS Foundation Trust
E02005109,RVV,East Kent Hospitals University NHS Foundation Trust
E02005110,RVV,East Kent Hospitals University NHS Foundation Trust
E02005111,RVV,East Kent Hospitals University NHS Foundation Trust
E02005112,RVV,East Kent Hospitals University NHS Foundation Trust
E02005113,RVV,East Kent Hospitals University NHS Foundation Trust
E02005114,RVV,East Kent Hospitals University NHS Foundation Trust
E02005128,RVV,East Kent Hospitals University NHS Foundation Trust
E02005129,RVV,East Kent Hospitals University NHS Foundation Trust
E02005130,RVV,East Kent Hospitals University NHS Foundation Trust
E02005131,RVV,East Kent Hospitals University NHS Foundation Trust
E02005132,RVV,East Kent Hospitals University NHS Foundation Trust
E02005133,RVV,East Kent Hospitals University NHS Foundation Trust
E02005134,RVV,East Kent Hospitals University NHS Foundation Trust
E02005135,RVV,East Kent Hospitals University NHS Foundation Trust
E02005136,RVV,East Kent Hospitals University NHS Foundation Trust
E02005137,RVV,East Kent Hospitals University NHS Foundation Trust
E02005138,RVV,East Kent Hospitals University NHS Foundation Trust
E02005139,RVV,East Kent Hospitals University NHS Foundation Trust
E02005140,RVV,East Kent Hospitals University NHS Foundation Trust
E02005141,RVV,East Kent Hospitals University NHS Foundation Trust
E02005142,RVV,East Kent Hospitals University NHS Foundation Trust
E02005143,RVV,East Kent Hospitals University NHS Foundation Trust
E02005144,RVV,East Kent Hospitals University NHS Foundation Trust
E02005145,RVV,East Kent Hospitals University NHS Foundation Trust
E02005146,RVV,East Kent Hospitals University NHS Foundation Trust
E02005147,RVV,East Kent Hospitals University NHS Foundation Trust
E02005148,RVV,East Kent Hospitals University NHS Foundation Trust
E02006855,RVV,East Kent Hospitals University NHS Foundation Trust
E02006856,RVV,East Kent Hospitals University NHS Foundation Trust
E02006879,RVV,East Kent Hospitals University NHS Foundation Trust
E02006880,RVV,East Kent Hospitals University NHS Foundation Trust
E02007046,RVV,East Kent Hospitals University NHS Foundation Trust
E02007047,RVV,East Kent Hospitals University NHS Foundation Trust
E02002483,RVW,North Tees and Hartlepool NHS Foundation Trust
E02002484,RVW,North Tees and Hartlepool NHS Foundation Trust
E02002485,RVW,North Tees and Hartlepool NHS Foundation Trust
E02002489,RVW,North Tees and Hartlepool NHS Foundation Trust
E02002490,RVW,North Tees and Hartlepool NHS Foundation Trust
E02002491,RVW,North Tees and Hartlepool NHS Foundation Trust
E02002492,RVW,North Tees and Hartlepool NHS Foundation Trust
E02002493,RVW,North Tees and Hartlepool NHS Foundation Trust
E02002494,RVW,North Tees and Hartlepool NHS Foundation Trust
E02002535,RVW,North Tees and Hartlepool NHS Foundation Trust
E02002536,RVW,North Tees and Hartlepool NHS Foundation Trust
E02002537,RVW,North Tees and Hartlepool NHS Foundation Trust
E02002538,RVW,North Tees and Hartlepool NHS Foundation Trust
E02002539,RVW,North Tees and Hartlepool NHS Foundation Trust
E02002540,RVW,North Tees and Hartlepool NHS Foundation Trust
E02002541,RVW,North Tees and Hartlepool NHS Foundation Trust
E02002542,RVW,North Tees and Hartlepool NHS Foundation Trust
E02002543,RVW,North Tees and Hartlepool NHS Foundation Trust
E02002544,RVW,North Tees and Hartlepool NHS Foundation Trust
E02002545,RVW,North Tees and Hartlepool NHS Foundation Trust
E02002546,RVW,North Tees and Hartlepool NHS Foundation Trust
E02002547,RVW,North Tees and Hartlepool NHS Foundation Trust
E02002549,RVW,North Tees and Hartlepool NHS Foundation Trust
E02002550,RVW,North Tees and Hartlepool NHS Foundation Trust
E02002551,RVW,North Tees and Hartlepool NHS Foundation Trust
E02002552,RVW,North Tees and Hartlepool NHS Foundation Trust
E02002553,RVW,North Tees and Hartlepool NHS Foundation Trust
E02002554,RVW,North Tees and Hartlepool NHS Foundation Trust
E02002555,RVW,North Tees and Hartlepool NHS Foundation Trust
E02002556,RVW,North Tees and Hartlepool NHS Foundation Trust
E02002558,RVW,North Tees and Hartlepool NHS Foundation Trust
E02004325,RVW,North Tees and Hartlepool NHS Foundation Trust
E02004327,RVW,North Tees and Hartlepool NHS Foundation Trust
E02004328,RVW,North Tees and Hartlepool NHS Foundation Trust
E02004329,RVW,North Tees and Hartlepool NHS Foundation Trust
E02004330,RVW,North Tees and Hartlepool NHS Foundation Trust
E02004332,RVW,North Tees and Hartlepool NHS Foundation Trust
E02004334,RVW,North Tees and Hartlepool NHS Foundation Trust
E02004339,RVW,North Tees and Hartlepool NHS Foundation Trust
E02006909,RVW,North Tees and Hartlepool NHS Foundation Trust
E02007059,RVW,North Tees and Hartlepool NHS Foundation Trust
E02007060,RVW,North Tees and Hartlepool NHS Foundation Trust
E02007061,RVW,North Tees and Hartlepool NHS Foundation Trust
E02007062,RVW,North Tees and Hartlepool NHS Foundation Trust
E02007063,RVW,North Tees and Hartlepool NHS Foundation Trust
E02002653,RWA,Hull University Teaching Hospitals NHS Trust
E02002654,RWA,Hull University Teaching Hospitals NHS Trust
E02002655,RWA,Hull University Teaching Hospitals NHS Trust
E02002656,RWA,Hull University Teaching Hospitals NHS Trust
E02002657,RWA,Hull University Teaching Hospitals NHS Trust
E02002658,RWA,Hull University Teaching Hospitals NHS Trust
E02002659,RWA,Hull University Teaching Hospitals NHS Trust
E02002660,RWA,Hull University Teaching Hospitals NHS Trust
E02002661,RWA,Hull University Teaching Hospitals NHS Trust
E02002662,RWA,Hull University Teaching Hospitals NHS Trust
E02002663,RWA,Hull University Teaching Hospitals NHS Trust
E02002664,RWA,Hull University Teaching Hospitals NHS Trust
E02002665,RWA,Hull University Teaching Hospitals NHS Trust
E02002666,RWA,Hull University Teaching Hospitals NHS Trust
E02002667,RWA,Hull University Teaching Hospitals NHS Trust
E02002668,RWA,Hull University Teaching Hospitals NHS Trust
E02002669,RWA,Hull University Teaching Hospitals NHS Trust
E02002670,RWA,Hull University Teaching Hospitals NHS Trust
E02002671,RWA,Hull University Teaching Hospitals NHS Trust
E02002672,RWA,Hull University Teaching Hospitals NHS Trust
E02002673,RWA,Hull University Teaching Hospitals NHS Trust
E02002674,RWA,Hull University Teaching Hospitals NHS Trust
E02002675,RWA,Hull University Teaching Hospitals NHS Trust
E02002676,RWA,Hull University Teaching Hospitals NHS Trust
E02002677,RWA,Hull University Teaching Hospitals NHS Trust
E02002678,RWA,Hull University Teaching Hospitals NHS Trust
E02002679,RWA,Hull University Teaching Hospitals NHS Trust
E02002680,RWA,Hull University Teaching Hospitals NHS Trust
E02002681,RWA,Hull University Teaching Hospitals NHS Trust
E02002682,RWA,Hull University Teaching Hospitals NHS Trust
E02002691,RWA,Hull University Teaching Hospitals NHS Trust
E02002693,RWA,Hull University Teaching Hospitals NHS Trust
E02002695,RWA,Hull University Teaching Hospitals NHS Trust
E02002696,RWA,Hull University Teaching Hospitals NHS Trust
E02002697,RWA,Hull University Teaching Hospitals NHS Trust
E02002698,RWA,Hull University Teaching Hospitals NHS Trust
E02002699,RWA,Hull University Teaching Hospitals NHS Trust
E02002700,RWA,Hull University Teaching Hospitals NHS Trust
E02002702,RWA,Hull University Teaching Hospitals NHS Trust
E02002703,RWA,Hull University Teaching Hospitals NHS Trust
E02002704,RWA,Hull University Teaching Hospitals NHS Trust
E02002705,RWA,Hull University Teaching Hospitals NHS Trust
E02002706,RWA,Hull University Teaching Hospitals NHS Trust
E02002707,RWA,Hull University Teaching Hospitals NHS Trust
E02002708,RWA,Hull University Teaching Hospitals NHS Trust
E02002709,RWA,Hull University Teaching Hospitals NHS Trust
E02002710,RWA,Hull University Teaching Hospitals NHS Trust
E02002711,RWA,Hull University Teaching Hospitals NHS Trust
E02002712,RWA,Hull University Teaching Hospitals NHS Trust
E02002714,RWA,Hull University Teaching Hospitals NHS Trust
E02002715,RWA,Hull University Teaching Hospitals NHS Trust
E02002716,RWA,Hull University Teaching Hospitals NHS Trust
E02002717,RWA,Hull University Teaching Hospitals NHS Trust
E02002718,RWA,Hull University Teaching Hospitals NHS Trust
E02002719,RWA,Hull University Teaching Hospitals NHS Trust
E02002722,RWA,Hull University Teaching Hospitals NHS Trust
E02006813,RWA,Hull University Teaching Hospitals NHS Trust
E02006814,RWA,Hull University Teaching Hospitals NHS Trust
E02006891,RWA,Hull University Teaching Hospitals NHS Trust
E02006892,RWA,Hull University Teaching Hospitals NHS Trust
E02007079,RWA,Hull University Teaching Hospitals NHS Trust
E02007080,RWA,Hull University Teaching Hospitals NHS Trust
E02005417,RWD,United Lincolnshire Teaching Hospitals NHS Trust
E02005418,RWD,United Lincolnshire Teaching Hospitals NHS Trust
E02005419,RWD,United Lincolnshire Teaching Hospitals NHS Trust
E02005420,RWD,United Lincolnshire Teaching Hospitals NHS Trust
E02005422,RWD,United Lincolnshire Teaching Hospitals NHS Trust
E02005423,RWD,United Lincolnshire Teaching Hospitals NHS Trust
E02005428,RWD,United Lincolnshire Teaching Hospitals NHS Trust
E02005429,RWD,United Lincolnshire Teaching Hospitals NHS Trust
E02005430,RWD,United Lincolnshire Teaching Hospitals NHS Trust
E02005431,RWD,United Lincolnshire Teaching Hospitals NHS Trust
E02005432,RWD,United Lincolnshire Teaching Hospitals NHS Trust
E02005433,RWD,United Lincolnshire Teaching Hospitals NHS Trust
E02005434,RWD,United Lincolnshire Teaching Hospitals NHS Trust
E02005435,RWD,United Lincolnshire Teaching Hospitals NHS Trust
E02005436,RWD,United Lincolnshire Teaching Hospitals NHS Trust
E02005437,RWD,United Lincolnshire Teaching Hospitals NHS Trust
E02005438,RWD,United Lincolnshire Teaching Hospitals NHS Trust
E02005439,RWD,United Lincolnshire Teaching Hospitals NHS Trust
E02005440,RWD,United Lincolnshire Teaching Hospitals NHS Trust
E02005441,RWD,United Lincolnshire Teaching Hospitals NHS Trust
E02005442,RWD,United Lincolnshire Teaching Hospitals NHS Trust
E02005443,RWD,United Lincolnshire Teaching Hospitals NHS Trust
E02005444,RWD,United Lincolnshire Teaching Hospitals NHS Trust
E02005445,RWD,United Lincolnshire Teaching Hospitals NHS Trust
E02005446,RWD,United Lincolnshire Teaching Hospitals NHS Trust
E02005447,RWD,United Lincolnshire Teaching Hospitals NHS Trust
E02005448,RWD,United Lincolnshire Teaching Hospitals NHS Trust
E02005449,RWD,United Lincolnshire Teaching Hospitals NHS Trust
E02005450,RWD,United Lincolnshire Teaching Hospitals NHS Trust
E02005451,RWD,United Lincolnshire Teaching Hospitals NHS Trust
E02005452,RWD,United Lincolnshire Teaching Hospitals NHS Trust
E02005453,RWD,United Lincolnshire Teaching Hospitals NHS Trust
E02005455,RWD,United Lincolnshire Teaching Hospitals NHS Trust
E02005456,RWD,United Lincolnshire Teaching Hospitals NHS Trust
E02005457,RWD,United Lincolnshire Teaching Hospitals NHS Trust
E02005458,RWD,United Lincolnshire Teaching Hospitals NHS Trust
E02005459,RWD,United Lincolnshire Teaching Hospitals NHS Trust
E02005460,RWD,United Lincolnshire Teaching Hospitals NHS Trust
E02005461,RWD,United Lincolnshire Teaching Hospitals NHS Trust
E02005462,RWD,United Lincolnshire Teaching Hospitals NHS Trust
E02005463,RWD,United Lincolnshire Teaching Hospitals NHS Trust
E02005464,RWD,United Lincolnshire Teaching Hospitals NHS Trust
E02005465,RWD,United Lincolnshire Teaching Hospitals NHS Trust
E02005467,RWD,United Lincolnshire Teaching Hospitals NHS Trust
E02005468,RWD,United Lincolnshire Teaching Hospitals NHS Trust
E02005469,RWD,United Lincolnshire Teaching Hospitals NHS Trust
E02005470,RWD,United Lincolnshire Teaching Hospitals NHS Trust
E02005471,RWD,United Lincolnshire Teaching Hospitals NHS Trust
E02005476,RWD,United Lincolnshire Teaching Hospitals NHS Trust
E02005477,RWD,United Lincolnshire Teaching Hospitals NHS Trust
E02005478,RWD,United Lincolnshire Teaching Hospitals NHS Trust
E02005479,RWD,United Lincolnshire Teaching Hospitals NHS Trust
E02005480,RWD,United Lincolnshire Teaching Hospitals NHS Trust
E02005481,RWD,United Lincolnshire Teaching Hospitals NHS Trust
E02005482,RWD,United Lincolnshire Teaching Hospitals NHS Trust
E02005484,RWD,United Lincolnshire Teaching Hospitals NHS Trust
E02005494,RWD,United Lincolnshire Teaching Hospitals NHS Trust
E02005495,RWD,United Lincolnshire Teaching Hospitals NHS Trust
E02005496,RWD,United Lincolnshire Teaching Hospitals NHS Trust
E02005497,RWD,United Lincolnshire Teaching Hospitals NHS Trust
E02005498,RWD,United Lincolnshire Teaching Hospitals NHS Trust
E02005499,RWD,United Lincolnshire Teaching Hospitals NHS Trust
E02005500,RWD,United Lincolnshire Teaching Hospitals NHS Trust
E02005501,RWD,United Lincolnshire Teaching Hospitals NHS Trust
E02005502,RWD,United Lincolnshire Teaching Hospitals NHS Trust
E02006864,RWD,United Lincolnshire Teaching Hospitals NHS Trust
E02006865,RWD,United Lincolnshire Teaching Hospitals NHS Trust
E02006866,RWD,United Lincolnshire Teaching Hospitals NHS Trust
E02006867,RWD,United Lincolnshire Teaching Hospitals NHS Trust
E02002827,RWE,University Hospitals of Leicester NHS Trust
E02002828,RWE,University Hospitals of Leicester NHS Trust
E02002829,RWE,University Hospitals of Leicester NHS Trust
E02002830,RWE,University Hospitals of Leicester NHS Trust
E02002831,RWE,University Hospitals of Leicester NHS Trust
E02002832,RWE,University Hospitals of Leicester NHS Trust
E02002833,RWE,University Hospitals of Leicester NHS Trust
E02002834,RWE,University Hospitals of Leicester NHS Trust
E02002836,RWE,University Hospitals of Leicester NHS Trust
E02002837,RWE,University Hospitals of Leicester NHS Trust
E02002838,RWE,University Hospitals of Leicester NHS Trust
E02002839,RWE,University Hospitals of Leicester NHS Trust
E02002842,RWE,University Hospitals of Leicester NHS Trust
E02002843,RWE,University Hospitals of Leicester NHS Trust
E02002844,RWE,University Hospitals of Leicester NHS Trust
E02002845,RWE,University Hospitals of Leicester NHS Trust
E02002846,RWE,University Hospitals of Leicester NHS Trust
E02002847,RWE,University Hospitals of Leicester NHS Trust
E02002848,RWE,University Hospitals of Leicester NHS Trust
E02002849,RWE,University Hospitals of Leicester NHS Trust
E02002851,RWE,University Hospitals of Leicester NHS Trust
E02002852,RWE,University Hospitals of Leicester NHS Trust
E02002853,RWE,University Hospitals of Leicester NHS Trust
E02002854,RWE,University Hospitals of Leicester NHS Trust
E02002855,RWE,University Hospitals of Leicester NHS Trust
E02002856,RWE,University Hospitals of Leicester NHS Trust
E02002857,RWE,University Hospitals of Leicester NHS Trust
E02002858,RWE,University Hospitals of Leicester NHS Trust
E02002860,RWE,University Hospitals of Leicester NHS Trust
E02002861,RWE,University Hospitals of Leicester NHS Trust
E02002862,RWE,University Hospitals of Leicester NHS Trust
E02002864,RWE,University Hospitals of Leicester NHS Trust
E02002865,RWE,University Hospitals of Leicester NHS Trust
E02002867,RWE,University Hospitals of Leicester NHS Trust
E02005334,RWE,University Hospitals of Leicester NHS Trust
E02005335,RWE,University Hospitals of Leicester NHS Trust
E02005336,RWE,University Hospitals of Leicester NHS Trust
E02005337,RWE,University Hospitals of Leicester NHS Trust
E02005338,RWE,University Hospitals of Leicester NHS Trust
E02005339,RWE,University Hospitals of Leicester NHS Trust
E02005340,RWE,University Hospitals of Leicester NHS Trust
E02005341,RWE,University Hospitals of Leicester NHS Trust
E02005342,RWE,University Hospitals of Leicester NHS Trust
E02005343,RWE,University Hospitals of Leicester NHS Trust
E02005344,RWE,University Hospitals of Leicester NHS Trust
E02005345,RWE,University Hospitals of Leicester NHS Trust
E02005346,RWE,University Hospitals of Leicester NHS Trust
E02005347,RWE,University Hospitals of Leicester NHS Trust
E02005348,RWE,University Hospitals of Leicester NHS Trust
E02005349,RWE,University Hospitals of Leicester NHS Trust
E02005350,RWE,University Hospitals of Leicester NHS Trust
E02005351,RWE,University Hospitals of Leicester NHS Trust
E02005352,RWE,University Hospitals of Leicester NHS Trust
E02005353,RWE,University Hospitals of Leicester NHS Trust
E02005354,RWE,University Hospitals of Leicester NHS Trust
E02005355,RWE,University Hospitals of Leicester NHS Trust
E02005356,RWE,University Hospitals of Leicester NHS Trust
E02005357,RWE,University Hospitals of Leicester NHS Trust
E02005358,RWE,University Hospitals of Leicester NHS Trust
E02005359,RWE,University Hospitals of Leicester NHS Trust
E02005360,RWE,University Hospitals of Leicester NHS Trust
E02005361,RWE,University Hospitals of Leicester NHS Trust
E02005362,RWE,University Hospitals of Leicester NHS Trust
E02005363,RWE,University Hospitals of Leicester NHS Trust
E02005364,RWE,University Hospitals of Leicester NHS Trust
E02005365,RWE,University Hospitals of Leicester NHS Trust
E02005366,RWE,University Hospitals of Leicester NHS Trust
E02005368,RWE,University Hospitals of Leicester NHS Trust
E02005369,RWE,University Hospitals of Leicester NHS Trust
E02005370,RWE,University Hospitals of Leicester NHS Trust
E02005371,RWE,University Hospitals of Leicester NHS Trust
E02005372,RWE,University Hospitals of Leicester NHS Trust
E02005373,RWE,University Hospitals of Leicester NHS Trust
E02005374,RWE,University Hospitals of Leicester NHS Trust
E02005375,RWE,University Hospitals of Leicester NHS Trust
E02005376,RWE,University Hospitals of Leicester NHS Trust
E02005377,RWE,University Hospitals of Leicester NHS Trust
E02005378,RWE,University Hospitals of Leicester NHS Trust
E02005379,RWE,University Hospitals of Leicester NHS Trust
E02005380,RWE,University Hospitals of Leicester NHS Trust
E02005381,RWE,University Hospitals of Leicester NHS Trust
E02005382,RWE,University Hospitals of Leicester NHS Trust
E02005383,RWE,University Hospitals of Leicester NHS Trust
E02005385,RWE,University Hospitals of Leicester NHS Trust
E02005386,RWE,University Hospitals of Leicester NHS Trust
E02005387,RWE,University Hospitals of Leicester NHS Trust
E02005388,RWE,University Hospitals of Leicester NHS Trust
E02005389,RWE,University Hospitals of Leicester NHS Trust
E02005390,RWE,University Hospitals of Leicester NHS Trust
E02005392,RWE,University Hospitals of Leicester NHS Trust
E02005393,RWE,University Hospitals of Leicester NHS Trust
E02005394,RWE,University Hospitals of Leicester NHS Trust
E02005395,RWE,University Hospitals of Leicester NHS Trust
E02005396,RWE,University Hospitals of Leicester NHS Trust
E02005400,RWE,University Hospitals of Leicester NHS Trust
E02005401,RWE,University Hospitals of Leicester NHS Trust
E02005403,RWE,University Hospitals of Leicester NHS Trust
E02005405,RWE,University Hospitals of Leicester NHS Trust
E02005406,RWE,University Hospitals of Leicester NHS Trust
E02005407,RWE,University Hospitals of Leicester NHS Trust
E02005409,RWE,University Hospitals of Leicester NHS Trust
E02005412,RWE,University Hospitals of Leicester NHS Trust
E02005414,RWE,University Hospitals of Leicester NHS Trust
E02005415,RWE,University Hospitals of Leicester NHS Trust
E02005416,RWE,University Hospitals of Leicester NHS Trust
E02006815,RWE,University Hospitals of Leicester NHS Trust
E02006816,RWE,University Hospitals of Leicester NHS Trust
E02006817,RWE,University Hospitals of Leicester NHS Trust
E02006818,RWE,University Hospitals of Leicester NHS Trust
E02006819,RWE,University Hospitals of Leicester NHS Trust
E02006820,RWE,University Hospitals of Leicester NHS Trust
E02006850,RWE,University Hospitals of Leicester NHS Trust
E02006851,RWE,University Hospitals of Leicester NHS Trust
E02006964,RWE,University Hospitals of Leicester NHS Trust
E02006965,RWE,University Hospitals of Leicester NHS Trust
E02006966,RWE,University Hospitals of Leicester NHS Trust
E02006967,RWE,University Hospitals of Leicester NHS Trust
E02004392,RWF,Maidstone and Tunbridge Wells NHS Trust
E02004403,RWF,Maidstone and Tunbridge Wells NHS Trust
E02004404,RWF,Maidstone and Tunbridge Wells NHS Trust
E02004405,RWF,Maidstone and Tunbridge Wells NHS Trust
E02004406,RWF,Maidstone and Tunbridge Wells NHS Trust
E02004407,RWF,Maidstone and Tunbridge Wells NHS Trust
E02004408,RWF,Maidstone and Tunbridge Wells NHS Trust
E02005068,RWF,Maidstone and Tunbridge Wells NHS Trust
E02005069,RWF,Maidstone and Tunbridge Wells NHS Trust
E02005070,RWF,Maidstone and Tunbridge Wells NHS Trust
E02005071,RWF,Maidstone and Tunbridge Wells NHS Trust
E02005072,RWF,Maidstone and Tunbridge Wells NHS Trust
E02005073,RWF,Maidstone and Tunbridge Wells NHS Trust
E02005074,RWF,Maidstone and Tunbridge Wells NHS Trust
E02005075,RWF,Maidstone and Tunbridge Wells NHS Trust
E02005076,RWF,Maidstone and Tunbridge Wells NHS Trust
E02005077,RWF,Maidstone and Tunbridge Wells NHS Trust
E02005078,RWF,Maidstone and Tunbridge Wells NHS Trust
E02005079,RWF,Maidstone and Tunbridge Wells NHS Trust
E02005080,RWF,Maidstone and Tunbridge Wells NHS Trust
E02005081,RWF,Maidstone and Tunbridge Wells NHS Trust
E02005082,RWF,Maidstone and Tunbridge Wells NHS Trust
E02005083,RWF,Maidstone and Tunbridge Wells NHS Trust
E02005084,RWF,Maidstone and Tunbridge Wells NHS Trust
E02005085,RWF,Maidstone and Tunbridge Wells NHS Trust
E02005086,RWF,Maidstone and Tunbridge Wells NHS Trust
E02005094,RWF,Maidstone and Tunbridge Wells NHS Trust
E02005095,RWF,Maidstone and Tunbridge Wells NHS Trust
E02005096,RWF,Maidstone and Tunbridge Wells NHS Trust
E02005097,RWF,Maidstone and Tunbridge Wells NHS Trust
E02005098,RWF,Maidstone and Tunbridge Wells NHS Trust
E02005099,RWF,Maidstone and Tunbridge Wells NHS Trust
E02005100,RWF,Maidstone and Tunbridge Wells NHS Trust
E02005101,RWF,Maidstone and Tunbridge Wells NHS Trust
E02005149,RWF,Maidstone and Tunbridge Wells NHS Trust
E02005150,RWF,Maidstone and Tunbridge Wells NHS Trust
E02005151,RWF,Maidstone and Tunbridge Wells NHS Trust
E02005153,RWF,Maidstone and Tunbridge Wells NHS Trust
E02005154,RWF,Maidstone and Tunbridge Wells NHS Trust
E02005155,RWF,Maidstone and Tunbridge Wells NHS Trust
E02005156,RWF,Maidstone and Tunbridge Wells NHS Trust
E02005157,RWF,Maidstone and Tunbridge Wells NHS Trust
E02005158,RWF,Maidstone and Tunbridge Wells NHS Trust
E02005159,RWF,Maidstone and Tunbridge Wells NHS Trust
E02005160,RWF,Maidstone and Tunbridge Wells NHS Trust
E02005161,RWF,Maidstone and Tunbridge Wells NHS Trust
E02005162,RWF,Maidstone and Tunbridge Wells NHS Trust
E02005163,RWF,Maidstone and Tunbridge Wells NHS Trust
E02005164,RWF,Maidstone and Tunbridge Wells NHS Trust
E02005165,RWF,Maidstone and Tunbridge Wells NHS Trust
E02005166,RWF,Maidstone and Tunbridge Wells NHS Trust
E02005167,RWF,Maidstone and Tunbridge Wells NHS Trust
E02005168,RWF,Maidstone and Tunbridge Wells NHS Trust
E02005169,RWF,Maidstone and Tunbridge Wells NHS Trust
E02005170,RWF,Maidstone and Tunbridge Wells NHS Trust
E02005171,RWF,Maidstone and Tunbridge Wells NHS Trust
E02005172,RWF,Maidstone and Tunbridge Wells NHS Trust
E02005173,RWF,Maidstone and Tunbridge Wells NHS Trust
E02005174,RWF,Maidstone and Tunbridge Wells NHS Trust
E02005175,RWF,Maidstone and Tunbridge Wells NHS Trust
E02006833,RWF,Maidstone and Tunbridge Wells NHS Trust
E02004860,RWG,West Hertfordshire Teaching Hospitals NHS Trust
E02004861,RWG,West Hertfordshire Teaching Hospitals NHS Trust
E02004862,RWG,West Hertfordshire Teaching Hospitals NHS Trust
E02004863,RWG,West Hertfordshire Teaching Hospitals NHS Trust
E02004864,RWG,West Hertfordshire Teaching Hospitals NHS Trust
E02004865,RWG,West Hertfordshire Teaching Hospitals NHS Trust
E02004866,RWG,West Hertfordshire Teaching Hospitals NHS Trust
E02004867,RWG,West Hertfordshire Teaching Hospitals NHS Trust
E02004868,RWG,West Hertfordshire Teaching Hospitals NHS Trust
E02004869,RWG,West Hertfordshire Teaching Hospitals NHS Trust
E02004870,RWG,West Hertfordshire Teaching Hospitals NHS Trust
E02004871,RWG,West Hertfordshire Teaching Hospitals NHS Trust
E02004872,RWG,West Hertfordshire Teaching Hospitals NHS Trust
E02004873,RWG,West Hertfordshire Teaching Hospitals NHS Trust
E02004874,RWG,West Hertfordshire Teaching Hospitals NHS Trust
E02004875,RWG,West Hertfordshire Teaching Hospitals NHS Trust
E02004876,RWG,West Hertfordshire Teaching Hospitals NHS Trust
E02004877,RWG,West Hertfordshire Teaching Hospitals NHS Trust
E02004899,RWG,West Hertfordshire Teaching Hospitals NHS Trust
E02004900,RWG,West Hertfordshire Teaching Hospitals NHS Trust
E02004903,RWG,West Hertfordshire Teaching Hospitals NHS Trust
E02004905,RWG,West Hertfordshire Teaching Hospitals NHS Trust
E02004907,RWG,West Hertfordshire Teaching Hospitals NHS Trust
E02004908,RWG,West Hertfordshire Teaching Hospitals NHS Trust
E02004927,RWG,West Hertfordshire Teaching Hospitals NHS Trust
E02004929,RWG,West Hertfordshire Teaching Hospitals NHS Trust
E02004930,RWG,West Hertfordshire Teaching Hospitals NHS Trust
E02004931,RWG,West Hertfordshire Teaching Hospitals NHS Trust
E02004932,RWG,West Hertfordshire Teaching Hospitals NHS Trust
E02004933,RWG,West Hertfordshire Teaching Hospitals NHS Trust
E02004934,RWG,West Hertfordshire Teaching Hospitals NHS Trust
E02004935,RWG,West Hertfordshire Teaching Hospitals NHS Trust
E02004936,RWG,West Hertfordshire Teaching Hospitals NHS Trust
E02004937,RWG,West Hertfordshire Teaching Hospitals NHS Trust
E02004939,RWG,West Hertfordshire Teaching Hospitals NHS Trust
E02004940,RWG,West Hertfordshire Teaching Hospitals NHS Trust
E02004941,RWG,West Hertfordshire Teaching Hospitals NHS Trust
E02004942,RWG,West Hertfordshire Teaching Hospitals NHS Trust
E02004943,RWG,West Hertfordshire Teaching Hospitals NHS Trust
E02004956,RWG,West Hertfordshire Teaching Hospitals NHS Trust
E02004957,RWG,West Hertfordshire Teaching Hospitals NHS Trust
E02004958,RWG,West Hertfordshire Teaching Hospitals NHS Trust
E02004959,RWG,West Hertfordshire Teaching Hospitals NHS Trust
E02004960,RWG,West Hertfordshire Teaching Hospitals NHS Trust
E02004961,RWG,West Hertfordshire Teaching Hospitals NHS Trust
E02004962,RWG,West Hertfordshire Teaching Hospitals NHS Trust
E02004963,RWG,West Hertfordshire Teaching Hospitals NHS Trust
E02004964,RWG,West Hertfordshire Teaching Hospitals NHS Trust
E02004965,RWG,West Hertfordshire Teaching Hospitals NHS Trust
E02004967,RWG,West Hertfordshire Teaching Hospitals NHS Trust
E02004968,RWG,West Hertfordshire Teaching Hospitals NHS Trust
E02004969,RWG,West Hertfordshire Teaching Hospitals NHS Trust
E02004970,RWG,West Hertfordshire Teaching Hospitals NHS Trust
E02004971,RWG,West Hertfordshire Teaching Hospitals NHS Trust
E02004972,RWG,West Hertfordshire Teaching Hospitals NHS Trust
E02004973,RWG,West Hertfordshire Teaching Hospitals NHS Trust
E02004974,RWG,West Hertfordshire Teaching Hospitals NHS Trust
E02004975,RWG,West Hertfordshire Teaching Hospitals NHS Trust
E02004976,RWG,West Hertfordshire Teaching Hospitals NHS Trust
E02004977,RWG,West Hertfordshire Teaching Hospitals NHS Trust
E02004978,RWG,West Hertfordshire Teaching Hospitals NHS Trust
E02004979,RWG,West Hertfordshire Teaching Hospitals NHS Trust
E02007090,RWG,West Hertfordshire Teaching Hospitals NHS Trust
E02003608,RWH,East and North Hertfordshire NHS Trust
E02003612,RWH,East and North Hertfordshire NHS Trust
E02004843,RWH,East and North Hertfordshire NHS Trust
E02004845,RWH,East and North Hertfordshire NHS Trust
E02004878,RWH,East and North Hertfordshire NHS Trust
E02004883,RWH,East and North Hertfordshire NHS Trust
E02004887,RWH,East and North Hertfordshire NHS Trust
E02004889,RWH,East and North Hertfordshire NHS Trust
E02004890,RWH,East and North Hertfordshire NHS Trust
E02004891,RWH,East and North Hertfordshire NHS Trust
E02004892,RWH,East and North Hertfordshire NHS Trust
E02004893,RWH,East and North Hertfordshire NHS Trust
E02004894,RWH,East and North Hertfordshire NHS Trust
E02004895,RWH,East and North Hertfordshire NHS Trust
E02004911,RWH,East and North Hertfordshire NHS Trust
E02004912,RWH,East and North Hertfordshire NHS Trust
E02004914,RWH,East and North Hertfordshire NHS Trust
E02004915,RWH,East and North Hertfordshire NHS Trust
E02004916,RWH,East and North Hertfordshire NHS Trust
E02004917,RWH,East and North Hertfordshire NHS Trust
E02004918,RWH,East and North Hertfordshire NHS Trust
E02004919,RWH,East and North Hertfordshire NHS Trust
E02004920,RWH,East and North Hertfordshire NHS Trust
E02004921,RWH,East and North Hertfordshire NHS Trust
E02004922,RWH,East and North Hertfordshire NHS Trust
E02004923,RWH,East and North Hertfordshire NHS Trust
E02004944,RWH,East and North Hertfordshire NHS Trust
E02004945,RWH,East and North Hertfordshire NHS Trust
E02004946,RWH,East and North Hertfordshire NHS Trust
E02004948,RWH,East and North Hertfordshire NHS Trust
E02004949,RWH,East and North Hertfordshire NHS Trust
E02004950,RWH,East and North Hertfordshire NHS Trust
E02004951,RWH,East and North Hertfordshire NHS Trust
E02004952,RWH,East and North Hertfordshire NHS Trust
E02004953,RWH,East and North Hertfordshire NHS Trust
E02004954,RWH,East and North Hertfordshire NHS Trust
E02004955,RWH,East and North Hertfordshire NHS Trust
E02004980,RWH,East and North Hertfordshire NHS Trust
E02004981,RWH,East and North Hertfordshire NHS Trust
E02004982,RWH,East and North Hertfordshire NHS Trust
E02004983,RWH,East and North Hertfordshire NHS Trust
E02004984,RWH,East and North Hertfordshire NHS Trust
E02004985,RWH,East and North Hertfordshire NHS Trust
E02004986,RWH,East and North Hertfordshire NHS Trust
E02004987,RWH,East and North Hertfordshire NHS Trust
E02004988,RWH,East and North Hertfordshire NHS Trust
E02004989,RWH,East and North Hertfordshire NHS Trust
E02004990,RWH,East and North Hertfordshire NHS Trust
E02004991,RWH,East and North Hertfordshire NHS Trust
E02004992,RWH,East and North Hertfordshire NHS Trust
E02004994,RWH,East and North Hertfordshire NHS Trust
E02007088,RWH,East and North Hertfordshire NHS Trust
E02007089,RWH,East and North Hertfordshire NHS Trust
E02007091,RWH,East and North Hertfordshire NHS Trust
E02007092,RWH,East and North Hertfordshire NHS Trust
E02007093,RWH,East and North Hertfordshire NHS Trust
E02001187,RWJ,Stockport NHS Foundation Trust
E02001188,RWJ,Stockport NHS Foundation Trust
E02001189,RWJ,Stockport NHS Foundation Trust
E02001190,RWJ,Stockport NHS Foundation Trust
E02001191,RWJ,Stockport NHS Foundation Trust
E02001192,RWJ,Stockport NHS Foundation Trust
E02001193,RWJ,Stockport NHS Foundation Trust
E02001194,RWJ,Stockport NHS Foundation Trust
E02001195,RWJ,Stockport NHS Foundation Trust
E02001196,RWJ,Stockport NHS Foundation Trust
E02001197,RWJ,Stockport NHS Foundation Trust
E02001198,RWJ,Stockport NHS Foundation Trust
E02001199,RWJ,Stockport NHS Foundation Trust
E02001200,RWJ,Stockport NHS Foundation Trust
E02001201,RWJ,Stockport NHS Foundation Trust
E02001202,RWJ,Stockport NHS Foundation Trust
E02001203,RWJ,Stockport NHS Foundation Trust
E02001204,RWJ,Stockport NHS Foundation Trust
E02001205,RWJ,Stockport NHS Foundation Trust
E02001206,RWJ,Stockport NHS Foundation Trust
E02001207,RWJ,Stockport NHS Foundation Trust
E02001208,RWJ,Stockport NHS Foundation Trust
E02001209,RWJ,Stockport NHS Foundation Trust
E02001210,RWJ,Stockport NHS Foundation Trust
E02001212,RWJ,Stockport NHS Foundation Trust
E02001213,RWJ,Stockport NHS Foundation Trust
E02001215,RWJ,Stockport NHS Foundation Trust
E02001216,RWJ,Stockport NHS Foundation Trust
E02001217,RWJ,Stockport NHS Foundation Trust
E02001218,RWJ,Stockport NHS Foundation Trust
E02001219,RWJ,Stockport NHS Foundation Trust
E02001220,RWJ,Stockport NHS Foundation Trust
E02001221,RWJ,Stockport NHS Foundation Trust
E02001223,RWJ,Stockport NHS Foundation Trust
E02001224,RWJ,Stockport NHS Foundation Trust
E02001225,RWJ,Stockport NHS Foundation Trust
E02001227,RWJ,Stockport NHS Foundation Trust
E02001228,RWJ,Stockport NHS Foundation Trust
E02003853,RWJ,Stockport NHS Foundation Trust
E02004097,RWJ,Stockport NHS Foundation Trust
E02004098,RWJ,Stockport NHS Foundation Trust
E02004100,RWJ,Stockport NHS Foundation Trust
E02004102,RWJ,Stockport NHS Foundation Trust
E02004103,RWJ,Stockport NHS Foundation Trust
E02004104,RWJ,Stockport NHS Foundation Trust
E02006872,RWJ,Stockport NHS Foundation Trust
E02006046,RWP,Worcestershire Acute Hospitals NHS Trust
E02006506,RWP,Worcestershire Acute Hospitals NHS Trust
E02006696,RWP,Worcestershire Acute Hospitals NHS Trust
E02006697,RWP,Worcestershire Acute Hospitals NHS Trust
E02006701,RWP,Worcestershire Acute Hospitals NHS Trust
E02006702,RWP,Worcestershire Acute Hospitals NHS Trust
E02006703,RWP,Worcestershire Acute Hospitals NHS Trust
E02006704,RWP,Worcestershire Acute Hospitals NHS Trust
E02006705,RWP,Worcestershire Acute Hospitals NHS Trust
E02006706,RWP,Worcestershire Acute Hospitals NHS Trust
E02006707,RWP,Worcestershire Acute Hospitals NHS Trust
E02006708,RWP,Worcestershire Acute Hospitals NHS Trust
E02006709,RWP,Worcestershire Acute Hospitals NHS Trust
E02006710,RWP,Worcestershire Acute Hospitals NHS Trust
E02006711,RWP,Worcestershire Acute Hospitals NHS Trust
E02006712,RWP,Worcestershire Acute Hospitals NHS Trust
E02006713,RWP,Worcestershire Acute Hospitals NHS Trust
E02006714,RWP,Worcestershire Acute Hospitals NHS Trust
E02006715,RWP,Worcestershire Acute Hospitals NHS Trust
E02006716,RWP,Worcestershire Acute Hospitals NHS Trust
E02006717,RWP,Worcestershire Acute Hospitals NHS Trust
E02006718,RWP,Worcestershire Acute Hospitals NHS Trust
E02006719,RWP,Worcestershire Acute Hospitals NHS Trust
E02006720,RWP,Worcestershire Acute Hospitals NHS Trust
E02006721,RWP,Worcestershire Acute Hospitals NHS Trust
E02006722,RWP,Worcestershire Acute Hospitals NHS Trust
E02006723,RWP,Worcestershire Acute Hospitals NHS Trust
E02006724,RWP,Worcestershire Acute Hospitals NHS Trust
E02006725,RWP,Worcestershire Acute Hospitals NHS Trust
E02006726,RWP,Worcestershire Acute Hospitals NHS Trust
E02006727,RWP,Worcestershire Acute Hospitals NHS Trust
E02006728,RWP,Worcestershire Acute Hospitals NHS Trust
E02006729,RWP,Worcestershire Acute Hospitals NHS Trust
E02006730,RWP,Worcestershire Acute Hospitals NHS Trust
E02006731,RWP,Worcestershire Acute Hospitals NHS Trust
E02006732,RWP,Worcestershire Acute Hospitals NHS Trust
E02006733,RWP,Worcestershire Acute Hospitals NHS Trust
E02006734,RWP,Worcestershire Acute Hospitals NHS Trust
E02006735,RWP,Worcestershire Acute Hospitals NHS Trust
E02006736,RWP,Worcestershire Acute Hospitals NHS Trust
E02006737,RWP,Worcestershire Acute Hospitals NHS Trust
E02006738,RWP,Worcestershire Acute Hospitals NHS Trust
E02006739,RWP,Worcestershire Acute Hospitals NHS Trust
E02006740,RWP,Worcestershire Acute Hospitals NHS Trust
E02006741,RWP,Worcestershire Acute Hospitals NHS Trust
E02006742,RWP,Worcestershire Acute Hospitals NHS Trust
E02006743,RWP,Worcestershire Acute Hospitals NHS Trust
E02006744,RWP,Worcestershire Acute Hospitals NHS Trust
E02006745,RWP,Worcestershire Acute Hospitals NHS Trust
E02006746,RWP,Worcestershire Acute Hospitals NHS Trust
E02006747,RWP,Worcestershire Acute Hospitals NHS Trust
E02006748,RWP,Worcestershire Acute Hospitals NHS Trust
E02006749,RWP,Worcestershire Acute Hospitals NHS Trust
E02006750,RWP,Worcestershire Acute Hospitals NHS Trust
E02006751,RWP,Worcestershire Acute Hospitals NHS Trust
E02006752,RWP,Worcestershire Acute Hospitals NHS Trust
E02006753,RWP,Worcestershire Acute Hospitals NHS Trust
E02006754,RWP,Worcestershire Acute Hospitals NHS Trust
E02006755,RWP,Worcestershire Acute Hospitals NHS Trust
E02006756,RWP,Worcestershire Acute Hospitals NHS Trust
E02006757,RWP,Worcestershire Acute Hospitals NHS Trust
E02006758,RWP,Worcestershire Acute Hospitals NHS Trust
E02006759,RWP,Worcestershire Acute Hospitals NHS Trust
E02006760,RWP,Worcestershire Acute Hospitals NHS Trust
E02006761,RWP,Worcestershire Acute Hospitals NHS Trust
E02006762,RWP,Worcestershire Acute Hospitals NHS Trust
E02006763,RWP,Worcestershire Acute Hospitals NHS Trust
E02006764,RWP,Worcestershire Acute Hospitals NHS Trust
E02006767,RWP,Worcestershire Acute Hospitals NHS Trust
E02006768,RWP,Worcestershire Acute Hospitals NHS Trust
E02006769,RWP,Worcestershire Acute Hospitals NHS Trust
E02006770,RWP,Worcestershire Acute Hospitals NHS Trust
E02006771,RWP,Worcestershire Acute Hospitals NHS Trust
E02006772,RWP,Worcestershire Acute Hospitals NHS Trust
E02006773,RWP,Worcestershire Acute Hospitals NHS Trust
E02006774,RWP,Worcestershire Acute Hospitals NHS Trust
E02006775,RWP,Worcestershire Acute Hospitals NHS Trust
E02006776,RWP,Worcestershire Acute Hospitals NHS Trust
E02006777,RWP,Worcestershire Acute Hospitals NHS Trust
E02006778,RWP,Worcestershire Acute Hospitals NHS Trust
E02006779,RWP,Worcestershire Acute Hospitals NHS Trust
E02006780,RWP,Worcestershire Acute Hospitals NHS Trust
E02002582,RWW,Warrington and Halton Teaching Hospitals NHS Foundation Trust
E02002583,RWW,Warrington and Halton Teaching Hospitals NHS Foundation Trust
E02002584,RWW,Warrington and Halton Teaching Hospitals NHS Foundation Trust
E02002585,RWW,Warrington and Halton Teaching Hospitals NHS Foundation Trust
E02002586,RWW,Warrington and Halton Teaching Hospitals NHS Foundation Trust
E02002587,RWW,Warrington and Halton Teaching Hospitals NHS Foundation Trust
E02002588,RWW,Warrington and Halton Teaching Hospitals NHS Foundation Trust
E02002589,RWW,Warrington and Halton Teaching Hospitals NHS Foundation Trust
E02002590,RWW,Warrington and Halton Teaching Hospitals NHS Foundation Trust
E02002591,RWW,Warrington and Halton Teaching Hospitals NHS Foundation Trust
E02002593,RWW,Warrington and Halton Teaching Hospitals NHS Foundation Trust
E02002594,RWW,Warrington and Halton Teaching Hospitals NHS Foundation Trust
E02002595,RWW,Warrington and Halton Teaching Hospitals NHS Foundation Trust
E02002596,RWW,Warrington and Halton Teaching Hospitals NHS Foundation Trust
E02002597,RWW,Warrington and Halton Teaching Hospitals NHS Foundation Trust
E02002598,RWW,Warrington and Halton Teaching Hospitals NHS Foundation Trust
E02002599,RWW,Warrington and Halton Teaching Hospitals NHS Foundation Trust
E02002600,RWW,Warrington and Halton Teaching Hospitals NHS Foundation Trust
E02002601,RWW,Warrington and Halton Teaching Hospitals NHS Foundation Trust
E02002602,RWW,Warrington and Halton Teaching Hospitals NHS Foundation Trust
E02002603,RWW,Warrington and Halton Teaching Hospitals NHS Foundation Trust
E02002604,RWW,Warrington and Halton Teaching Hospitals NHS Foundation Trust
E02002605,RWW,Warrington and Halton Teaching Hospitals NHS Foundation Trust
E02002606,RWW,Warrington and Halton Teaching Hospitals NHS Foundation Trust
E02002607,RWW,Warrington and Halton Teaching Hospitals NHS Foundation Trust
E02002608,RWW,Warrington and Halton Teaching Hospitals NHS Foundation Trust
E02002609,RWW,Warrington and Halton Teaching Hospitals NHS Foundation Trust
E02002610,RWW,Warrington and Halton Teaching Hospitals NHS Foundation Trust
E02002611,RWW,Warrington and Halton Teaching Hospitals NHS Foundation Trust
E02002612,RWW,Warrington and Halton Teaching Hospitals NHS Foundation Trust
E02002613,RWW,Warrington and Halton Teaching Hospitals NHS Foundation Trust
E02002614,RWW,Warrington and Halton Teaching Hospitals NHS Foundation Trust
E02002244,RWY,Calderdale and Huddersfield NHS Foundation Trust
E02002245,RWY,Calderdale and Huddersfield NHS Foundation Trust
E02002246,RWY,Calderdale and Huddersfield NHS Foundation Trust
E02002247,RWY,Calderdale and Huddersfield NHS Foundation Trust
E02002248,RWY,Calderdale and Huddersfield NHS Foundation Trust
E02002249,RWY,Calderdale and Huddersfield NHS Foundation Trust
E02002250,RWY,Calderdale and Huddersfield NHS Foundation Trust
E02002251,RWY,Calderdale and Huddersfield NHS Foundation Trust
E02002252,RWY,Calderdale and Huddersfield NHS Foundation Trust
E02002253,RWY,Calderdale and Huddersfield NHS Foundation Trust
E02002254,RWY,Calderdale and Huddersfield NHS Foundation Trust
E02002255,RWY,Calderdale and Huddersfield NHS Foundation Trust
E02002256,RWY,Calderdale and Huddersfield NHS Foundation Trust
E02002257,RWY,Calderdale and Huddersfield NHS Foundation Trust
E02002258,RWY,Calderdale and Huddersfield NHS Foundation Trust
E02002259,RWY,Calderdale and Huddersfield NHS Foundation Trust
E02002260,RWY,Calderdale and Huddersfield NHS Foundation Trust
E02002261,RWY,Calderdale and Huddersfield NHS Foundation Trust
E02002262,RWY,Calderdale and Huddersfield NHS Foundation Trust
E02002263,RWY,Calderdale and Huddersfield NHS Foundation Trust
E02002264,RWY,Calderdale and Huddersfield NHS Foundation Trust
E02002265,RWY,Calderdale and Huddersfield NHS Foundation Trust
E02002266,RWY,Calderdale and Huddersfield NHS Foundation Trust
E02002267,RWY,Calderdale and Huddersfield NHS Foundation Trust
E02002268,RWY,Calderdale and Huddersfield NHS Foundation Trust
E02002269,RWY,Calderdale and Huddersfield NHS Foundation Trust
E02002270,RWY,Calderdale and Huddersfield NHS Foundation Trust
E02002292,RWY,Calderdale and Huddersfield NHS Foundation Trust
E02002295,RWY,Calderdale and Huddersfield NHS Foundation Trust
E02002297,RWY,Calderdale and Huddersfield NHS Foundation Trust
E02002299,RWY,Calderdale and Huddersfield NHS Foundation Trust
E02002300,RWY,Calderdale and Huddersfield NHS Foundation Trust
E02002301,RWY,Calderdale and Huddersfield NHS Foundation Trust
E02002302,RWY,Calderdale and Huddersfield NHS Foundation Trust
E02002303,RWY,Calderdale and Huddersfield NHS Foundation Trust
E02002304,RWY,Calderdale and Huddersfield NHS Foundation Trust
E02002305,RWY,Calderdale and Huddersfield NHS Foundation Trust
E02002306,RWY,Calderdale and Huddersfield NHS Foundation Trust
E02002307,RWY,Calderdale and Huddersfield NHS Foundation Trust
E02002308,RWY,Calderdale and Huddersfield NHS Foundation Trust
E02002309,RWY,Calderdale and Huddersfield NHS Foundation Trust
E02002310,RWY,Calderdale and Huddersfield NHS Foundation Trust
E02002311,RWY,Calderdale and Huddersfield NHS Foundation Trust
E02002312,RWY,Calderdale and Huddersfield NHS Foundation Trust
E02002313,RWY,Calderdale and Huddersfield NHS Foundation Trust
E02002314,RWY,Calderdale and Huddersfield NHS Foundation Trust
E02002315,RWY,Calderdale and Huddersfield NHS Foundation Trust
E02002316,RWY,Calderdale and Huddersfield NHS Foundation Trust
E02002317,RWY,Calderdale and Huddersfield NHS Foundation Trust
E02002318,RWY,Calderdale and Huddersfield NHS Foundation Trust
E02002319,RWY,Calderdale and Huddersfield NHS Foundation Trust
E02002320,RWY,Calderdale and Huddersfield NHS Foundation Trust
E02002321,RWY,Calderdale and Huddersfield NHS Foundation Trust
E02002322,RWY,Calderdale and Huddersfield NHS Foundation Trust
E02002323,RWY,Calderdale and Huddersfield NHS Foundation Trust
E02002324,RWY,Calderdale and Huddersfield NHS Foundation Trust
E02002325,RWY,Calderdale and Huddersfield NHS Foundation Trust
E02002326,RWY,Calderdale and Huddersfield NHS Foundation Trust
E02002328,RWY,Calderdale and Huddersfield NHS Foundation Trust
E02002329,RWY,Calderdale and Huddersfield NHS Foundation Trust
E02002868,RX1,Nottingham University Hospitals NHS Trust
E02002869,RX1,Nottingham University Hospitals NHS Trust
E02002871,RX1,Nottingham University Hospitals NHS Trust
E02002872,RX1,Nottingham University Hospitals NHS Trust
E02002873,RX1,Nottingham University Hospitals NHS Trust
E02002874,RX1,Nottingham University Hospitals NHS Trust
E02002875,RX1,Nottingham University Hospitals NHS Trust
E02002876,RX1,Nottingham University Hospitals NHS Trust
E02002877,RX1,Nottingham University Hospitals NHS Trust
E02002878,RX1,Nottingham University Hospitals NHS Trust
E02002879,RX1,Nottingham University Hospitals NHS Trust
E02002880,RX1,Nottingham University Hospitals NHS Trust
E02002881,RX1,Nottingham University Hospitals NHS Trust
E02002882,RX1,Nottingham University Hospitals NHS Trust
E02002883,RX1,Nottingham University Hospitals NHS Trust
E02002884,RX1,Nottingham University Hospitals NHS Trust
E02002885,RX1,Nottingham University Hospitals NHS Trust
E02002886,RX1,Nottingham University Hospitals NHS Trust
E02002887,RX1,Nottingham University Hospitals NHS Trust
E02002888,RX1,Nottingham University Hospitals NHS Trust
E02002889,RX1,Nottingham University Hospitals NHS Trust
E02002890,RX1,Nottingham University Hospitals NHS Trust
E02002891,RX1,Nottingham University Hospitals NHS Trust
E02002892,RX1,Nottingham University Hospitals NHS Trust
E02002893,RX1,Nottingham University Hospitals NHS Trust
E02002895,RX1,Nottingham University Hospitals NHS Trust
E02002896,RX1,Nottingham University Hospitals NHS Trust
E02002897,RX1,Nottingham University Hospitals NHS Trust
E02002898,RX1,Nottingham University Hospitals NHS Trust
E02002901,RX1,Nottingham University Hospitals NHS Trust
E02002902,RX1,Nottingham University Hospitals NHS Trust
E02002903,RX1,Nottingham University Hospitals NHS Trust
E02002904,RX1,Nottingham University Hospitals NHS Trust
E02004085,RX1,Nottingham University Hospitals NHS Trust
E02004087,RX1,Nottingham University Hospitals NHS Trust
E02004089,RX1,Nottingham University Hospitals NHS Trust
E02004091,RX1,Nottingham University Hospitals NHS Trust
E02004092,RX1,Nottingham University Hospitals NHS Trust
E02005391,RX1,Nottingham University Hospitals NHS Trust
E02005398,RX1,Nottingham University Hospitals NHS Trust
E02005831,RX1,Nottingham University Hospitals NHS Trust
E02005832,RX1,Nottingham University Hospitals NHS Trust
E02005833,RX1,Nottingham University Hospitals NHS Trust
E02005834,RX1,Nottingham University Hospitals NHS Trust
E02005850,RX1,Nottingham University Hospitals NHS Trust
E02005851,RX1,Nottingham University Hospitals NHS Trust
E02005852,RX1,Nottingham University Hospitals NHS Trust
E02005853,RX1,Nottingham University Hospitals NHS Trust
E02005856,RX1,Nottingham University Hospitals NHS Trust
E02005857,RX1,Nottingham University Hospitals NHS Trust
E02005858,RX1,Nottingham University Hospitals NHS Trust
E02005859,RX1,Nottingham University Hospitals NHS Trust
E02005860,RX1,Nottingham University Hospitals NHS Trust
E02005861,RX1,Nottingham University Hospitals NHS Trust
E02005862,RX1,Nottingham University Hospitals NHS Trust
E02005863,RX1,Nottingham University Hospitals NHS Trust
E02005864,RX1,Nottingham University Hospitals NHS Trust
E02005866,RX1,Nottingham University Hospitals NHS Trust
E02005868,RX1,Nottingham University Hospitals NHS Trust
E02005869,RX1,Nottingham University Hospitals NHS Trust
E02005870,RX1,Nottingham University Hospitals NHS Trust
E02005871,RX1,Nottingham University Hospitals NHS Trust
E02005872,RX1,Nottingham University Hospitals NHS Trust
E02005873,RX1,Nottingham University Hospitals NHS Trust
E02005874,RX1,Nottingham University Hospitals NHS Trust
E02005875,RX1,Nottingham University Hospitals NHS Trust
E02005876,RX1,Nottingham University Hospitals NHS Trust
E02005877,RX1,Nottingham University Hospitals NHS Trust
E02005878,RX1,Nottingham University Hospitals NHS Trust
E02005879,RX1,Nottingham University Hospitals NHS Trust
E02005905,RX1,Nottingham University Hospitals NHS Trust
E02005906,RX1,Nottingham University Hospitals NHS Trust
E02005907,RX1,Nottingham University Hospitals NHS Trust
E02005908,RX1,Nottingham University Hospitals NHS Trust
E02005909,RX1,Nottingham University Hospitals NHS Trust
E02005910,RX1,Nottingham University Hospitals NHS Trust
E02005911,RX1,Nottingham University Hospitals NHS Trust
E02005912,RX1,Nottingham University Hospitals NHS Trust
E02005913,RX1,Nottingham University Hospitals NHS Trust
E02005914,RX1,Nottingham University Hospitals NHS Trust
E02005915,RX1,Nottingham University Hospitals NHS Trust
E02005916,RX1,Nottingham University Hospitals NHS Trust
E02005917,RX1,Nottingham University Hospitals NHS Trust
E02005918,RX1,Nottingham University Hospitals NHS Trust
E02005919,RX1,Nottingham University Hospitals NHS Trust
E02005920,RX1,Nottingham University Hospitals NHS Trust
E02006834,RX1,Nottingham University Hospitals NHS Trust
E02006835,RX1,Nottingham University Hospitals NHS Trust
E02006904,RX1,Nottingham University Hospitals NHS Trust
E02006905,RX1,Nottingham University Hospitals NHS Trust
E02006906,RX1,Nottingham University Hospitals NHS Trust
E02007082,RX1,Nottingham University Hospitals NHS Trust
E02004356,RXC,East Sussex Healthcare NHS Trust
E02004357,RXC,East Sussex Healthcare NHS Trust
E02004358,RXC,East Sussex Healthcare NHS Trust
E02004359,RXC,East Sussex Healthcare NHS Trust
E02004361,RXC,East Sussex Healthcare NHS Trust
E02004362,RXC,East Sussex Healthcare NHS Trust
E02004363,RXC,East Sussex Healthcare NHS Trust
E02004364,RXC,East Sussex Healthcare NHS Trust
E02004365,RXC,East Sussex Healthcare NHS Trust
E02004366,RXC,East Sussex Healthcare NHS Trust
E02004367,RXC,East Sussex Healthcare NHS Trust
E02004368,RXC,East Sussex Healthcare NHS Trust
E02004369,RXC,East Sussex Healthcare NHS Trust
E02004370,RXC,East Sussex Healthcare NHS Trust
E02004371,RXC,East Sussex Healthcare NHS Trust
E02004372,RXC,East Sussex Healthcare NHS Trust
E02004373,RXC,East Sussex Healthcare NHS Trust
E02004374,RXC,East Sussex Healthcare NHS Trust
E02004375,RXC,East Sussex Healthcare NHS Trust
E02004376,RXC,East Sussex Healthcare NHS Trust
E02004377,RXC,East Sussex Healthcare NHS Trust
E02004378,RXC,East Sussex Healthcare NHS Trust
E02004389,RXC,East Sussex Healthcare NHS Trust
E02004390,RXC,East Sussex Healthcare NHS Trust
E02004391,RXC,East Sussex Healthcare NHS Trust
E02004393,RXC,East Sussex Healthcare NHS Trust
E02004394,RXC,East Sussex Healthcare NHS Trust
E02004395,RXC,East Sussex Healthcare NHS Trust
E02004396,RXC,East Sussex Healthcare NHS Trust
E02004397,RXC,East Sussex Healthcare NHS Trust
E02004398,RXC,East Sussex Healthcare NHS Trust
E02004399,RXC,East Sussex Healthcare NHS Trust
E02004400,RXC,East Sussex Healthcare NHS Trust
E02004401,RXC,East Sussex Healthcare NHS Trust
E02004402,RXC,East Sussex Healthcare NHS Trust
E02004410,RXC,East Sussex Healthcare NHS Trust
E02004412,RXC,East Sussex Healthcare NHS Trust
E02004413,RXC,East Sussex Healthcare NHS Trust
E02004416,RXC,East Sussex Healthcare NHS Trust
E02004417,RXC,East Sussex Healthcare NHS Trust
E02004418,RXC,East Sussex Healthcare NHS Trust
E02004419,RXC,East Sussex Healthcare NHS Trust
E02004420,RXC,East Sussex Healthcare NHS Trust
E02004421,RXC,East Sussex Healthcare NHS Trust
E02004422,RXC,East Sussex Healthcare NHS Trust
E02004423,RXC,East Sussex Healthcare NHS Trust
E02006857,RXC,East Sussex Healthcare NHS Trust
E02006858,RXC,East Sussex Healthcare NHS Trust
E02002271,RXF,Mid Yorkshire Teaching NHS Trust
E02002272,RXF,Mid Yorkshire Teaching NHS Trust
E02002273,RXF,Mid Yorkshire Teaching NHS Trust
E02002274,RXF,Mid Yorkshire Teaching NHS Trust
E02002275,RXF,Mid Yorkshire Teaching NHS Trust
E02002276,RXF,Mid Yorkshire Teaching NHS Trust
E02002277,RXF,Mid Yorkshire Teaching NHS Trust
E02002278,RXF,Mid Yorkshire Teaching NHS Trust
E02002279,RXF,Mid Yorkshire Teaching NHS Trust
E02002280,RXF,Mid Yorkshire Teaching NHS Trust
E02002281,RXF,Mid Yorkshire Teaching NHS Trust
E02002282,RXF,Mid Yorkshire Teaching NHS Trust
E02002283,RXF,Mid Yorkshire Teaching NHS Trust
E02002284,RXF,Mid Yorkshire Teaching NHS Trust
E02002285,RXF,Mid Yorkshire Teaching NHS Trust
E02002286,RXF,Mid Yorkshire Teaching NHS Trust
E02002287,RXF,Mid Yorkshire Teaching NHS Trust
E02002288,RXF,Mid Yorkshire Teaching NHS Trust
E02002289,RXF,Mid Yorkshire Teaching NHS Trust
E02002290,RXF,Mid Yorkshire Teaching NHS Trust
E02002291,RXF,Mid Yorkshire Teaching NHS Trust
E02002293,RXF,Mid Yorkshire Teaching NHS Trust
E02002294,RXF,Mid Yorkshire Teaching NHS Trust
E02002296,RXF,Mid Yorkshire Teaching NHS Trust
E02002298,RXF,Mid Yorkshire Teaching NHS Trust
E02002432,RXF,Mid Yorkshire Teaching NHS Trust
E02002436,RXF,Mid Yorkshire Teaching NHS Trust
E02002437,RXF,Mid Yorkshire Teaching NHS Trust
E02002438,RXF,Mid Yorkshire Teaching NHS Trust
E02002439,RXF,Mid Yorkshire Teaching NHS Trust
E02002440,RXF,Mid Yorkshire Teaching NHS Trust
E02002441,RXF,Mid Yorkshire Teaching NHS Trust
E02002442,RXF,Mid Yorkshire Teaching NHS Trust
E02002443,RXF,Mid Yorkshire Teaching NHS Trust
E02002444,RXF,Mid Yorkshire Teaching NHS Trust
E02002445,RXF,Mid Yorkshire Teaching NHS Trust
E02002446,RXF,Mid Yorkshire Teaching NHS Trust
E02002447,RXF,Mid Yorkshire Teaching NHS Trust
E02002448,RXF,Mid Yorkshire Teaching NHS Trust
E02002449,RXF,Mid Yorkshire Teaching NHS Trust
E02002450,RXF,Mid Yorkshire Teaching NHS Trust
E02002451,RXF,Mid Yorkshire Teaching NHS Trust
E02002452,RXF,Mid Yorkshire Teaching NHS Trust
E02002453,RXF,Mid Yorkshire Teaching NHS Trust
E02002454,RXF,Mid Yorkshire Teaching NHS Trust
E02002455,RXF,Mid Yorkshire Teaching NHS Trust
E02002456,RXF,Mid Yorkshire Teaching NHS Trust
E02002457,RXF,Mid Yorkshire Teaching NHS Trust
E02002458,RXF,Mid Yorkshire Teaching NHS Trust
E02002459,RXF,Mid Yorkshire Teaching NHS Trust
E02002460,RXF,Mid Yorkshire Teaching NHS Trust
E02002461,RXF,Mid Yorkshire Teaching NHS Trust
E02002462,RXF,Mid Yorkshire Teaching NHS Trust
E02002463,RXF,Mid Yorkshire Teaching NHS Trust
E02002464,RXF,Mid Yorkshire Teaching NHS Trust
E02002465,RXF,Mid Yorkshire Teaching NHS Trust
E02002466,RXF,Mid Yorkshire Teaching NHS Trust
E02002467,RXF,Mid Yorkshire Teaching NHS Trust
E02002468,RXF,Mid Yorkshire Teaching NHS Trust
E02002469,RXF,Mid Yorkshire Teaching NHS Trust
E02002470,RXF,Mid Yorkshire Teaching NHS Trust
E02002471,RXF,Mid Yorkshire Teaching NHS Trust
E02002472,RXF,Mid Yorkshire Teaching NHS Trust
E02002473,RXF,Mid Yorkshire Teaching NHS Trust
E02002474,RXF,Mid Yorkshire Teaching NHS Trust
E02002475,RXF,Mid Yorkshire Teaching NHS Trust
E02002476,RXF,Mid Yorkshire Teaching NHS Trust
E02002477,RXF,Mid Yorkshire Teaching NHS Trust
E02002478,RXF,Mid Yorkshire Teaching NHS Trust
E02002479,RXF,Mid Yorkshire Teaching NHS Trust
E02002480,RXF,Mid Yorkshire Teaching NHS Trust
E02002481,RXF,Mid Yorkshire Teaching NHS Trust
E02002482,RXF,Mid Yorkshire Teaching NHS Trust
E02005818,RXF,Mid Yorkshire Teaching NHS Trust
E02001842,RXK,Sandwell and West Birmingham Hospitals NHS Trust
E02001845,RXK,Sandwell and West Birmingham Hospitals NHS Trust
E02001850,RXK,Sandwell and West Birmingham Hospitals NHS Trust
E02001858,RXK,Sandwell and West Birmingham Hospitals NHS Trust
E02001859,RXK,Sandwell and West Birmingham Hospitals NHS Trust
E02001860,RXK,Sandwell and West Birmingham Hospitals NHS Trust
E02001861,RXK,Sandwell and West Birmingham Hospitals NHS Trust
E02001862,RXK,Sandwell and West Birmingham Hospitals NHS Trust
E02001863,RXK,Sandwell and West Birmingham Hospitals NHS Trust
E02001865,RXK,Sandwell and West Birmingham Hospitals NHS Trust
E02001866,RXK,Sandwell and West Birmingham Hospitals NHS Trust
E02001867,RXK,Sandwell and West Birmingham Hospitals NHS Trust
E02001873,RXK,Sandwell and West Birmingham Hospitals NHS Trust
E02001875,RXK,Sandwell and West Birmingham Hospitals NHS Trust
E02001876,RXK,Sandwell and West Birmingham Hospitals NHS Trust
E02001879,RXK,Sandwell and West Birmingham Hospitals NHS Trust
E02001886,RXK,Sandwell and West Birmingham Hospitals NHS Trust
E02002043,RXK,Sandwell and West Birmingham Hospitals NHS Trust
E02002045,RXK,Sandwell and West Birmingham Hospitals NHS Trust
E02002046,RXK,Sandwell and West Birmingham Hospitals NHS Trust
E02002047,RXK,Sandwell and West Birmingham Hospitals NHS Trust
E02002048,RXK,Sandwell and West Birmingham Hospitals NHS Trust
E02002049,RXK,Sandwell and West Birmingham Hospitals NHS Trust
E02002051,RXK,Sandwell and West Birmingham Hospitals NHS Trust
E02002052,RXK,Sandwell and West Birmingham Hospitals NHS Trust
E02002053,RXK,Sandwell and West Birmingham Hospitals NHS Trust
E02002054,RXK,Sandwell and West Birmingham Hospitals NHS Trust
E02002055,RXK,Sandwell and West Birmingham Hospitals NHS Trust
E02002056,RXK,Sandwell and West Birmingham Hospitals NHS Trust
E02002058,RXK,Sandwell and West Birmingham Hospitals NHS Trust
E02002059,RXK,Sandwell and West Birmingham Hospitals NHS Trust
E02002060,RXK,Sandwell and West Birmingham Hospitals NHS Trust
E02002061,RXK,Sandwell and West Birmingham Hospitals NHS Trust
E02002062,RXK,Sandwell and West Birmingham Hospitals NHS Trust
E02002063,RXK,Sandwell and West Birmingham Hospitals NHS Trust
E02002064,RXK,Sandwell and West Birmingham Hospitals NHS Trust
E02002065,RXK,Sandwell and West Birmingham Hospitals NHS Trust
E02002066,RXK,Sandwell and West Birmingham Hospitals NHS Trust
E02002069,RXK,Sandwell and West Birmingham Hospitals NHS Trust
E02002070,RXK,Sandwell and West Birmingham Hospitals NHS Trust
E02002072,RXK,Sandwell and West Birmingham Hospitals NHS Trust
E02002073,RXK,Sandwell and West Birmingham Hospitals NHS Trust
E02002074,RXK,Sandwell and West Birmingham Hospitals NHS Trust
E02002076,RXK,Sandwell and West Birmingham Hospitals NHS Trust
E02002078,RXK,Sandwell and West Birmingham Hospitals NHS Trust
E02002079,RXK,Sandwell and West Birmingham Hospitals NHS Trust
E02006809,RXK,Sandwell and West Birmingham Hospitals NHS Trust
E02006810,RXK,Sandwell and West Birmingham Hospitals NHS Trust
E02006897,RXK,Sandwell and West Birmingham Hospitals NHS Trust
E02006898,RXK,Sandwell and West Birmingham Hospitals NHS Trust
E02006899,RXK,Sandwell and West Birmingham Hospitals NHS Trust
E02006943,RXK,Sandwell and West Birmingham Hospitals NHS Trust
E02006944,RXK,Sandwell and West Birmingham Hospitals NHS Trust
E02002633,RXL,Blackpool Teaching Hospitals NHS Foundation Trust
E02002634,RXL,Blackpool Teaching Hospitals NHS Foundation Trust
E02002635,RXL,Blackpool Teaching Hospitals NHS Foundation Trust
E02002636,RXL,Blackpool Teaching Hospitals NHS Foundation Trust
E02002637,RXL,Blackpool Teaching Hospitals NHS Foundation Trust
E02002638,RXL,Blackpool Teaching Hospitals NHS Foundation Trust
E02002639,RXL,Blackpool Teaching Hospitals NHS Foundation Trust
E02002640,RXL,Blackpool Teaching Hospitals NHS Foundation Trust
E02002641,RXL,Blackpool Teaching Hospitals NHS Foundation Trust
E02002642,RXL,Blackpool Teaching Hospitals NHS Foundation Trust
E02002643,RXL,Blackpool Teaching Hospitals NHS Foundation Trust
E02002644,RXL,Blackpool Teaching Hospitals NHS Foundation Trust
E02002645,RXL,Blackpool Teaching Hospitals NHS Foundation Trust
E02002646,RXL,Blackpool Teaching Hospitals NHS Foundation Trust
E02002647,RXL,Blackpool Teaching Hospitals NHS Foundation Trust
E02002648,RXL,Blackpool Teaching Hospitals NHS Foundation Trust
E02002649,RXL,Blackpool Teaching Hospitals NHS Foundation Trust
E02002650,RXL,Blackpool Teaching Hospitals NHS Foundation Trust
E02002651,RXL,Blackpool Teaching Hospitals NHS Foundation Trust
E02005203,RXL,Blackpool Teaching Hospitals NHS Foundation Trust
E02005204,RXL,Blackpool Teaching Hospitals NHS Foundation Trust
E02005205,RXL,Blackpool Teaching Hospitals NHS Foundation Trust
E02005206,RXL,Blackpool Teaching Hospitals NHS Foundation Trust
E02005207,RXL,Blackpool Teaching Hospitals NHS Foundation Trust
E02005208,RXL,Blackpool Teaching Hospitals NHS Foundation Trust
E02005209,RXL,Blackpool Teaching Hospitals NHS Foundation Trust
E02005210,RXL,Blackpool Teaching Hospitals NHS Foundation Trust
E02005211,RXL,Blackpool Teaching Hospitals NHS Foundation Trust
E02005319,RXL,Blackpool Teaching Hospitals NHS Foundation Trust
E02005320,RXL,Blackpool Teaching Hospitals NHS Foundation Trust
E02005321,RXL,Blackpool Teaching Hospitals NHS Foundation Trust
E02005322,RXL,Blackpool Teaching Hospitals NHS Foundation Trust
E02005323,RXL,Blackpool Teaching Hospitals NHS Foundation Trust
E02005326,RXL,Blackpool Teaching Hospitals NHS Foundation Trust
E02005327,RXL,Blackpool Teaching Hospitals NHS Foundation Trust
E02005328,RXL,Blackpool Teaching Hospitals NHS Foundation Trust
E02005329,RXL,Blackpool Teaching Hospitals NHS Foundation Trust
E02005330,RXL,Blackpool Teaching Hospitals NHS Foundation Trust
E02005331,RXL,Blackpool Teaching Hospitals NHS Foundation Trust
E02005332,RXL,Blackpool Teaching Hospitals NHS Foundation Trust
E02005189,RXN,Lancashire Teaching Hospitals NHS Foundation Trust
E02005190,RXN,Lancashire Teaching Hospitals NHS Foundation Trust
E02005191,RXN,Lancashire Teaching Hospitals NHS Foundation Trust
E02005192,RXN,Lancashire Teaching Hospitals NHS Foundation Trust
E02005193,RXN,Lancashire Teaching Hospitals NHS Foundation Trust
E02005194,RXN,Lancashire Teaching Hospitals NHS Foundation Trust
E02005195,RXN,Lancashire Teaching Hospitals NHS Foundation Trust
E02005196,RXN,Lancashire Teaching Hospitals NHS Foundation Trust
E02005197,RXN,Lancashire Teaching Hospitals NHS Foundation Trust
E02005198,RXN,Lancashire Teaching Hospitals NHS Foundation Trust
E02005199,RXN,Lancashire Teaching Hospitals NHS Foundation Trust
E02005200,RXN,Lancashire Teaching Hospitals NHS Foundation Trust
E02005201,RXN,Lancashire Teaching Hospitals NHS Foundation Trust
E02005202,RXN,Lancashire Teaching Hospitals NHS Foundation Trust
E02005253,RXN,Lancashire Teaching Hospitals NHS Foundation Trust
E02005254,RXN,Lancashire Teaching Hospitals NHS Foundation Trust
E02005255,RXN,Lancashire Teaching Hospitals NHS Foundation Trust
E02005256,RXN,Lancashire Teaching Hospitals NHS Foundation Trust
E02005257,RXN,Lancashire Teaching Hospitals NHS Foundation Trust
E02005258,RXN,Lancashire Teaching Hospitals NHS Foundation Trust
E02005259,RXN,Lancashire Teaching Hospitals NHS Foundation Trust
E02005260,RXN,Lancashire Teaching Hospitals NHS Foundation Trust
E02005261,RXN,Lancashire Teaching Hospitals NHS Foundation Trust
E02005262,RXN,Lancashire Teaching Hospitals NHS Foundation Trust
E02005263,RXN,Lancashire Teaching Hospitals NHS Foundation Trust
E02005264,RXN,Lancashire Teaching Hospitals NHS Foundation Trust
E02005265,RXN,Lancashire Teaching Hospitals NHS Foundation Trust
E02005266,RXN,Lancashire Teaching Hospitals NHS Foundation Trust
E02005267,RXN,Lancashire Teaching Hospitals NHS Foundation Trust
E02005268,RXN,Lancashire Teaching Hospitals NHS Foundation Trust
E02005269,RXN,Lancashire Teaching Hospitals NHS Foundation Trust
E02005273,RXN,Lancashire Teaching Hospitals NHS Foundation Trust
E02005275,RXN,Lancashire Teaching Hospitals NHS Foundation Trust
E02005287,RXN,Lancashire Teaching Hospitals NHS Foundation Trust
E02005288,RXN,Lancashire Teaching Hospitals NHS Foundation Trust
E02005289,RXN,Lancashire Teaching Hospitals NHS Foundation Trust
E02005290,RXN,Lancashire Teaching Hospitals NHS Foundation Trust
E02005291,RXN,Lancashire Teaching Hospitals NHS Foundation Trust
E02005292,RXN,Lancashire Teaching Hospitals NHS Foundation Trust
E02005293,RXN,Lancashire Teaching Hospitals NHS Foundation Trust
E02005294,RXN,Lancashire Teaching Hospitals NHS Foundation Trust
E02005295,RXN,Lancashire Teaching Hospitals NHS Foundation Trust
E02005296,RXN,Lancashire Teaching Hospitals NHS Foundation Trust
E02005297,RXN,Lancashire Teaching Hospitals NHS Foundation Trust
E02005298,RXN,Lancashire Teaching Hospitals NHS Foundation Trust
E02005299,RXN,Lancashire Teaching Hospitals NHS Foundation Trust
E02005300,RXN,Lancashire Teaching Hospitals NHS Foundation Trust
E02005301,RXN,Lancashire Teaching Hospitals NHS Foundation Trust
E02005302,RXN,Lancashire Teaching Hospitals NHS Foundation Trust
E02005303,RXN,Lancashire Teaching Hospitals NHS Foundation Trust
E02002559,RXP,County Durham and Darlington NHS Foundation Trust
E02002560,RXP,County Durham and Darlington NHS Foundation Trust
E02002561,RXP,County Durham and Darlington NHS Foundation Trust
E02002562,RXP,County Durham and Darlington NHS Foundation Trust
E02002563,RXP,County Durham and Darlington NHS Foundation Trust
E02002564,RXP,County Durham and Darlington NHS Foundation Trust
E02002567,RXP,County Durham and Darlington NHS Foundation Trust
E02002568,RXP,County Durham and Darlington NHS Foundation Trust
E02002569,RXP,County Durham and Darlington NHS Foundation Trust
E02002570,RXP,County Durham and Darlington NHS Foundation Trust
E02002571,RXP,County Durham and Darlington NHS Foundation Trust
E02002572,RXP,County Durham and Darlington NHS Foundation Trust
E02002573,RXP,County Durham and Darlington NHS Foundation Trust
E02004291,RXP,County Durham and Darlington NHS Foundation Trust
E02004292,RXP,County Durham and Darlington NHS Foundation Trust
E02004293,RXP,County Durham and Darlington NHS Foundation Trust
E02004294,RXP,County Durham and Darlington NHS Foundation Trust
E02004296,RXP,County Durham and Darlington NHS Foundation Trust
E02004297,RXP,County Durham and Darlington NHS Foundation Trust
E02004298,RXP,County Durham and Darlington NHS Foundation Trust
E02004299,RXP,County Durham and Darlington NHS Foundation Trust
E02004300,RXP,County Durham and Darlington NHS Foundation Trust
E02004301,RXP,County Durham and Darlington NHS Foundation Trust
E02004302,RXP,County Durham and Darlington NHS Foundation Trust
E02004303,RXP,County Durham and Darlington NHS Foundation Trust
E02004304,RXP,County Durham and Darlington NHS Foundation Trust
E02004305,RXP,County Durham and Darlington NHS Foundation Trust
E02004306,RXP,County Durham and Darlington NHS Foundation Trust
E02004307,RXP,County Durham and Darlington NHS Foundation Trust
E02004308,RXP,County Durham and Darlington NHS Foundation Trust
E02004309,RXP,County Durham and Darlington NHS Foundation Trust
E02004310,RXP,County Durham and Darlington NHS Foundation Trust
E02004311,RXP,County Durham and Darlington NHS Foundation Trust
E02004312,RXP,County Durham and Darlington NHS Foundation Trust
E02004313,RXP,County Durham and Darlington NHS Foundation Trust
E02004314,RXP,County Durham and Darlington NHS Foundation Trust
E02004315,RXP,County Durham and Darlington NHS Foundation Trust
E02004316,RXP,County Durham and Darlington NHS Foundation Trust
E02004317,RXP,County Durham and Darlington NHS Foundation Trust
E02004318,RXP,County Durham and Darlington NHS Foundation Trust
E02004319,RXP,County Durham and Darlington NHS Foundation Trust
E02004331,RXP,County Durham and Darlington NHS Foundation Trust
E02004333,RXP,County Durham and Darlington NHS Foundation Trust
E02004335,RXP,County Durham and Darlington NHS Foundation Trust
E02004336,RXP,County Durham and Darlington NHS Foundation Trust
E02004337,RXP,County Durham and Darlington NHS Foundation Trust
E02004338,RXP,County Durham and Darlington NHS Foundation Trust
E02004340,RXP,County Durham and Darlington NHS Foundation Trust
E02004341,RXP,County Durham and Darlington NHS Foundation Trust
E02004342,RXP,County Durham and Darlington NHS Foundation Trust
E02004343,RXP,County Durham and Darlington NHS Foundation Trust
E02004344,RXP,County Durham and Darlington NHS Foundation Trust
E02004345,RXP,County Durham and Darlington NHS Foundation Trust
E02004348,RXP,County Durham and Darlington NHS Foundation Trust
E02004349,RXP,County Durham and Darlington NHS Foundation Trust
E02004350,RXP,County Durham and Darlington NHS Foundation Trust
E02004351,RXP,County Durham and Darlington NHS Foundation Trust
E02004352,RXP,County Durham and Darlington NHS Foundation Trust
E02004353,RXP,County Durham and Darlington NHS Foundation Trust
E02004354,RXP,County Durham and Darlington NHS Foundation Trust
E02004355,RXP,County Durham and Darlington NHS Foundation Trust
E02007022,RXP,County Durham and Darlington NHS Foundation Trust
E02007058,RXP,County Durham and Darlington NHS Foundation Trust
E02003655,RXQ,Buckinghamshire Healthcare NHS Trust
E02003656,RXQ,Buckinghamshire Healthcare NHS Trust
E02003658,RXQ,Buckinghamshire Healthcare NHS Trust
E02003659,RXQ,Buckinghamshire Healthcare NHS Trust
E02003660,RXQ,Buckinghamshire Healthcare NHS Trust
E02003661,RXQ,Buckinghamshire Healthcare NHS Trust
E02003662,RXQ,Buckinghamshire Healthcare NHS Trust
E02003663,RXQ,Buckinghamshire Healthcare NHS Trust
E02003664,RXQ,Buckinghamshire Healthcare NHS Trust
E02003665,RXQ,Buckinghamshire Healthcare NHS Trust
E02003666,RXQ,Buckinghamshire Healthcare NHS Trust
E02003667,RXQ,Buckinghamshire Healthcare NHS Trust
E02003668,RXQ,Buckinghamshire Healthcare NHS Trust
E02003669,RXQ,Buckinghamshire Healthcare NHS Trust
E02003670,RXQ,Buckinghamshire Healthcare NHS Trust
E02003671,RXQ,Buckinghamshire Healthcare NHS Trust
E02003672,RXQ,Buckinghamshire Healthcare NHS Trust
E02003673,RXQ,Buckinghamshire Healthcare NHS Trust
E02003674,RXQ,Buckinghamshire Healthcare NHS Trust
E02003675,RXQ,Buckinghamshire Healthcare NHS Trust
E02003676,RXQ,Buckinghamshire Healthcare NHS Trust
E02003677,RXQ,Buckinghamshire Healthcare NHS Trust
E02003678,RXQ,Buckinghamshire Healthcare NHS Trust
E02003679,RXQ,Buckinghamshire Healthcare NHS Trust
E02003680,RXQ,Buckinghamshire Healthcare NHS Trust
E02003681,RXQ,Buckinghamshire Healthcare NHS Trust
E02003682,RXQ,Buckinghamshire Healthcare NHS Trust
E02003683,RXQ,Buckinghamshire Healthcare NHS Trust
E02003685,RXQ,Buckinghamshire Healthcare NHS Trust
E02003686,RXQ,Buckinghamshire Healthcare NHS Trust
E02003687,RXQ,Buckinghamshire Healthcare NHS Trust
E02003688,RXQ,Buckinghamshire Healthcare NHS Trust
E02003689,RXQ,Buckinghamshire Healthcare NHS Trust
E02003696,RXQ,Buckinghamshire Healthcare NHS Trust
E02003697,RXQ,Buckinghamshire Healthcare NHS Trust
E02003698,RXQ,Buckinghamshire Healthcare NHS Trust
E02003699,RXQ,Buckinghamshire Healthcare NHS Trust
E02003701,RXQ,Buckinghamshire Healthcare NHS Trust
E02003702,RXQ,Buckinghamshire Healthcare NHS Trust
E02003703,RXQ,Buckinghamshire Healthcare NHS Trust
E02003704,RXQ,Buckinghamshire Healthcare NHS Trust
E02003705,RXQ,Buckinghamshire Healthcare NHS Trust
E02003706,RXQ,Buckinghamshire Healthcare NHS Trust
E02003707,RXQ,Buckinghamshire Healthcare NHS Trust
E02003708,RXQ,Buckinghamshire Healthcare NHS Trust
E02003709,RXQ,Buckinghamshire Healthcare NHS Trust
E02003710,RXQ,Buckinghamshire Healthcare NHS Trust
E02003711,RXQ,Buckinghamshire Healthcare NHS Trust
E02003712,RXQ,Buckinghamshire Healthcare NHS Trust
E02003713,RXQ,Buckinghamshire Healthcare NHS Trust
E02003714,RXQ,Buckinghamshire Healthcare NHS Trust
E02003715,RXQ,Buckinghamshire Healthcare NHS Trust
E02003716,RXQ,Buckinghamshire Healthcare NHS Trust
E02003717,RXQ,Buckinghamshire Healthcare NHS Trust
E02003718,RXQ,Buckinghamshire Healthcare NHS Trust
E02004857,RXQ,Buckinghamshire Healthcare NHS Trust
E02004858,RXQ,Buckinghamshire Healthcare NHS Trust
E02004859,RXQ,Buckinghamshire Healthcare NHS Trust
E02005962,RXQ,Buckinghamshire Healthcare NHS Trust
E02006823,RXQ,Buckinghamshire Healthcare NHS Trust
E02006824,RXQ,Buckinghamshire Healthcare NHS Trust
E02002615,RXR,East Lancashire Hospitals NHS Trust
E02002616,RXR,East Lancashire Hospitals NHS Trust
E02002617,RXR,East Lancashire Hospitals NHS Trust
E02002618,RXR,East Lancashire Hospitals NHS Trust
E02002619,RXR,East Lancashire Hospitals NHS Trust
E02002620,RXR,East Lancashire Hospitals NHS Trust
E02002621,RXR,East Lancashire Hospitals NHS Trust
E02002622,RXR,East Lancashire Hospitals NHS Trust
E02002623,RXR,East Lancashire Hospitals NHS Trust
E02002624,RXR,East Lancashire Hospitals NHS Trust
E02002625,RXR,East Lancashire Hospitals NHS Trust
E02002626,RXR,East Lancashire Hospitals NHS Trust
E02002627,RXR,East Lancashire Hospitals NHS Trust
E02002628,RXR,East Lancashire Hospitals NHS Trust
E02002629,RXR,East Lancashire Hospitals NHS Trust
E02002630,RXR,East Lancashire Hospitals NHS Trust
E02002631,RXR,East Lancashire Hospitals NHS Trust
E02002632,RXR,East Lancashire Hospitals NHS Trust
E02005176,RXR,East Lancashire Hospitals NHS Trust
E02005177,RXR,East Lancashire Hospitals NHS Trust
E02005178,RXR,East Lancashire Hospitals NHS Trust
E02005179,RXR,East Lancashire Hospitals NHS Trust
E02005180,RXR,East Lancashire Hospitals NHS Trust
E02005181,RXR,East Lancashire Hospitals NHS Trust
E02005182,RXR,East Lancashire Hospitals NHS Trust
E02005183,RXR,East Lancashire Hospitals NHS Trust
E02005184,RXR,East Lancashire Hospitals NHS Trust
E02005185,RXR,East Lancashire Hospitals NHS Trust
E02005186,RXR,East Lancashire Hospitals NHS Trust
E02005212,RXR,East Lancashire Hospitals NHS Trust
E02005213,RXR,East Lancashire Hospitals NHS Trust
E02005214,RXR,East Lancashire Hospitals NHS Trust
E02005215,RXR,East Lancashire Hospitals NHS Trust
E02005216,RXR,East Lancashire Hospitals NHS Trust
E02005217,RXR,East Lancashire Hospitals NHS Trust
E02005218,RXR,East Lancashire Hospitals NHS Trust
E02005219,RXR,East Lancashire Hospitals NHS Trust
E02005220,RXR,East Lancashire Hospitals NHS Trust
E02005245,RXR,East Lancashire Hospitals NHS Trust
E02005246,RXR,East Lancashire Hospitals NHS Trust
E02005247,RXR,East Lancashire Hospitals NHS Trust
E02005248,RXR,East Lancashire Hospitals NHS Trust
E02005249,RXR,East Lancashire Hospitals NHS Trust
E02005250,RXR,East Lancashire Hospitals NHS Trust
E02005251,RXR,East Lancashire Hospitals NHS Trust
E02005252,RXR,East Lancashire Hospitals NHS Trust
E02005270,RXR,East Lancashire Hospitals NHS Trust
E02005271,RXR,East Lancashire Hospitals NHS Trust
E02005272,RXR,East Lancashire Hospitals NHS Trust
E02005274,RXR,East Lancashire Hospitals NHS Trust
E02005276,RXR,East Lancashire Hospitals NHS Trust
E02005277,RXR,East Lancashire Hospitals NHS Trust
E02005278,RXR,East Lancashire Hospitals NHS Trust
E02005279,RXR,East Lancashire Hospitals NHS Trust
E02005280,RXR,East Lancashire Hospitals NHS Trust
E02005281,RXR,East Lancashire Hospitals NHS Trust
E02005284,RXR,East Lancashire Hospitals NHS Trust
E02005285,RXR,East Lancashire Hospitals NHS Trust
E02006881,RXR,East Lancashire Hospitals NHS Trust
E02006884,RXR,East Lancashire Hospitals NHS Trust
E02007003,RXR,East Lancashire Hospitals NHS Trust
E02002928,RXW,The Shrewsbury and Telford Hospital NHS Trust
E02002929,RXW,The Shrewsbury and Telford Hospital NHS Trust
E02002930,RXW,The Shrewsbury and Telford Hospital NHS Trust
E02002931,RXW,The Shrewsbury and Telford Hospital NHS Trust
E02002932,RXW,The Shrewsbury and Telford Hospital NHS Trust
E02002933,RXW,The Shrewsbury and Telford Hospital NHS Trust
E02002934,RXW,The Shrewsbury and Telford Hospital NHS Trust
E02002935,RXW,The Shrewsbury and Telford Hospital NHS Trust
E02002936,RXW,The Shrewsbury and Telford Hospital NHS Trust
E02002937,RXW,The Shrewsbury and Telford Hospital NHS Trust
E02002938,RXW,The Shrewsbury and Telford Hospital NHS Trust
E02002939,RXW,The Shrewsbury and Telford Hospital NHS Trust
E02002940,RXW,The Shrewsbury and Telford Hospital NHS Trust
E02002941,RXW,The Shrewsbury and Telford Hospital NHS Trust
E02002942,RXW,The Shrewsbury and Telford Hospital NHS Trust
E02002944,RXW,The Shrewsbury and Telford Hospital NHS Trust
E02002945,RXW,The Shrewsbury and Telford Hospital NHS Trust
E02002946,RXW,The Shrewsbury and Telford Hospital NHS Trust
E02002947,RXW,The Shrewsbury and Telford Hospital NHS Trust
E02002948,RXW,The Shrewsbury and Telford Hospital NHS Trust
E02002949,RXW,The Shrewsbury and Telford Hospital NHS Trust
E02002950,RXW,The Shrewsbury and Telford Hospital NHS Trust
E02006008,RXW,The Shrewsbury and Telford Hospital NHS Trust
E02006009,RXW,The Shrewsbury and Telford Hospital NHS Trust
E02006010,RXW,The Shrewsbury and Telford Hospital NHS Trust
E02006011,RXW,The Shrewsbury and Telford Hospital NHS Trust
E02006012,RXW,The Shrewsbury and Telford Hospital NHS Trust
E02006013,RXW,The Shrewsbury and Telford Hospital NHS Trust
E02006014,RXW,The Shrewsbury and Telford Hospital NHS Trust
E02006015,RXW,The Shrewsbury and Telford Hospital NHS Trust
E02006016,RXW,The Shrewsbury and Telford Hospital NHS Trust
E02006017,RXW,The Shrewsbury and Telford Hospital NHS Trust
E02006018,RXW,The Shrewsbury and Telford Hospital NHS Trust
E02006019,RXW,The Shrewsbury and Telford Hospital NHS Trust
E02006020,RXW,The Shrewsbury and Telford Hospital NHS Trust
E02006021,RXW,The Shrewsbury and Telford Hospital NHS Trust
E02006022,RXW,The Shrewsbury and Telford Hospital NHS Trust
E02006023,RXW,The Shrewsbury and Telford Hospital NHS Trust
E02006024,RXW,The Shrewsbury and Telford Hospital NHS Trust
E02006025,RXW,The Shrewsbury and Telford Hospital NHS Trust
E02006026,RXW,The Shrewsbury and Telford Hospital NHS Trust
E02006027,RXW,The Shrewsbury and Telford Hospital NHS Trust
E02006028,RXW,The Shrewsbury and Telford Hospital NHS Trust
E02006029,RXW,The Shrewsbury and Telford Hospital NHS Trust
E02006030,RXW,The Shrewsbury and Telford Hospital NHS Trust
E02006031,RXW,The Shrewsbury and Telford Hospital NHS Trust
E02006032,RXW,The Shrewsbury and Telford Hospital NHS Trust
E02006033,RXW,The Shrewsbury and Telford Hospital NHS Trust
E02006034,RXW,The Shrewsbury and Telford Hospital NHS Trust
E02006035,RXW,The Shrewsbury and Telford Hospital NHS Trust
E02006036,RXW,The Shrewsbury and Telford Hospital NHS Trust
E02006037,RXW,The Shrewsbury and Telford Hospital NHS Trust
E02006038,RXW,The Shrewsbury and Telford Hospital NHS Trust
E02006039,RXW,The Shrewsbury and Telford Hospital NHS Trust
E02006040,RXW,The Shrewsbury and Telford Hospital NHS Trust
E02006041,RXW,The Shrewsbury and Telford Hospital NHS Trust
E02006042,RXW,The Shrewsbury and Telford Hospital NHS Trust
E02006043,RXW,The Shrewsbury and Telford Hospital NHS Trust
E02006044,RXW,The Shrewsbury and Telford Hospital NHS Trust
E02006045,RXW,The Shrewsbury and Telford Hospital NHS Trust
E02007050,RXW,The Shrewsbury and Telford Hospital NHS Trust
E02007051,RXW,The Shrewsbury and Telford Hospital NHS Trust
E02000107,RYJ,Imperial College Healthcare NHS Trust
E02000110,RYJ,Imperial College Healthcare NHS Trust
E02000114,RYJ,Imperial College Healthcare NHS Trust
E02000115,RYJ,Imperial College Healthcare NHS Trust
E02000116,RYJ,Imperial College Healthcare NHS Trust
E02000120,RYJ,Imperial College Healthcare NHS Trust
E02000122,RYJ,Imperial College Healthcare NHS Trust
E02000123,RYJ,Imperial College Healthcare NHS Trust
E02000124,RYJ,Imperial College Healthcare NHS Trust
E02000125,RYJ,Imperial College Healthcare NHS Trust
E02000126,RYJ,Imperial College Healthcare NHS Trust
E02000250,RYJ,Imperial College Healthcare NHS Trust
E02000252,RYJ,Imperial College Healthcare NHS Trust
E02000256,RYJ,Imperial College Healthcare NHS Trust
E02000258,RYJ,Imperial College Healthcare NHS Trust
E02000261,RYJ,Imperial College Healthcare NHS Trust
E02000262,RYJ,Imperial College Healthcare NHS Trust
E02000264,RYJ,Imperial College Healthcare NHS Trust
E02000268,RYJ,Imperial College Healthcare NHS Trust
E02000269,RYJ,Imperial College Healthcare NHS Trust
E02000270,RYJ,Imperial College Healthcare NHS Trust
E02000271,RYJ,Imperial College Healthcare NHS Trust
E02000276,RYJ,Imperial College Healthcare NHS Trust
E02000372,RYJ,Imperial College Healthcare NHS Trust
E02000373,RYJ,Imperial College Healthcare NHS Trust
E02000374,RYJ,Imperial College Healthcare NHS Trust
E02000375,RYJ,Imperial College Healthcare NHS Trust
E02000376,RYJ,Imperial College Healthcare NHS Trust
E02000377,RYJ,Imperial College Healthcare NHS Trust
E02000378,RYJ,Imperial College Healthcare NHS Trust
E02000379,RYJ,Imperial College Healthcare NHS Trust
E02000380,RYJ,Imperial College Healthcare NHS Trust
E02000381,RYJ,Imperial College Healthcare NHS Trust
E02000382,RYJ,Imperial College Healthcare NHS Trust
E02000383,RYJ,Imperial College Healthcare NHS Trust
E02000384,RYJ,Imperial College Healthcare NHS Trust
E02000385,RYJ,Imperial College Healthcare NHS Trust
E02000386,RYJ,Imperial College Healthcare NHS Trust
E02000387,RYJ,Imperial College Healthcare NHS Trust
E02000389,RYJ,Imperial College Healthcare NHS Trust
E02000390,RYJ,Imperial College Healthcare NHS Trust
E02000393,RYJ,Imperial College Healthcare NHS Trust
E02000526,RYJ,Imperial College Healthcare NHS Trust
E02000532,RYJ,Imperial College Healthcare NHS Trust
E02000533,RYJ,Imperial College Healthcare NHS Trust
E02000577,RYJ,Imperial College Healthcare NHS Trust
E02000578,RYJ,Imperial College Healthcare NHS Trust
E02000579,RYJ,Imperial College Healthcare NHS Trust
E02000580,RYJ,Imperial College Healthcare NHS Trust
E02000581,RYJ,Imperial College Healthcare NHS Trust
E02000582,RYJ,Imperial College Healthcare NHS Trust
E02000583,RYJ,Imperial College Healthcare NHS Trust
E02000584,RYJ,Imperial College Healthcare NHS Trust
E02000585,RYJ,Imperial College Healthcare NHS Trust
E02000960,RYJ,Imperial College Healthcare NHS Trust
E02000961,RYJ,Imperial College Healthcare NHS Trust
E02000962,RYJ,Imperial College Healthcare NHS Trust
E02000963,RYJ,Imperial College Healthcare NHS Trust
E02000964,RYJ,Imperial College Healthcare NHS Trust
E02000965,RYJ,Imperial College Healthcare NHS Trust
E02000966,RYJ,Imperial College Healthcare NHS Trust
E02000967,RYJ,Imperial College Healthcare NHS Trust
E02000968,RYJ,Imperial College Healthcare NHS Trust
E02000969,RYJ,Imperial College Healthcare NHS Trust
E02000971,RYJ,Imperial College Healthcare NHS Trust
E02000973,RYJ,Imperial College Healthcare NHS Trust
E02000974,RYJ,Imperial College Healthcare NHS Trust
E02000975,RYJ,Imperial College Healthcare NHS Trust
E02000976,RYJ,Imperial College Healthcare NHS Trust
E02006791,RYJ,Imperial College Healthcare NHS Trust
E02006792,RYJ,Imperial College Healthcare NHS Trust
E02006968,RYJ,Imperial College Healthcare NHS Trust
E02006969,RYJ,Imperial College Healthcare NHS Trust
E02003491,RYR,University Hospitals Sussex NHS Foundation Trust
E02003492,RYR,University Hospitals Sussex NHS Foundation Trust
E02003493,RYR,University Hospitals Sussex NHS Foundation Trust
E02003494,RYR,University Hospitals Sussex NHS Foundation Trust
E02003495,RYR,University Hospitals Sussex NHS Foundation Trust
E02003496,RYR,University Hospitals Sussex NHS Foundation Trust
E02003497,RYR,University Hospitals Sussex NHS Foundation Trust
E02003498,RYR,University Hospitals Sussex NHS Foundation Trust
E02003499,RYR,University Hospitals Sussex NHS Foundation Trust
E02003500,RYR,University Hospitals Sussex NHS Foundation Trust
E02003501,RYR,University Hospitals Sussex NHS Foundation Trust
E02003502,RYR,University Hospitals Sussex NHS Foundation Trust
E02003503,RYR,University Hospitals Sussex NHS Foundation Trust
E02003504,RYR,University Hospitals Sussex NHS Foundation Trust
E02003505,RYR,University Hospitals Sussex NHS Foundation Trust
E02003506,RYR,University Hospitals Sussex NHS Foundation Trust
E02003507,RYR,University Hospitals Sussex NHS Foundation Trust
E02003508,RYR,University Hospitals Sussex NHS Foundation Trust
E02003509,RYR,University Hospitals Sussex NHS Foundation Trust
E02003510,RYR,University Hospitals Sussex NHS Foundation Trust
E02003511,RYR,University Hospitals Sussex NHS Foundation Trust
E02003512,RYR,University Hospitals Sussex NHS Foundation Trust
E02003513,RYR,University Hospitals Sussex NHS Foundation Trust
E02003514,RYR,University Hospitals Sussex NHS Foundation Trust
E02003515,RYR,University Hospitals Sussex NHS Foundation Trust
E02003516,RYR,University Hospitals Sussex NHS Foundation Trust
E02003517,RYR,University Hospitals Sussex NHS Foundation Trust
E02003518,RYR,University Hospitals Sussex NHS Foundation Trust
E02003519,RYR,University Hospitals Sussex NHS Foundation Trust
E02003520,RYR,University Hospitals Sussex NHS Foundation Trust
E02003521,RYR,University Hospitals Sussex NHS Foundation Trust
E02003522,RYR,University Hospitals Sussex NHS Foundation Trust
E02003523,RYR,University Hospitals Sussex NHS Foundation Trust
E02004379,RYR,University Hospitals Sussex NHS Foundation Trust
E02004380,RYR,University Hospitals Sussex NHS Foundation Trust
E02004381,RYR,University Hospitals Sussex NHS Foundation Trust
E02004382,RYR,University Hospitals Sussex NHS Foundation Trust
E02004383,RYR,University Hospitals Sussex NHS Foundation Trust
E02004384,RYR,University Hospitals Sussex NHS Foundation Trust
E02004385,RYR,University Hospitals Sussex NHS Foundation Trust
E02004386,RYR,University Hospitals Sussex NHS Foundation Trust
E02004387,RYR,University Hospitals Sussex NHS Foundation Trust
E02004388,RYR,University Hospitals Sussex NHS Foundation Trust
E02004409,RYR,University Hospitals Sussex NHS Foundation Trust
E02004411,RYR,University Hospitals Sussex NHS Foundation Trust
E02004414,RYR,University Hospitals Sussex NHS Foundation Trust
E02004415,RYR,University Hospitals Sussex NHS Foundation Trust
E02006534,RYR,University Hospitals Sussex NHS Foundation Trust
E02006535,RYR,University Hospitals Sussex NHS Foundation Trust
E02006536,RYR,University Hospitals Sussex NHS Foundation Trust
E02006537,RYR,University Hospitals Sussex NHS Foundation Trust
E02006538,RYR,University Hospitals Sussex NHS Foundation Trust
E02006539,RYR,University Hospitals Sussex NHS Foundation Trust
E02006540,RYR,University Hospitals Sussex NHS Foundation Trust
E02006541,RYR,University Hospitals Sussex NHS Foundation Trust
E02006542,RYR,University Hospitals Sussex NHS Foundation Trust
E02006543,RYR,University Hospitals Sussex NHS Foundation Trust
E02006544,RYR,University Hospitals Sussex NHS Foundation Trust
E02006545,RYR,University Hospitals Sussex NHS Foundation Trust
E02006546,RYR,University Hospitals Sussex NHS Foundation Trust
E02006547,RYR,University Hospitals Sussex NHS Foundation Trust
E02006548,RYR,University Hospitals Sussex NHS Foundation Trust
E02006549,RYR,University Hospitals Sussex NHS Foundation Trust
E02006550,RYR,University Hospitals Sussex NHS Foundation Trust
E02006551,RYR,University Hospitals Sussex NHS Foundation Trust
E02006552,RYR,University Hospitals Sussex NHS Foundation Trust
E02006553,RYR,University Hospitals Sussex NHS Foundation Trust
E02006554,RYR,University Hospitals Sussex NHS Foundation Trust
E02006555,RYR,University Hospitals Sussex NHS Foundation Trust
E02006556,RYR,University Hospitals Sussex NHS Foundation Trust
E02006557,RYR,University Hospitals Sussex NHS Foundation Trust
E02006558,RYR,University Hospitals Sussex NHS Foundation Trust
E02006559,RYR,University Hospitals Sussex NHS Foundation Trust
E02006560,RYR,University Hospitals Sussex NHS Foundation Trust
E02006563,RYR,University Hospitals Sussex NHS Foundation Trust
E02006564,RYR,University Hospitals Sussex NHS Foundation Trust
E02006565,RYR,University Hospitals Sussex NHS Foundation Trust
E02006566,RYR,University Hospitals Sussex NHS Foundation Trust
E02006567,RYR,University Hospitals Sussex NHS Foundation Trust
E02006568,RYR,University Hospitals Sussex NHS Foundation Trust
E02006569,RYR,University Hospitals Sussex NHS Foundation Trust
E02006570,RYR,University Hospitals Sussex NHS Foundation Trust
E02006571,RYR,University Hospitals Sussex NHS Foundation Trust
E02006572,RYR,University Hospitals Sussex NHS Foundation Trust
E02006573,RYR,University Hospitals Sussex NHS Foundation Trust
E02006574,RYR,University Hospitals Sussex NHS Foundation Trust
E02006597,RYR,University Hospitals Sussex NHS Foundation Trust
E02006598,RYR,University Hospitals Sussex NHS Foundation Trust
E02006599,RYR,University Hospitals Sussex NHS Foundation Trust
E02006600,RYR,University Hospitals Sussex NHS Foundation Trust
E02006601,RYR,University Hospitals Sussex NHS Foundation Trust
E02006602,RYR,University Hospitals Sussex NHS Foundation Trust
E02006603,RYR,University Hospitals Sussex NHS Foundation Trust
E02006609,RYR,University Hospitals Sussex NHS Foundation Trust
E02006610,RYR,University Hospitals Sussex NHS Foundation Trust
E02006611,RYR,University Hospitals Sussex NHS Foundation Trust
E02006612,RYR,University Hospitals Sussex NHS Foundation Trust
E02006613,RYR,University Hospitals Sussex NHS Foundation Trust
E02006614,RYR,University Hospitals Sussex NHS Foundation Trust
E02006615,RYR,University Hospitals Sussex NHS Foundation Trust
E02006616,RYR,University Hospitals Sussex NHS Foundation Trust
E02006617,RYR,University Hospitals Sussex NHS Foundation Trust
E02006618,RYR,University Hospitals Sussex NHS Foundation Trust
E02006619,RYR,University Hospitals Sussex NHS Foundation Trust
E02006620,RYR,University Hospitals Sussex NHS Foundation Trust
E02006621,RYR,University Hospitals Sussex NHS Foundation Trust
E02006622,RYR,University Hospitals Sussex NHS Foundation Trust
E02006623,RYR,University Hospitals Sussex NHS Foundation Trust
E02006624,RYR,University Hospitals Sussex NHS Foundation Trust
E02006625,RYR,University Hospitals Sussex NHS Foundation Trust
E02006626,RYR,University Hospitals Sussex NHS Foundation Trust
E02006627,RYR,University Hospitals Sussex NHS Foundation Trust
E02006628,RYR,University Hospitals Sussex NHS Foundation Trust
E02006629,RYR,University Hospitals Sussex NHS Foundation Trust
E02006630,RYR,University Hospitals Sussex NHS Foundation Trust
E02006631,RYR,University Hospitals Sussex NHS Foundation Trust
E02006632,RYR,University Hospitals Sussex NHS Foundation Trust
E02006633,RYR,University Hospitals Sussex NHS Foundation Trust
